"target","R","n","coefficient","method","reps","valid_reps","coverage","miss_below","miss_above","mean_length","median_length","mean_estimate","bias","sd_estimate","mean_se","mean_skew_if"
0.5,2,10,"Brennan-Prediger","arcsine",300,300,0.793333333333333,0.00333333333333333,0.203333333333333,1.03562508020873,1.11483827071969,0.499833333333333,-0.000166666666666648,0.310342844543612,0.259868357860038,-1.70912322705827
0.5,2,10,"Brennan-Prediger","basic",300,300,0.793333333333333,0.00333333333333333,0.203333333333333,1.17572613423538,1.18863611721397,0.499833333333333,-0.000166666666666648,0.310342844543612,0.259868357860038,-1.70912322705827
0.5,2,10,"Brennan-Prediger","cf_if",300,298,0.748322147651007,0.00335570469798658,0.248322147651007,1.02550192374612,1.0520006011848,0.499833333333333,-0.000166666666666648,0.310342844543612,0.259868357860038,-1.70912322705827
0.5,2,10,"Brennan-Prediger","cf_student_minus",300,298,0.778523489932886,0.023489932885906,0.197986577181208,1.02550192374612,1.0520006011848,0.499833333333333,-0.000166666666666648,0.310342844543612,0.259868357860038,-1.70912322705827
0.5,2,10,"Brennan-Prediger","cf_student_plus",300,298,0.687919463087248,0.00335570469798658,0.308724832214765,1.02550192374612,1.0520006011848,0.499833333333333,-0.000166666666666648,0.310342844543612,0.259868357860038,-1.70912322705827
0.5,2,10,"Brennan-Prediger","fisher",300,300,0.906666666666667,0,0.0933333333333333,1.0405240978916,1.10617168508556,0.499833333333333,-0.000166666666666648,0.310342844543612,0.259868357860038,-1.70912322705827
0.5,2,20,"Brennan-Prediger","arcsine",300,300,0.92,0.00666666666666667,0.0733333333333333,0.792423262288945,0.805452726580802,0.490458333333333,-0.00954166666666667,0.211599504405779,0.198397211382241,-1.99616863155571
0.5,2,20,"Brennan-Prediger","basic",300,300,0.883333333333333,0.00333333333333333,0.113333333333333,0.83050027150112,0.84534596087142,0.490458333333333,-0.00954166666666667,0.211599504405779,0.198397211382241,-1.99616863155571
0.5,2,20,"Brennan-Prediger","cf_if",300,300,0.86,0.00666666666666667,0.133333333333333,0.777702777884744,0.791604680459716,0.490458333333333,-0.00954166666666667,0.211599504405779,0.198397211382241,-1.99616863155571
0.5,2,20,"Brennan-Prediger","cf_student_minus",300,300,0.906666666666667,0.02,0.0733333333333333,0.777702777884744,0.791604680459716,0.490458333333333,-0.00954166666666667,0.211599504405779,0.198397211382241,-1.99616863155571
0.5,2,20,"Brennan-Prediger","cf_student_plus",300,300,0.806666666666667,0.00333333333333333,0.19,0.777702777884744,0.791604680459716,0.490458333333333,-0.00954166666666667,0.211599504405779,0.198397211382241,-1.99616863155571
0.5,2,20,"Brennan-Prediger","fisher",300,300,0.94,0.00666666666666667,0.0533333333333333,0.797442229764632,0.85967704634572,0.490458333333333,-0.00954166666666667,0.211599504405779,0.198397211382241,-1.99616863155571
0.5,2,40,"Brennan-Prediger","arcsine",300,300,0.926666666666667,0.01,0.0633333333333333,0.59176808544519,0.593876600071461,0.4958125,-0.00418750000000001,0.159769447611395,0.149607413251998,-2.32817207992626
0.5,2,40,"Brennan-Prediger","basic",300,300,0.906666666666667,0.01,0.0833333333333333,0.605219112710007,0.606477523812592,0.4958125,-0.00418750000000001,0.159769447611395,0.149607413251998,-2.32817207992626
0.5,2,40,"Brennan-Prediger","cf_if",300,300,0.876666666666667,0.00666666666666667,0.116666666666667,0.586450283588233,0.587669669315621,0.4958125,-0.00418750000000001,0.159769447611395,0.149607413251998,-2.32817207992626
0.5,2,40,"Brennan-Prediger","cf_student_minus",300,300,0.913333333333333,0.0366666666666667,0.05,0.586450283588233,0.587669669315621,0.4958125,-0.00418750000000001,0.159769447611395,0.149607413251998,-2.32817207992626
0.5,2,40,"Brennan-Prediger","cf_student_plus",300,300,0.853333333333333,0,0.146666666666667,0.586450283588233,0.587669669315621,0.4958125,-0.00418750000000001,0.159769447611395,0.149607413251998,-2.32817207992626
0.5,2,40,"Brennan-Prediger","fisher",300,300,0.936666666666667,0.0133333333333333,0.05,0.59521265401045,0.603342013133479,0.4958125,-0.00418750000000001,0.159769447611395,0.149607413251998,-2.32817207992626
0.5,5,10,"Brennan-Prediger","arcsine",300,300,0.966666666666667,0.00666666666666667,0.0266666666666667,0.71329406155572,0.715147079537872,0.49595,-0.00405,0.164425667604617,0.163305606516631,-0.859957153349384
0.5,5,10,"Brennan-Prediger","basic",300,300,0.943333333333333,0.00333333333333333,0.0533333333333333,0.738845895013403,0.740056241790912,0.49595,-0.00405,0.164425667604617,0.163305606516631,-0.859957153349384
0.5,5,10,"Brennan-Prediger","cf_if",300,300,0.903333333333333,0.01,0.0866666666666667,0.640146214492132,0.641194875536437,0.49595,-0.00405,0.164425667604617,0.163305606516631,-0.859957153349384
0.5,5,10,"Brennan-Prediger","cf_student_minus",300,300,0.946666666666667,0.02,0.0333333333333333,0.640146214492132,0.641194875536437,0.49595,-0.00405,0.164425667604617,0.163305606516631,-0.859957153349384
0.5,5,10,"Brennan-Prediger","cf_student_plus",300,300,0.86,0.01,0.13,0.640146214492132,0.641194875536437,0.49595,-0.00405,0.164425667604617,0.163305606516631,-0.859957153349384
0.5,5,10,"Brennan-Prediger","fisher",300,300,0.97,0.01,0.02,0.721664044956702,0.731462089985766,0.49595,-0.00405,0.164425667604617,0.163305606516631,-0.859957153349384
0.5,5,20,"Brennan-Prediger","arcsine",300,300,0.963333333333333,0.0166666666666667,0.02,0.495942361245174,0.495263483774001,0.492433333333333,-0.00756666666666667,0.131347514075199,0.120282992891747,-1.00663346415865
0.5,5,20,"Brennan-Prediger","basic",300,300,0.953333333333333,0.01,0.0366666666666667,0.503510394917301,0.502565116289607,0.492433333333333,-0.00756666666666667,0.131347514075199,0.120282992891747,-1.00663346415865
0.5,5,20,"Brennan-Prediger","cf_if",300,300,0.916666666666667,0.0133333333333333,0.07,0.471500668041023,0.470615483725185,0.492433333333333,-0.00756666666666667,0.131347514075199,0.120282992891747,-1.00663346415865
0.5,5,20,"Brennan-Prediger","cf_student_minus",300,300,0.963333333333333,0.0233333333333333,0.0133333333333333,0.471500668041023,0.470615483725185,0.492433333333333,-0.00756666666666667,0.131347514075199,0.120282992891747,-1.00663346415865
0.5,5,20,"Brennan-Prediger","cf_student_plus",300,300,0.873333333333333,0.0133333333333333,0.113333333333333,0.471500668041023,0.470615483725185,0.492433333333333,-0.00756666666666667,0.131347514075199,0.120282992891747,-1.00663346415865
0.5,5,20,"Brennan-Prediger","fisher",300,300,0.966666666666667,0.02,0.0133333333333333,0.498538070825719,0.497956468671087,0.492433333333333,-0.00756666666666667,0.131347514075199,0.120282992891747,-1.00663346415865
0.5,5,40,"Brennan-Prediger","arcsine",300,300,0.97,0.02,0.01,0.347807664473893,0.347195078346033,0.494904166666667,-0.00509583333333335,0.0847547501118805,0.0865824769106449,-1.05655611679956
0.5,5,40,"Brennan-Prediger","basic",300,300,0.97,0.0133333333333333,0.0166666666666667,0.350259179762908,0.349552521781901,0.494904166666667,-0.00509583333333335,0.0847547501118805,0.0865824769106449,-1.05655611679956
0.5,5,40,"Brennan-Prediger","cf_if",300,300,0.95,0.0133333333333333,0.0366666666666667,0.33939707287427,0.338712329506689,0.494904166666667,-0.00509583333333335,0.0847547501118805,0.0865824769106449,-1.05655611679956
0.5,5,40,"Brennan-Prediger","cf_student_minus",300,300,0.96,0.03,0.01,0.33939707287427,0.338712329506689,0.494904166666667,-0.00509583333333335,0.0847547501118805,0.0865824769106449,-1.05655611679956
0.5,5,40,"Brennan-Prediger","cf_student_plus",300,300,0.92,0.0133333333333333,0.0666666666666667,0.33939707287427,0.338712329506689,0.494904166666667,-0.00509583333333335,0.0847547501118805,0.0865824769106449,-1.05655611679956
0.5,5,40,"Brennan-Prediger","fisher",300,300,0.97,0.0233333333333333,0.00666666666666667,0.348552701937626,0.348179099372739,0.494904166666667,-0.00509583333333335,0.0847547501118805,0.0865824769106449,-1.05655611679956
0.5,2,10,"Conger","arcsine",300,300,0.843333333333333,0.04,0.116666666666667,0.952091682150151,1.02527580206576,0.474008085676243,-0.025991914323757,0.294505807054978,0.228415004649796,-0.887637570751621
0.5,2,10,"Conger","basic",300,300,0.82,0.0333333333333333,0.146666666666667,1.03342127771824,1.09521610542592,0.474008085676243,-0.025991914323757,0.294505807054978,0.228415004649796,-0.887637570751621
0.5,2,10,"Conger","cf_if",300,298,0.768456375838926,0.0503355704697987,0.181208053691275,0.901379562366743,0.95102460063837,0.474008085676243,-0.025991914323757,0.294505807054978,0.228415004649796,-0.887637570751621
0.5,2,10,"Conger","cf_student_minus",300,298,0.812080536912752,0.0570469798657718,0.130872483221477,0.901379562366743,0.95102460063837,0.474008085676243,-0.025991914323757,0.294505807054978,0.228415004649796,-0.887637570751621
0.5,2,10,"Conger","cf_student_plus",300,298,0.721476510067114,0.0503355704697987,0.228187919463087,0.901379562366743,0.95102460063837,0.474008085676243,-0.025991914323757,0.294505807054978,0.228415004649796,-0.887637570751621
0.5,2,10,"Conger","fisher",300,300,0.863333333333333,0.0466666666666667,0.09,0.973430876170808,1.03823152490125,0.474008085676243,-0.025991914323757,0.294505807054978,0.228415004649796,-0.887637570751621
0.5,2,20,"Conger","arcsine",300,300,0.926666666666667,0.02,0.0533333333333333,0.758905132909065,0.779005986385678,0.477110641108413,-0.0228893588915869,0.21366542289956,0.188557064922736,-1.10299927058869
0.5,2,20,"Conger","basic",300,300,0.896666666666667,0.02,0.0833333333333333,0.789308945023831,0.807661634652921,0.477110641108413,-0.0228893588915869,0.21366542289956,0.188557064922736,-1.10299927058869
0.5,2,20,"Conger","cf_if",300,300,0.87,0.02,0.11,0.739130112558286,0.756316064442928,0.477110641108413,-0.0228893588915869,0.21366542289956,0.188557064922736,-1.10299927058869
0.5,2,20,"Conger","cf_student_minus",300,300,0.916666666666667,0.0233333333333333,0.06,0.739130112558286,0.756316064442928,0.477110641108413,-0.0228893588915869,0.21366542289956,0.188557064922736,-1.10299927058869
0.5,2,20,"Conger","cf_student_plus",300,300,0.836666666666667,0.02,0.143333333333333,0.739130112558286,0.756316064442928,0.477110641108413,-0.0228893588915869,0.21366542289956,0.188557064922736,-1.10299927058869
0.5,2,20,"Conger","fisher",300,300,0.94,0.0233333333333333,0.0366666666666667,0.766610255766191,0.786766375000982,0.477110641108413,-0.0228893588915869,0.21366542289956,0.188557064922736,-1.10299927058869
0.5,2,40,"Conger","arcsine",300,300,0.933333333333333,0.0166666666666667,0.05,0.574514981292287,0.587934973594137,0.483356100559628,-0.0166438994403718,0.151507402079616,0.144888233524683,-1.41422258828478
0.5,2,40,"Conger","basic",300,300,0.923333333333333,0.0166666666666667,0.06,0.586128228741084,0.599929945757401,0.483356100559628,-0.0166438994403718,0.151507402079616,0.144888233524683,-1.41422258828478
0.5,2,40,"Conger","cf_if",300,300,0.91,0.0166666666666667,0.0733333333333333,0.567951438984015,0.581325142306074,0.483356100559628,-0.0166438994403718,0.151507402079616,0.144888233524683,-1.41422258828478
0.5,2,40,"Conger","cf_student_minus",300,300,0.94,0.0166666666666667,0.0433333333333333,0.567951438984015,0.581325142306074,0.483356100559628,-0.0166438994403718,0.151507402079616,0.144888233524683,-1.41422258828478
0.5,2,40,"Conger","cf_student_plus",300,300,0.876666666666667,0.01,0.113333333333333,0.567951438984015,0.581325142306074,0.483356100559628,-0.0166438994403718,0.151507402079616,0.144888233524683,-1.41422258828478
0.5,2,40,"Conger","fisher",300,300,0.943333333333333,0.02,0.0366666666666667,0.57796558367102,0.589078612203962,0.483356100559628,-0.0166438994403718,0.151507402079616,0.144888233524683,-1.41422258828478
0.5,5,10,"Conger","arcsine",300,300,0.913333333333333,0.0666666666666667,0.02,0.644289384809799,0.643584054091219,0.478744014636668,-0.0212559853633322,0.161691011505638,0.146608300912864,0.172219362145848
0.5,5,10,"Conger","basic",300,300,0.903333333333333,0.0566666666666667,0.04,0.663302036071421,0.660137844533792,0.478744014636668,-0.0212559853633322,0.161691011505638,0.146608300912864,0.172219362145848
0.5,5,10,"Conger","cf_if",300,300,0.86,0.09,0.05,0.574693979247649,0.571952480312064,0.478744014636668,-0.0212559853633322,0.161691011505638,0.146608300912864,0.172219362145848
0.5,5,10,"Conger","cf_student_minus",300,300,0.88,0.0766666666666667,0.0433333333333333,0.574693979247649,0.571952480312064,0.478744014636668,-0.0212559853633322,0.161691011505638,0.146608300912864,0.172219362145848
0.5,5,10,"Conger","cf_student_plus",300,300,0.826666666666667,0.106666666666667,0.0666666666666667,0.574693979247649,0.571952480312064,0.478744014636668,-0.0212559853633322,0.161691011505638,0.146608300912864,0.172219362145848
0.5,5,10,"Conger","fisher",300,300,0.91,0.08,0.01,0.653616359820109,0.658824837356772,0.478744014636668,-0.0212559853633322,0.161691011505638,0.146608300912864,0.172219362145848
0.5,5,20,"Conger","arcsine",300,300,0.936666666666667,0.04,0.0233333333333333,0.457841857498427,0.459431588034099,0.486005134901831,-0.0139948650981687,0.122641619648288,0.110784156416534,0.173688709060092
0.5,5,20,"Conger","basic",300,300,0.936666666666667,0.0333333333333333,0.03,0.463747808454275,0.465798230281471,0.486005134901831,-0.0139948650981687,0.122641619648288,0.110784156416534,0.173688709060092
0.5,5,20,"Conger","cf_if",300,300,0.903333333333333,0.0533333333333333,0.0433333333333333,0.434265913268115,0.436185983381956,0.486005134901831,-0.0139948650981687,0.122641619648288,0.110784156416534,0.173688709060092
0.5,5,20,"Conger","cf_student_minus",300,300,0.94,0.0366666666666667,0.0233333333333333,0.434265913268115,0.436185983381956,0.486005134901831,-0.0139948650981687,0.122641619648288,0.110784156416534,0.173688709060092
0.5,5,20,"Conger","cf_student_plus",300,300,0.883333333333333,0.07,0.0466666666666667,0.434265913268115,0.436185983381956,0.486005134901831,-0.0139948650981687,0.122641619648288,0.110784156416534,0.173688709060092
0.5,5,20,"Conger","fisher",300,300,0.943333333333333,0.05,0.00666666666666667,0.460660749152664,0.463435487827599,0.486005134901831,-0.0139948650981687,0.122641619648288,0.110784156416534,0.173688709060092
0.5,5,40,"Conger","arcsine",300,300,0.953333333333333,0.0433333333333333,0.00333333333333333,0.329296591346046,0.328924564921941,0.486739984061067,-0.0132600159389328,0.0803085852412008,0.0819104664975464,0.285167535019662
0.5,5,40,"Conger","basic",300,300,0.953333333333333,0.0366666666666667,0.01,0.331359113681125,0.330847797923504,0.486739984061067,-0.0132600159389328,0.0803085852412008,0.0819104664975464,0.285167535019662
0.5,5,40,"Conger","cf_if",300,300,0.94,0.05,0.01,0.321083128584131,0.32058766955985,0.486739984061067,-0.0132600159389328,0.0803085852412008,0.0819104664975464,0.285167535019662
0.5,5,40,"Conger","cf_student_minus",300,300,0.966666666666667,0.0266666666666667,0.00666666666666667,0.321083128584131,0.32058766955985,0.486739984061067,-0.0132600159389328,0.0803085852412008,0.0819104664975464,0.285167535019662
0.5,5,40,"Conger","cf_student_plus",300,300,0.936666666666667,0.0533333333333333,0.01,0.321083128584131,0.32058766955985,0.486739984061067,-0.0132600159389328,0.0803085852412008,0.0819104664975464,0.285167535019662
0.5,5,40,"Conger","fisher",300,300,0.946666666666667,0.05,0.00333333333333333,0.329988346779864,0.329085969786457,0.486739984061067,-0.0132600159389328,0.0803085852412008,0.0819104664975464,0.285167535019662
0.5,2,10,"Fleiss","arcsine",300,300,0.856666666666667,0.0333333333333333,0.11,1.03678818446562,1.12656902159013,0.450568743389314,-0.0494312566106861,0.319180316854813,0.252764143297838,-0.910754018803153
0.5,2,10,"Fleiss","basic",300,300,0.826666666666667,0.03,0.143333333333333,1.14358443451951,1.21205634943183,0.450568743389314,-0.0494312566106861,0.319180316854813,0.252764143297838,-0.910754018803153
0.5,2,10,"Fleiss","cf_if",300,298,0.785234899328859,0.0402684563758389,0.174496644295302,0.997467014993725,1.05631504679124,0.450568743389314,-0.0494312566106861,0.319180316854813,0.252764143297838,-0.910754018803153
0.5,2,10,"Fleiss","cf_student_minus",300,298,0.828859060402685,0.0436241610738255,0.12751677852349,0.997467014993725,1.05631504679124,0.450568743389314,-0.0494312566106861,0.319180316854813,0.252764143297838,-0.910754018803153
0.5,2,10,"Fleiss","cf_student_plus",300,298,0.741610738255034,0.0436241610738255,0.214765100671141,0.997467014993725,1.05631504679124,0.450568743389314,-0.0494312566106861,0.319180316854813,0.252764143297838,-0.910754018803153
0.5,2,10,"Fleiss","fisher",300,300,0.876666666666667,0.0333333333333333,0.09,1.04947096541393,1.1347934728881,0.450568743389314,-0.0494312566106861,0.319180316854813,0.252764143297838,-0.910754018803153
0.5,2,20,"Fleiss","arcsine",300,300,0.926666666666667,0.02,0.0533333333333333,0.78649517558829,0.817758316539743,0.469360692097665,-0.0306393079023353,0.217877878258183,0.195943174842071,-1.11203336605956
0.5,2,20,"Fleiss","basic",300,300,0.896666666666667,0.02,0.0833333333333333,0.820227556483176,0.852791339953975,0.469360692097665,-0.0306393079023353,0.217877878258183,0.195943174842071,-1.11203336605956
0.5,2,20,"Fleiss","cf_if",300,300,0.88,0.02,0.1,0.768083131413789,0.798576733562651,0.469360692097665,-0.0306393079023353,0.217877878258183,0.195943174842071,-1.11203336605956
0.5,2,20,"Fleiss","cf_student_minus",300,300,0.923333333333333,0.0233333333333333,0.0533333333333333,0.768083131413789,0.798576733562651,0.469360692097665,-0.0306393079023353,0.217877878258183,0.195943174842071,-1.11203336605956
0.5,2,20,"Fleiss","cf_student_plus",300,300,0.843333333333333,0.0233333333333333,0.133333333333333,0.768083131413789,0.798576733562651,0.469360692097665,-0.0306393079023353,0.217877878258183,0.195943174842071,-1.11203336605956
0.5,2,20,"Fleiss","fisher",300,300,0.943333333333333,0.02,0.0366666666666667,0.79315209260072,0.831446010757534,0.469360692097665,-0.0306393079023353,0.217877878258183,0.195943174842071,-1.11203336605956
0.5,2,40,"Fleiss","arcsine",300,300,0.936666666666667,0.0166666666666667,0.0466666666666667,0.585289976260634,0.601584298117836,0.479504006048468,-0.0204959939515325,0.153440931602117,0.147704575554158,-1.41920012078035
0.5,2,40,"Fleiss","basic",300,300,0.93,0.0133333333333333,0.0566666666666667,0.597521407642558,0.614219831983307,0.479504006048468,-0.0204959939515325,0.153440931602117,0.147704575554158,-1.41920012078035
0.5,2,40,"Fleiss","cf_if",300,300,0.91,0.0166666666666667,0.0733333333333333,0.57899129687585,0.595171875916487,0.479504006048468,-0.0204959939515325,0.153440931602117,0.147704575554158,-1.41920012078035
0.5,2,40,"Fleiss","cf_student_minus",300,300,0.94,0.0166666666666667,0.0433333333333333,0.57899129687585,0.595171875916487,0.479504006048468,-0.0204959939515325,0.153440931602117,0.147704575554158,-1.41920012078035
0.5,2,40,"Fleiss","cf_student_plus",300,300,0.88,0.0133333333333333,0.106666666666667,0.57899129687585,0.595171875916487,0.479504006048468,-0.0204959939515325,0.153440931602117,0.147704575554158,-1.41920012078035
0.5,2,40,"Fleiss","fisher",300,300,0.943333333333333,0.02,0.0366666666666667,0.588552717614944,0.601428526657843,0.479504006048468,-0.0204959939515325,0.153440931602117,0.147704575554158,-1.41920012078035
0.5,5,10,"Fleiss","arcsine",300,300,0.916666666666667,0.0666666666666667,0.0166666666666667,0.662585974850913,0.663352096016068,0.472825302790795,-0.0271746972092047,0.165305072926261,0.150995431399494,0.158897797370213
0.5,5,10,"Fleiss","basic",300,300,0.896666666666667,0.0633333333333333,0.04,0.683150793380342,0.680166715197399,0.472825302790795,-0.0271746972092047,0.165305072926261,0.150995431399494,0.158897797370213
0.5,5,10,"Fleiss","cf_if",300,300,0.86,0.09,0.05,0.591891214746194,0.589305768490822,0.472825302790795,-0.0271746972092047,0.165305072926261,0.150995431399494,0.158897797370213
0.5,5,10,"Fleiss","cf_student_minus",300,300,0.883333333333333,0.0766666666666667,0.04,0.591891214746194,0.589305768490822,0.472825302790795,-0.0271746972092047,0.165305072926261,0.150995431399494,0.158897797370213
0.5,5,10,"Fleiss","cf_student_plus",300,300,0.84,0.1,0.06,0.591891214746194,0.589305768490822,0.472825302790795,-0.0271746972092047,0.165305072926261,0.150995431399494,0.158897797370213
0.5,5,10,"Fleiss","fisher",300,300,0.913333333333333,0.0766666666666667,0.01,0.671601875267918,0.672819790508892,0.472825302790795,-0.0271746972092047,0.165305072926261,0.150995431399494,0.158897797370213
0.5,5,20,"Fleiss","arcsine",300,300,0.933333333333333,0.0433333333333333,0.0233333333333333,0.464340274388813,0.467915369806518,0.483243581285028,-0.0167564187149722,0.123733452217494,0.112393101189979,0.166299318230982
0.5,5,20,"Fleiss","basic",300,300,0.936666666666667,0.0333333333333333,0.03,0.470482928680348,0.473686280813916,0.483243581285028,-0.0167564187149722,0.123733452217494,0.112393101189979,0.166299318230982
0.5,5,20,"Fleiss","cf_if",300,300,0.906666666666667,0.05,0.0433333333333333,0.440572860886251,0.443572565929473,0.483243581285028,-0.0167564187149722,0.123733452217494,0.112393101189979,0.166299318230982
0.5,5,20,"Fleiss","cf_student_minus",300,300,0.94,0.0366666666666667,0.0233333333333333,0.440572860886251,0.443572565929473,0.483243581285028,-0.0167564187149722,0.123733452217494,0.112393101189979,0.166299318230982
0.5,5,20,"Fleiss","cf_student_plus",300,300,0.883333333333333,0.07,0.0466666666666667,0.440572860886251,0.443572565929473,0.483243581285028,-0.0167564187149722,0.123733452217494,0.112393101189979,0.166299318230982
0.5,5,20,"Fleiss","fisher",300,300,0.943333333333333,0.05,0.00666666666666667,0.467123083381538,0.470029663949023,0.483243581285028,-0.0167564187149722,0.123733452217494,0.112393101189979,0.166299318230982
0.5,5,40,"Fleiss","arcsine",300,300,0.95,0.0466666666666667,0.00333333333333333,0.331645627566541,0.332009347737689,0.485412667131596,-0.0145873328684043,0.080660258923015,0.08250132277732,0.281087521772853
0.5,5,40,"Fleiss","basic",300,300,0.956666666666667,0.0366666666666667,0.00666666666666667,0.333749352945414,0.33396951479918,0.485412667131596,-0.0145873328684043,0.080660258923015,0.08250132277732,0.281087521772853
0.5,5,40,"Fleiss","cf_if",300,300,0.94,0.05,0.01,0.323399242640922,0.323612576917492,0.485412667131596,-0.0145873328684043,0.080660258923015,0.08250132277732,0.281087521772853
0.5,5,40,"Fleiss","cf_student_minus",300,300,0.966666666666667,0.0266666666666667,0.00666666666666667,0.323399242640922,0.323612576917492,0.485412667131596,-0.0145873328684043,0.080660258923015,0.08250132277732,0.281087521772853
0.5,5,40,"Fleiss","cf_student_plus",300,300,0.933333333333333,0.0566666666666667,0.01,0.323399242640922,0.323612576917492,0.485412667131596,-0.0145873328684043,0.080660258923015,0.08250132277732,0.281087521772853
0.5,5,40,"Fleiss","fisher",300,300,0.946666666666667,0.05,0.00333333333333333,0.332330560402621,0.332446758052705,0.485412667131596,-0.0145873328684043,0.080660258923015,0.08250132277732,0.281087521772853
0.8,2,10,"Brennan-Prediger","arcsine",300,300,0.63,0.00333333333333333,0.366666666666667,0.55710755531593,0.416637852174704,0.805916666666667,0.00591666666666657,0.202576406301893,0.136850840438883,-2.23216550282823
0.8,2,10,"Brennan-Prediger","basic",300,300,0.626666666666667,0.00333333333333333,0.37,0.619156217867548,0.430701892041899,0.805916666666667,0.00591666666666657,0.202576406301893,0.136850840438883,-2.23216550282823
0.8,2,10,"Brennan-Prediger","cf_if",300,247,0.761133603238866,0.00404858299595142,0.234817813765182,0.651553162382791,0.489010032195873,0.805916666666667,0.00591666666666657,0.202576406301893,0.136850840438883,-2.23216550282823
0.8,2,10,"Brennan-Prediger","cf_student_minus",300,247,0.712550607287449,0.0526315789473684,0.234817813765182,0.651553162382791,0.489010032195873,0.805916666666667,0.00591666666666657,0.202576406301893,0.136850840438883,-2.23216550282823
0.8,2,10,"Brennan-Prediger","cf_student_plus",300,247,0.647773279352227,0.00404858299595142,0.348178137651822,0.651553162382791,0.489010032195874,0.805916666666667,0.00591666666666657,0.202576406301893,0.136850840438883,-2.23216550282823
0.8,2,10,"Brennan-Prediger","fisher",300,300,0.816666666666667,0.00666666666666667,0.176666666666667,0.653670478831844,0.62512474703166,0.805916666666667,0.00591666666666657,0.202576406301893,0.136850840438883,-2.23216550282823
0.8,2,20,"Brennan-Prediger","arcsine",300,300,0.853333333333333,0.00333333333333333,0.143333333333333,0.478952334320487,0.475899040508901,0.803583333333333,0.00358333333333327,0.141995429723743,0.119728924757122,-3.11902493461656
0.8,2,20,"Brennan-Prediger","basic",300,300,0.716666666666667,0,0.283333333333333,0.501191039050197,0.491415126740916,0.803583333333333,0.00358333333333327,0.141995429723743,0.119728924757122,-3.11902493461656
0.8,2,20,"Brennan-Prediger","cf_if",300,290,0.731034482758621,0,0.268965517241379,0.485512511237927,0.460174333802705,0.803583333333333,0.00358333333333327,0.141995429723743,0.119728924757122,-3.11902493461656
0.8,2,20,"Brennan-Prediger","cf_student_minus",300,290,0.841379310344828,0.0448275862068966,0.113793103448276,0.485512511237927,0.460174333802705,0.803583333333333,0.00358333333333327,0.141995429723743,0.119728924757122,-3.11902493461656
0.8,2,20,"Brennan-Prediger","cf_student_plus",300,290,0.662068965517241,0,0.337931034482759,0.485512511237927,0.460174333802705,0.803583333333333,0.00358333333333327,0.141995429723743,0.119728924757122,-3.11902493461656
0.8,2,20,"Brennan-Prediger","fisher",300,300,0.836666666666667,0.02,0.143333333333333,0.558853338146419,0.577203519110404,0.803583333333333,0.00358333333333327,0.141995429723743,0.119728924757122,-3.11902493461656
0.8,2,40,"Brennan-Prediger","arcsine",300,300,0.84,0.00666666666666667,0.153333333333333,0.368713723448561,0.38859222264186,0.802083333333333,0.00208333333333333,0.103919997796521,0.0930511974616141,-3.64037694617716
0.8,2,40,"Brennan-Prediger","basic",300,300,0.833333333333333,0,0.166666666666667,0.376427624408309,0.399769394366105,0.802083333333333,0.00208333333333333,0.103919997796521,0.0930511974616141,-3.64037694617716
0.8,2,40,"Brennan-Prediger","cf_if",300,299,0.806020066889632,0,0.193979933110368,0.365973904501181,0.387371895190351,0.802083333333333,0.00208333333333333,0.103919997796521,0.0930511974616141,-3.64037694617716
0.8,2,40,"Brennan-Prediger","cf_student_minus",300,299,0.822742474916388,0.040133779264214,0.137123745819398,0.365973904501181,0.387371895190351,0.802083333333333,0.00208333333333333,0.103919997796521,0.0930511974616141,-3.64037694617716
0.8,2,40,"Brennan-Prediger","cf_student_plus",300,299,0.725752508361204,0,0.274247491638796,0.365973904501181,0.387371895190351,0.802083333333333,0.00208333333333333,0.103919997796521,0.0930511974616141,-3.64037694617716
0.8,2,40,"Brennan-Prediger","fisher",300,300,0.856666666666667,0.02,0.123333333333333,0.407352666550986,0.419380403214842,0.802083333333333,0.00208333333333333,0.103919997796521,0.0930511974616141,-3.64037694617716
0.8,5,10,"Brennan-Prediger","arcsine",300,300,0.856666666666667,0.00666666666666667,0.136666666666667,0.493503287946267,0.493774212565417,0.790066666666667,-0.00993333333333335,0.131497023208123,0.113530791022836,-1.73323084360077
0.8,5,10,"Brennan-Prediger","basic",300,300,0.836666666666667,0.00666666666666667,0.156666666666667,0.513648984220911,0.509663556949241,0.790066666666667,-0.00993333333333335,0.131497023208123,0.113530791022836,-1.73323084360077
0.8,5,10,"Brennan-Prediger","cf_if",300,299,0.795986622073579,0.00668896321070234,0.197324414715719,0.446520926169437,0.441579494245865,0.790066666666667,-0.00993333333333335,0.131497023208123,0.113530791022836,-1.73323084360077
0.8,5,10,"Brennan-Prediger","cf_student_minus",300,299,0.82943143812709,0.0367892976588629,0.133779264214047,0.446520926169437,0.441579494245865,0.790066666666667,-0.00993333333333335,0.131497023208123,0.113530791022836,-1.73323084360077
0.8,5,10,"Brennan-Prediger","cf_student_plus",300,299,0.698996655518395,0.00668896321070234,0.294314381270903,0.446520926169437,0.441579494245865,0.790066666666667,-0.00993333333333335,0.131497023208123,0.113530791022836,-1.73323084360077
0.8,5,10,"Brennan-Prediger","fisher",300,300,0.916666666666667,0.02,0.0633333333333333,0.577663115694949,0.579661608472906,0.790066666666667,-0.00993333333333335,0.131497023208123,0.113530791022836,-1.73323084360077
0.8,5,20,"Brennan-Prediger","arcsine",300,300,0.88,0.00666666666666667,0.113333333333333,0.334530978641973,0.35273827182683,0.807775,0.00777499999999998,0.0906612841098936,0.0812539241489387,-2.19052820473941
0.8,5,20,"Brennan-Prediger","basic",300,300,0.836666666666667,0,0.163333333333333,0.340132835517594,0.358342686461752,0.807775,0.00777499999999998,0.0906612841098936,0.0812539241489387,-2.19052820473941
0.8,5,20,"Brennan-Prediger","cf_if",300,300,0.8,0,0.2,0.318509529868938,0.33556172376954,0.807775,0.00777499999999998,0.0906612841098936,0.0812539241489387,-2.19052820473941
0.8,5,20,"Brennan-Prediger","cf_student_minus",300,300,0.883333333333333,0.0233333333333333,0.0933333333333333,0.318509529868938,0.33556172376954,0.807775,0.00777499999999998,0.0906612841098936,0.0812539241489387,-2.19052820473941
0.8,5,20,"Brennan-Prediger","cf_student_plus",300,300,0.746666666666667,0,0.253333333333333,0.318509529868938,0.33556172376954,0.807775,0.00777499999999998,0.0906612841098936,0.0812539241489387,-2.19052820473941
0.8,5,20,"Brennan-Prediger","fisher",300,300,0.923333333333333,0.02,0.0566666666666667,0.367401702252584,0.389539276624822,0.807775,0.00777499999999998,0.0906612841098936,0.0812539241489387,-2.19052820473941
0.8,5,40,"Brennan-Prediger","arcsine",300,300,0.946666666666667,0,0.0533333333333333,0.242590528670913,0.243334836306035,0.805008333333333,0.00500833333333328,0.0573968459380334,0.0604251125098042,-2.34120836781553
0.8,5,40,"Brennan-Prediger","basic",300,300,0.93,0,0.07,0.244442652831561,0.244963108430005,0.805008333333333,0.00500833333333328,0.0573968459380334,0.0604251125098042,-2.34120836781553
0.8,5,40,"Brennan-Prediger","cf_if",300,300,0.906666666666667,0,0.0933333333333333,0.236862088561994,0.237366403985768,0.805008333333333,0.00500833333333328,0.0573968459380334,0.0604251125098042,-2.34120836781553
0.8,5,40,"Brennan-Prediger","cf_student_minus",300,300,0.943333333333333,0.00666666666666667,0.05,0.236862088561994,0.237366403985768,0.805008333333333,0.00500833333333328,0.0573968459380334,0.0604251125098042,-2.34120836781553
0.8,5,40,"Brennan-Prediger","cf_student_plus",300,300,0.836666666666667,0,0.163333333333333,0.236862088561994,0.237366403985768,0.805008333333333,0.00500833333333328,0.0573968459380334,0.0604251125098042,-2.34120836781553
0.8,5,40,"Brennan-Prediger","fisher",300,300,0.963333333333333,0.00666666666666667,0.03,0.254110571441165,0.256313741401926,0.805008333333333,0.00500833333333328,0.0573968459380334,0.0604251125098042,-2.34120836781553
0.8,2,10,"Conger","arcsine",300,300,0.643333333333333,0.0333333333333333,0.323333333333333,0.587707216543476,0.51548653658453,0.779514095533193,-0.0204859044668066,0.224436585010265,0.14236229580048,-1.64674346220253
0.8,2,10,"Conger","basic",300,300,0.63,0.02,0.35,0.644091774314904,0.540486714871485,0.779514095533193,-0.0204859044668066,0.224436585010265,0.14236229580048,-1.64674346220253
0.8,2,10,"Conger","cf_if",300,247,0.748987854251012,0.0283400809716599,0.222672064777328,0.677793455527234,0.640985251494866,0.779514095533193,-0.0204859044668066,0.224436585010265,0.14236229580048,-1.64674346220253
0.8,2,10,"Conger","cf_student_minus",300,247,0.740890688259109,0.0607287449392713,0.198380566801619,0.677793455527234,0.640985251494866,0.779514095533193,-0.0204859044668066,0.224436585010265,0.14236229580048,-1.64674346220253
0.8,2,10,"Conger","cf_student_plus",300,247,0.696356275303644,0.0242914979757085,0.279352226720648,0.677793455527234,0.640985251494866,0.779514095533193,-0.0204859044668066,0.224436585010265,0.14236229580048,-1.64674346220253
0.8,2,10,"Conger","fisher",300,300,0.74,0.0466666666666667,0.213333333333333,0.686785702177341,0.715169986171339,0.779514095533193,-0.0204859044668066,0.224436585010265,0.14236229580048,-1.64674346220253
0.8,2,20,"Conger","arcsine",300,300,0.806666666666667,0.01,0.183333333333333,0.490294310790458,0.512185467647946,0.79395904150061,-0.0060409584993899,0.151060296082747,0.122381286696551,-2.60776477221848
0.8,2,20,"Conger","basic",300,300,0.743333333333333,0.00333333333333333,0.253333333333333,0.512293953730641,0.526702479349679,0.79395904150061,-0.0060409584993899,0.151060296082747,0.122381286696551,-2.60776477221848
0.8,2,20,"Conger","cf_if",300,290,0.73448275862069,0.00344827586206897,0.262068965517241,0.496268098566021,0.506803511811725,0.79395904150061,-0.0060409584993899,0.151060296082747,0.122381286696551,-2.60776477221848
0.8,2,20,"Conger","cf_student_minus",300,290,0.841379310344828,0.0172413793103448,0.141379310344828,0.496268098566021,0.506803511811725,0.79395904150061,-0.0060409584993899,0.151060296082747,0.122381286696551,-2.60776477221848
0.8,2,20,"Conger","cf_student_plus",300,290,0.7,0.00344827586206897,0.296551724137931,0.496268098566021,0.506803511811725,0.79395904150061,-0.0060409584993899,0.151060296082747,0.122381286696551,-2.60776477221848
0.8,2,20,"Conger","fisher",300,300,0.83,0.03,0.14,0.570520838555387,0.596644862876657,0.79395904150061,-0.0060409584993899,0.151060296082747,0.122381286696551,-2.60776477221848
0.8,2,40,"Conger","arcsine",300,300,0.876666666666667,0.00333333333333333,0.12,0.371623812785086,0.386981909342169,0.798718467104825,-0.00128153289517552,0.104436947762457,0.0937178023380131,-3.11938918295442
0.8,2,40,"Conger","basic",300,300,0.836666666666667,0,0.163333333333333,0.379124295669798,0.395637420662268,0.798718467104825,-0.00128153289517552,0.104436947762457,0.0937178023380131,-3.11938918295442
0.8,2,40,"Conger","cf_if",300,299,0.822742474916388,0,0.177257525083612,0.368595686875082,0.383397221468117,0.798718467104825,-0.00128153289517552,0.104436947762457,0.0937178023380131,-3.11938918295442
0.8,2,40,"Conger","cf_student_minus",300,299,0.872909698996655,0.0100334448160535,0.117056856187291,0.368595686875082,0.383397221468117,0.798718467104825,-0.00128153289517552,0.104436947762457,0.0937178023380131,-3.11938918295442
0.8,2,40,"Conger","cf_student_plus",300,299,0.752508361204013,0,0.247491638795987,0.368595686875082,0.383397221468117,0.798718467104825,-0.00128153289517552,0.104436947762457,0.0937178023380131,-3.11938918295442
0.8,2,40,"Conger","fisher",300,300,0.89,0.0166666666666667,0.0933333333333333,0.4104110106717,0.436516520702336,0.798718467104825,-0.00128153289517552,0.104436947762457,0.0937178023380131,-3.11938918295442
0.8,5,10,"Conger","arcsine",300,300,0.893333333333333,0.04,0.0666666666666667,0.512860042498272,0.536950392185418,0.771007844651533,-0.0289921553484667,0.137894444703074,0.117707825161148,-0.965042109142261
0.8,5,10,"Conger","basic",300,300,0.87,0.03,0.1,0.532547199611378,0.556181465029176,0.771007844651533,-0.0289921553484667,0.137894444703074,0.117707825161148,-0.965042109142261
0.8,5,10,"Conger","cf_if",300,299,0.82943143812709,0.040133779264214,0.130434782608696,0.462949360563987,0.481963173500816,0.771007844651533,-0.0289921553484667,0.137894444703074,0.117707825161148,-0.965042109142261
0.8,5,10,"Conger","cf_student_minus",300,299,0.872909698996655,0.040133779264214,0.0869565217391304,0.462949360563987,0.481963173500816,0.771007844651533,-0.0289921553484667,0.137894444703074,0.117707825161148,-0.965042109142261
0.8,5,10,"Conger","cf_student_plus",300,299,0.779264214046823,0.0468227424749164,0.173913043478261,0.462949360563987,0.481963173500816,0.771007844651533,-0.0289921553484667,0.137894444703074,0.117707825161148,-0.965042109142261
0.8,5,10,"Conger","fisher",300,300,0.89,0.06,0.05,0.602825714038138,0.624720096818738,0.771007844651533,-0.0289921553484667,0.137894444703074,0.117707825161148,-0.965042109142261
0.8,5,20,"Conger","arcsine",300,300,0.91,0.02,0.07,0.349075616379102,0.349372900324282,0.7958218168264,-0.00417818317360008,0.0960161311515924,0.0847932898101745,-1.38378792532661
0.8,5,20,"Conger","basic",300,300,0.873333333333333,0.0133333333333333,0.113333333333333,0.35494879045022,0.35434220346243,0.7958218168264,-0.00417818317360008,0.0960161311515924,0.0847932898101745,-1.38378792532661
0.8,5,20,"Conger","cf_if",300,300,0.836666666666667,0.02,0.143333333333333,0.332383588317218,0.331815563956937,0.7958218168264,-0.00417818317360008,0.0960161311515924,0.0847932898101745,-1.38378792532661
0.8,5,20,"Conger","cf_student_minus",300,300,0.906666666666667,0.0266666666666667,0.0666666666666667,0.332383588317218,0.331815563956937,0.7958218168264,-0.00417818317360008,0.0960161311515924,0.0847932898101745,-1.38378792532661
0.8,5,20,"Conger","cf_student_plus",300,300,0.766666666666667,0.0166666666666667,0.216666666666667,0.332383588317218,0.331815563956937,0.7958218168264,-0.00417818317360008,0.0960161311515924,0.0847932898101745,-1.38378792532661
0.8,5,20,"Conger","fisher",300,300,0.913333333333333,0.0433333333333333,0.0433333333333333,0.382786106364314,0.389714031106415,0.7958218168264,-0.00417818317360008,0.0960161311515924,0.0847932898101745,-1.38378792532661
0.8,5,40,"Conger","arcsine",300,300,0.956666666666667,0.00666666666666667,0.0366666666666667,0.247735074773246,0.247104344379725,0.798512632271062,-0.0014873677289382,0.0596291230478039,0.0617044799694557,-1.51970877874891
0.8,5,40,"Conger","basic",300,300,0.936666666666667,0.00333333333333333,0.06,0.249618182719616,0.248879860497884,0.798512632271062,-0.0014873677289382,0.0596291230478039,0.0617044799694557,-1.51970877874891
0.8,5,40,"Conger","cf_if",300,300,0.93,0.00333333333333333,0.0666666666666667,0.241877116849813,0.241161691201115,0.798512632271062,-0.0014873677289382,0.0596291230478039,0.0617044799694557,-1.51970877874891
0.8,5,40,"Conger","cf_student_minus",300,300,0.953333333333333,0.01,0.0366666666666667,0.241877116849813,0.241161691201115,0.798512632271062,-0.0014873677289382,0.0596291230478039,0.0617044799694557,-1.51970877874891
0.8,5,40,"Conger","cf_student_plus",300,300,0.906666666666667,0,0.0933333333333333,0.241877116849813,0.241161691201115,0.798512632271062,-0.0014873677289382,0.0596291230478039,0.0617044799694557,-1.51970877874891
0.8,5,40,"Conger","fisher",300,300,0.97,0.0166666666666667,0.0133333333333333,0.259206108281844,0.259905729698339,0.798512632271062,-0.0014873677289382,0.0596291230478039,0.0617044799694557,-1.51970877874891
0.8,2,10,"Fleiss","arcsine",300,300,0.66,0.02,0.32,0.616948106407594,0.526252801604909,0.774061635327851,-0.0259383646721495,0.234010974508158,0.151351752112269,-1.66709055618918
0.8,2,10,"Fleiss","basic",300,300,0.643333333333333,0.00666666666666667,0.35,0.684762900285656,0.550136197851827,0.774061635327851,-0.0259383646721495,0.234010974508158,0.151351752112269,-1.66709055618918
0.8,2,10,"Fleiss","cf_if",300,247,0.761133603238866,0.0202429149797571,0.218623481781377,0.720592671588053,0.654931184106372,0.774061635327851,-0.0259383646721495,0.234010974508158,0.151351752112269,-1.66709055618918
0.8,2,10,"Fleiss","cf_student_minus",300,247,0.748987854251012,0.0566801619433198,0.194331983805668,0.720592671588053,0.654931184106372,0.774061635327851,-0.0259383646721495,0.234010974508158,0.151351752112269,-1.66709055618918
0.8,2,10,"Fleiss","cf_student_plus",300,247,0.704453441295547,0.0161943319838057,0.279352226720648,0.720592671588053,0.654931184106372,0.774061635327851,-0.0259383646721495,0.234010974508158,0.151351752112269,-1.66709055618918
0.8,2,10,"Fleiss","fisher",300,300,0.746666666666667,0.0433333333333333,0.21,0.71650959944345,0.736035209307458,0.774061635327851,-0.0259383646721495,0.234010974508158,0.151351752112269,-1.66709055618918
0.8,2,20,"Fleiss","arcsine",300,300,0.81,0.00666666666666667,0.183333333333333,0.499956396231041,0.524393106648718,0.79230751128265,-0.00769248871734984,0.153133841662067,0.125028026209595,-2.61307735409982
0.8,2,20,"Fleiss","basic",300,300,0.743333333333333,0.00333333333333333,0.253333333333333,0.523373332663748,0.540142124688541,0.79230751128265,-0.00769248871734984,0.153133841662067,0.125028026209595,-2.61307735409982
0.8,2,20,"Fleiss","cf_if",300,290,0.73448275862069,0.00344827586206897,0.262068965517241,0.507000886404694,0.513176787620079,0.79230751128265,-0.00769248871734984,0.153133841662067,0.125028026209595,-2.61307735409982
0.8,2,20,"Fleiss","cf_student_minus",300,290,0.844827586206897,0.0137931034482759,0.141379310344828,0.507000886404694,0.513176787620079,0.79230751128265,-0.00769248871734984,0.153133841662067,0.125028026209595,-2.61307735409982
0.8,2,20,"Fleiss","cf_student_plus",300,290,0.7,0.00344827586206897,0.296551724137931,0.507000886404694,0.513176787620079,0.79230751128265,-0.00769248871734984,0.153133841662067,0.125028026209595,-2.61307735409982
0.8,2,20,"Fleiss","fisher",300,300,0.833333333333333,0.0266666666666667,0.14,0.58171397030273,0.607619570598349,0.79230751128265,-0.00769248871734984,0.153133841662067,0.125028026209595,-2.61307735409982
0.8,2,40,"Fleiss","arcsine",300,300,0.876666666666667,0.00333333333333333,0.12,0.374792857674593,0.388022809393543,0.798099824105537,-0.00190017589446256,0.104987046166628,0.0945499828470208,-3.12338363698409
0.8,2,40,"Fleiss","basic",300,300,0.836666666666667,0,0.163333333333333,0.382490783588601,0.396473154974505,0.798099824105537,-0.00190017589446256,0.104987046166628,0.0945499828470208,-3.12338363698409
0.8,2,40,"Fleiss","cf_if",300,299,0.822742474916388,0,0.177257525083612,0.371868684519814,0.384623898370759,0.798099824105537,-0.00190017589446256,0.104987046166628,0.0945499828470208,-3.12338363698409
0.8,2,40,"Fleiss","cf_student_minus",300,299,0.872909698996655,0.0100334448160535,0.117056856187291,0.371868684519814,0.384623898370759,0.798099824105537,-0.00190017589446256,0.104987046166628,0.0945499828470208,-3.12338363698409
0.8,2,40,"Fleiss","cf_student_plus",300,299,0.752508361204013,0,0.247491638795987,0.371868684519814,0.384623898370759,0.798099824105537,-0.00190017589446256,0.104987046166628,0.0945499828470208,-3.12338363698409
0.8,2,40,"Fleiss","fisher",300,300,0.89,0.0166666666666667,0.0933333333333333,0.414058388181468,0.442195485583578,0.798099824105537,-0.00190017589446256,0.104987046166628,0.0945499828470208,-3.12338363698409
0.8,5,10,"Fleiss","arcsine",300,300,0.893333333333333,0.04,0.0666666666666667,0.520316381164605,0.540523268099482,0.769636076689858,-0.0303639233101416,0.139373105531948,0.119554349842757,-0.971328021783384
0.8,5,10,"Fleiss","basic",300,300,0.873333333333333,0.0266666666666667,0.1,0.540901457680952,0.559413760463931,0.769636076689858,-0.0303639233101416,0.139373105531948,0.119554349842757,-0.971328021783384
0.8,5,10,"Fleiss","cf_if",300,299,0.82943143812709,0.040133779264214,0.130434782608696,0.470211812482086,0.485571143417956,0.769636076689858,-0.0303639233101416,0.139373105531948,0.119554349842757,-0.971328021783384
0.8,5,10,"Fleiss","cf_student_minus",300,299,0.876254180602007,0.040133779264214,0.0836120401337793,0.470211812482086,0.485571143417956,0.769636076689858,-0.0303639233101416,0.139373105531948,0.119554349842757,-0.971328021783384
0.8,5,10,"Fleiss","cf_student_plus",300,299,0.792642140468227,0.040133779264214,0.167224080267559,0.470211812482086,0.485571143417956,0.769636076689858,-0.0303639233101416,0.139373105531948,0.119554349842757,-0.971328021783384
0.8,5,10,"Fleiss","fisher",300,300,0.89,0.06,0.05,0.61164893783472,0.633671420050101,0.769636076689858,-0.0303639233101416,0.139373105531948,0.119554349842757,-0.971328021783384
0.8,5,20,"Fleiss","arcsine",300,300,0.91,0.02,0.07,0.351282551050253,0.350950805763413,0.795339854586284,-0.00466014541371573,0.0964490994628184,0.0853462939865322,-1.38711828182034
0.8,5,20,"Fleiss","basic",300,300,0.873333333333333,0.0133333333333333,0.113333333333333,0.35726369253683,0.355981585296845,0.795339854586284,-0.00466014541371573,0.0964490994628184,0.0853462939865322,-1.38711828182034
0.8,5,20,"Fleiss","cf_if",300,300,0.843333333333333,0.02,0.136666666666667,0.334551324855141,0.333350725172879,0.795339854586284,-0.00466014541371573,0.0964490994628184,0.0853462939865322,-1.38711828182034
0.8,5,20,"Fleiss","cf_student_minus",300,300,0.906666666666667,0.0266666666666667,0.0666666666666667,0.334551324855141,0.333350725172879,0.795339854586284,-0.00466014541371573,0.0964490994628184,0.0853462939865322,-1.38711828182034
0.8,5,20,"Fleiss","cf_student_plus",300,300,0.77,0.0166666666666667,0.213333333333333,0.334551324855141,0.333350725172879,0.795339854586284,-0.00466014541371573,0.0964490994628184,0.0853462939865322,-1.38711828182034
0.8,5,20,"Fleiss","fisher",300,300,0.913333333333333,0.0433333333333333,0.0433333333333333,0.385306947765456,0.391767362300828,0.795339854586284,-0.00466014541371573,0.0964490994628184,0.0853462939865322,-1.38711828182034
0.8,5,40,"Fleiss","arcsine",300,300,0.956666666666667,0.00666666666666667,0.0366666666666667,0.248506519479386,0.248160902035993,0.798284084231744,-0.00171591576825636,0.0597700786412306,0.061899216426074,-1.52081036983186
0.8,5,40,"Fleiss","basic",300,300,0.936666666666667,0.00333333333333333,0.06,0.25040596604482,0.249834459764414,0.798284084231744,-0.00171591576825636,0.0597700786412306,0.061899216426074,-1.52081036983186
0.8,5,40,"Fleiss","cf_if",300,300,0.93,0.00333333333333333,0.0666666666666667,0.24264046973271,0.242086686791659,0.798284084231744,-0.00171591576825636,0.0597700786412306,0.061899216426074,-1.52081036983186
0.8,5,40,"Fleiss","cf_student_minus",300,300,0.953333333333333,0.01,0.0366666666666667,0.24264046973271,0.242086686791659,0.798284084231744,-0.00171591576825636,0.0597700786412306,0.061899216426074,-1.52081036983186
0.8,5,40,"Fleiss","cf_student_plus",300,300,0.91,0,0.09,0.24264046973271,0.242086686791659,0.798284084231744,-0.00171591576825636,0.0597700786412306,0.061899216426074,-1.52081036983186
0.8,5,40,"Fleiss","fisher",300,300,0.97,0.0166666666666667,0.0133333333333333,0.260041421723963,0.260793874099718,0.798284084231744,-0.00171591576825636,0.0597700786412306,0.061899216426074,-1.52081036983186
0.9,2,10,"Brennan-Prediger","arcsine",300,300,0.57,0.00333333333333333,0.426666666666667,0.305818403300244,0.106263956375607,0.906916666666667,0.00691666666666668,0.145055322356802,0.0752889150994562,-2.44340594245009
0.9,2,10,"Brennan-Prediger","basic",300,300,0.39,0,0.61,0.340630717143082,0.1073035358956,0.906916666666667,0.00691666666666668,0.145055322356802,0.0752889150994562,-2.44340594245009
0.9,2,10,"Brennan-Prediger","cf_if",300,172,0.680232558139535,0,0.319767441860465,0.514756611732656,0.371877019382737,0.906916666666667,0.00691666666666668,0.145055322356802,0.0752889150994562,-2.44340594245009
0.9,2,10,"Brennan-Prediger","cf_student_minus",300,172,0.825581395348837,0.174418604651163,0,0.514756611732656,0.371877019382737,0.906916666666667,0.00691666666666668,0.145055322356802,0.0752889150994562,-2.44340594245009
0.9,2,10,"Brennan-Prediger","cf_student_plus",300,172,0.616279069767442,0,0.383720930232558,0.514756611732656,0.371877019382737,0.906916666666667,0.00691666666666668,0.145055322356802,0.0752889150994562,-2.44340594245009
0.9,2,10,"Brennan-Prediger","fisher",300,300,0.566666666666667,0.00666666666666667,0.426666666666667,0.384840575486252,0.197305306432524,0.906916666666667,0.00691666666666668,0.145055322356802,0.0752889150994562,-2.44340594245009
0.9,2,20,"Brennan-Prediger","arcsine",300,300,0.636666666666667,0.00333333333333333,0.36,0.316368422722284,0.204593203926921,0.893958333333333,-0.00604166666666672,0.113041979196925,0.0792398450592779,-3.61132579737814
0.9,2,20,"Brennan-Prediger","basic",300,300,0.64,0,0.36,0.331701803553312,0.207660792601519,0.893958333333333,-0.00604166666666672,0.113041979196925,0.0792398450592779,-3.61132579737814
0.9,2,20,"Brennan-Prediger","cf_if",300,241,0.796680497925311,0,0.203319502074689,0.386657035161955,0.429825732312246,0.893958333333333,-0.00604166666666672,0.113041979196925,0.0792398450592779,-3.61132579737814
0.9,2,20,"Brennan-Prediger","cf_student_minus",300,241,0.684647302904564,0.112033195020747,0.203319502074689,0.386657035161955,0.429825732312245,0.893958333333333,-0.00604166666666672,0.113041979196925,0.0792398450592779,-3.61132579737814
0.9,2,20,"Brennan-Prediger","cf_student_plus",300,241,0.622406639004149,0,0.377593360995851,0.386657035161955,0.429825732312245,0.893958333333333,-0.00604166666666672,0.113041979196925,0.0792398450592779,-3.61132579737814
0.9,2,20,"Brennan-Prediger","fisher",300,300,0.636666666666667,0.0233333333333333,0.34,0.409382094011737,0.337775272612282,0.893958333333333,-0.00604166666666672,0.113041979196925,0.0792398450592779,-3.61132579737814
0.9,2,40,"Brennan-Prediger","arcsine",300,300,0.806666666666667,0.00333333333333333,0.19,0.236895487530519,0.22336051891164,0.9055625,0.00556250000000003,0.0714032431278902,0.0597553552785719,-4.69640863901832
0.9,2,40,"Brennan-Prediger","basic",300,300,0.72,0,0.28,0.241733229091076,0.226708374095145,0.9055625,0.00556250000000003,0.0714032431278902,0.0597553552785719,-4.69640863901832
0.9,2,40,"Brennan-Prediger","cf_if",300,289,0.743944636678201,0,0.256055363321799,0.243152271756532,0.235979124503729,0.9055625,0.00556250000000003,0.0714032431278902,0.0597553552785719,-4.69640863901832
0.9,2,40,"Brennan-Prediger","cf_student_minus",300,289,0.820069204152249,0.0519031141868512,0.1280276816609,0.243152271756532,0.235979124503729,0.9055625,0.00556250000000003,0.0714032431278902,0.0597553552785719,-4.69640863901832
0.9,2,40,"Brennan-Prediger","cf_student_plus",300,289,0.615916955017301,0,0.384083044982699,0.243152271756532,0.235979124503729,0.9055625,0.00556250000000003,0.0714032431278902,0.0597553552785719,-4.69640863901832
0.9,2,40,"Brennan-Prediger","fisher",300,300,0.823333333333333,0.0166666666666667,0.16,0.297245194455964,0.307492326854194,0.9055625,0.00556250000000003,0.0714032431278902,0.0597553552785719,-4.69640863901832
0.9,5,10,"Brennan-Prediger","arcsine",300,300,0.743333333333333,0.00666666666666667,0.25,0.313618821176381,0.371612826143944,0.896033333333333,-0.00396666666666667,0.0896887905634329,0.072024808651159,-2.21763431174126
0.9,5,10,"Brennan-Prediger","basic",300,300,0.746666666666667,0,0.253333333333333,0.325862873578779,0.382596706662212,0.896033333333333,-0.00396666666666667,0.0896887905634329,0.072024808651159,-2.21763431174126
0.9,5,10,"Brennan-Prediger","cf_if",300,263,0.76425855513308,0,0.23574144486692,0.322051781634207,0.334689317444463,0.896033333333333,-0.00396666666666667,0.0896887905634329,0.072024808651159,-2.21763431174126
0.9,5,10,"Brennan-Prediger","cf_student_minus",300,263,0.82509505703422,0.0304182509505703,0.144486692015209,0.322051781634207,0.334689317444463,0.896033333333333,-0.00396666666666667,0.0896887905634329,0.072024808651159,-2.21763431174126
0.9,5,10,"Brennan-Prediger","cf_student_plus",300,263,0.67680608365019,0,0.32319391634981,0.322051781634207,0.334689317444463,0.896033333333333,-0.00396666666666667,0.0896887905634329,0.072024808651159,-2.21763431174126
0.9,5,10,"Brennan-Prediger","fisher",300,300,0.733333333333333,0.02,0.246666666666667,0.41929275711315,0.466412649465656,0.896033333333333,-0.00396666666666667,0.0896887905634329,0.072024808651159,-2.21763431174126
0.9,5,20,"Brennan-Prediger","arcsine",300,300,0.796666666666667,0.00333333333333333,0.2,0.231435931427176,0.20484443024813,0.902891666666667,0.00289166666666663,0.0671881556383452,0.0562718457233993,-2.97495360146853
0.9,5,20,"Brennan-Prediger","basic",300,300,0.783333333333333,0,0.216666666666667,0.235556653370056,0.206987274949464,0.902891666666667,0.00289166666666663,0.0671881556383452,0.0562718457233993,-2.97495360146853
0.9,5,20,"Brennan-Prediger","cf_if",300,295,0.752542372881356,0,0.247457627118644,0.224320252802963,0.199685609293221,0.902891666666667,0.00289166666666663,0.0671881556383452,0.0562718457233993,-2.97495360146853
0.9,5,20,"Brennan-Prediger","cf_student_minus",300,295,0.789830508474576,0.0305084745762712,0.179661016949153,0.224320252802963,0.199685609293221,0.902891666666667,0.00289166666666663,0.0671881556383452,0.0562718457233993,-2.97495360146853
0.9,5,20,"Brennan-Prediger","cf_student_plus",300,295,0.647457627118644,0,0.352542372881356,0.224320252802963,0.199685609293221,0.902891666666667,0.00289166666666663,0.0671881556383452,0.0562718457233993,-2.97495360146853
0.9,5,20,"Brennan-Prediger","fisher",300,300,0.883333333333333,0.02,0.0966666666666667,0.285892988667289,0.265619555433236,0.902891666666667,0.00289166666666663,0.0671881556383452,0.0562718457233993,-2.97495360146853
0.9,5,40,"Brennan-Prediger","arcsine",300,300,0.9,0.0166666666666667,0.0833333333333333,0.180116582450866,0.187147859931941,0.896929166666667,-0.00307083333333336,0.0478385464808826,0.0448862238459087,-3.42104407158649
0.9,5,40,"Brennan-Prediger","basic",300,300,0.863333333333333,0.00333333333333333,0.133333333333333,0.181581914815714,0.188389191354671,0.896929166666667,-0.00307083333333336,0.0478385464808826,0.0448862238459087,-3.42104407158649
0.9,5,40,"Brennan-Prediger","cf_if",300,300,0.843333333333333,0.00333333333333333,0.153333333333333,0.175950764279968,0.182546936100879,0.896929166666667,-0.00307083333333336,0.0478385464808826,0.0448862238459087,-3.42104407158649
0.9,5,40,"Brennan-Prediger","cf_student_minus",300,300,0.9,0.0266666666666667,0.0733333333333333,0.175950764279968,0.182546936100879,0.896929166666667,-0.00307083333333336,0.0478385464808826,0.0448862238459087,-3.42104407158649
0.9,5,40,"Brennan-Prediger","cf_student_plus",300,300,0.77,0,0.23,0.175950764279968,0.182546936100879,0.896929166666667,-0.00307083333333336,0.0478385464808826,0.0448862238459087,-3.42104407158649
0.9,5,40,"Brennan-Prediger","fisher",300,300,0.906666666666667,0.0233333333333333,0.07,0.202122060506764,0.214979608362068,0.896929166666667,-0.00307083333333336,0.0478385464808826,0.0448862238459087,-3.42104407158649
0.9,2,10,"Conger","arcsine",300,300,0.526666666666667,0.0133333333333333,0.46,0.316587894408245,0.117827645601096,0.898228011863239,-0.00177198813676127,0.159872982327297,0.0762363582139675,-1.93123505320683
0.9,2,10,"Conger","basic",300,300,0.47,0.00666666666666667,0.523333333333333,0.344917247598753,0.119188825566894,0.898228011863239,-0.00177198813676127,0.159872982327297,0.0762363582139675,-1.93123505320683
0.9,2,10,"Conger","cf_if",300,172,0.744186046511628,0.0174418604651163,0.238372093023256,0.521234359576293,0.422689789981615,0.898228011863239,-0.00177198813676127,0.159872982327297,0.0762363582139675,-1.93123505320683
0.9,2,10,"Conger","cf_student_minus",300,172,0.784883720930233,0.104651162790698,0.11046511627907,0.521234359576293,0.422689789981615,0.898228011863239,-0.00177198813676127,0.159872982327297,0.0762363582139675,-1.93123505320683
0.9,2,10,"Conger","cf_student_plus",300,172,0.662790697674419,0.0232558139534884,0.313953488372093,0.521234359576293,0.422689789981615,0.898228011863239,-0.00177198813676127,0.159872982327297,0.0762363582139675,-1.93123505320683
0.9,2,10,"Conger","fisher",300,300,0.543333333333333,0.03,0.426666666666667,0.407844784650726,0.227575624133272,0.898228011863239,-0.00177198813676127,0.159872982327297,0.0762363582139675,-1.93123505320683
0.9,2,20,"Conger","arcsine",300,300,0.646666666666667,0.00666666666666667,0.346666666666667,0.322510566792017,0.26272780459466,0.890752621823272,-0.00924737817672838,0.111962167261793,0.0805949683063281,-3.23178720620788
0.9,2,20,"Conger","basic",300,300,0.646666666666667,0.00333333333333333,0.35,0.33737441465884,0.2683154483848,0.890752621823272,-0.00924737817672838,0.111962167261793,0.0805949683063281,-3.23178720620788
0.9,2,20,"Conger","cf_if",300,241,0.800829875518672,0.004149377593361,0.195020746887967,0.39326946526693,0.406321923491544,0.890752621823272,-0.00924737817672838,0.111962167261793,0.0805949683063281,-3.23178720620788
0.9,2,20,"Conger","cf_student_minus",300,241,0.763485477178423,0.0497925311203319,0.186721991701245,0.39326946526693,0.406321923491544,0.890752621823272,-0.00924737817672838,0.111962167261793,0.0805949683063281,-3.23178720620788
0.9,2,20,"Conger","cf_student_plus",300,241,0.688796680497925,0.004149377593361,0.307053941908714,0.39326946526693,0.406321923491544,0.890752621823272,-0.00924737817672838,0.111962167261793,0.0805949683063281,-3.23178720620788
0.9,2,20,"Conger","fisher",300,300,0.706666666666667,0.03,0.263333333333333,0.417359411340193,0.393152898098594,0.890752621823272,-0.00924737817672838,0.111962167261793,0.0805949683063281,-3.23178720620788
0.9,2,40,"Conger","arcsine",300,300,0.803333333333333,0.00333333333333333,0.193333333333333,0.243138972216804,0.242823353173682,0.902743371136703,0.00274337113670287,0.072138332249026,0.0613155729684089,-4.35452380396106
0.9,2,40,"Conger","basic",300,300,0.746666666666667,0,0.253333333333333,0.248044905400104,0.246352920772675,0.902743371136703,0.00274337113670287,0.072138332249026,0.0613155729684089,-4.35452380396106
0.9,2,40,"Conger","cf_if",300,289,0.743944636678201,0,0.256055363321799,0.249500999396925,0.241326004821666,0.902743371136703,0.00274337113670287,0.072138332249026,0.0613155729684089,-4.35452380396106
0.9,2,40,"Conger","cf_student_minus",300,289,0.833910034602076,0.0346020761245675,0.131487889273356,0.249500999396925,0.241326004821666,0.902743371136703,0.00274337113670287,0.072138332249026,0.0613155729684089,-4.35452380396106
0.9,2,40,"Conger","cf_student_plus",300,289,0.671280276816609,0,0.328719723183391,0.249500999396925,0.241326004821666,0.902743371136703,0.00274337113670287,0.072138332249026,0.0613155729684089,-4.35452380396106
0.9,2,40,"Conger","fisher",300,300,0.83,0.0133333333333333,0.156666666666667,0.30479047647977,0.324621917979829,0.902743371136703,0.00274337113670287,0.072138332249026,0.0613155729684089,-4.35452380396106
0.9,5,10,"Conger","arcsine",300,300,0.74,0.0266666666666667,0.233333333333333,0.336045239601742,0.335765058991959,0.881955210925392,-0.0180447890746078,0.105819004289921,0.0772635022102172,-1.63109786199781
0.9,5,10,"Conger","basic",300,300,0.73,0.0133333333333333,0.256666666666667,0.349564369895436,0.347156594912395,0.881955210925392,-0.0180447890746078,0.105819004289921,0.0772635022102172,-1.63109786199781
0.9,5,10,"Conger","cf_if",300,263,0.787072243346008,0.0228136882129278,0.190114068441065,0.345476079813209,0.323627917754328,0.881955210925392,-0.0180447890746078,0.105819004289921,0.0772635022102172,-1.63109786199781
0.9,5,10,"Conger","cf_student_minus",300,263,0.821292775665399,0.0456273764258555,0.133079847908745,0.345476079813209,0.323627917754328,0.881955210925392,-0.0180447890746078,0.105819004289921,0.0772635022102172,-1.63109786199781
0.9,5,10,"Conger","cf_student_plus",300,263,0.733840304182509,0.0190114068441065,0.247148288973384,0.345476079813209,0.323627917754328,0.881955210925392,-0.0180447890746078,0.105819004289921,0.0772635022102172,-1.63109786199781
0.9,5,10,"Conger","fisher",300,300,0.796666666666667,0.0466666666666667,0.156666666666667,0.443462250201022,0.443822009971926,0.881955210925392,-0.0180447890746078,0.105819004289921,0.0772635022102172,-1.63109786199781
0.9,5,20,"Conger","arcsine",300,300,0.833333333333333,0.01,0.156666666666667,0.241992515218907,0.247648435153531,0.897943323171416,-0.00205667682858401,0.0673373760415738,0.058823742581792,-2.43483142294987
0.9,5,20,"Conger","basic",300,300,0.793333333333333,0,0.206666666666667,0.246239016388026,0.251106071177077,0.897943323171416,-0.00205667682858401,0.0673373760415738,0.058823742581792,-2.43483142294987
0.9,5,20,"Conger","cf_if",300,295,0.779661016949153,0,0.220338983050847,0.234493051314239,0.23849676827084,0.897943323171416,-0.00205667682858401,0.0673373760415738,0.058823742581792,-2.43483142294987
0.9,5,20,"Conger","cf_student_minus",300,295,0.840677966101695,0.0203389830508475,0.138983050847458,0.234493051314239,0.23849676827084,0.897943323171416,-0.00205667682858401,0.0673373760415738,0.058823742581792,-2.43483142294987
0.9,5,20,"Conger","cf_student_plus",300,295,0.725423728813559,0,0.274576271186441,0.234493051314239,0.23849676827084,0.897943323171416,-0.00205667682858401,0.0673373760415738,0.058823742581792,-2.43483142294987
0.9,5,20,"Conger","fisher",300,300,0.876666666666667,0.0266666666666667,0.0966666666666667,0.299123233303642,0.311619840203063,0.897943323171416,-0.00205667682858401,0.0673373760415738,0.058823742581792,-2.43483142294987
0.9,5,40,"Conger","arcsine",300,300,0.893333333333333,0.02,0.0866666666666667,0.18406362249584,0.187386348889657,0.893848538183216,-0.00615146181678394,0.0493917425540877,0.0458696685852625,-2.85309104118934
0.9,5,40,"Conger","basic",300,300,0.876666666666667,0.01,0.113333333333333,0.185560324305012,0.188573725351394,0.893848538183216,-0.00615146181678394,0.0493917425540877,0.0458696685852625,-2.85309104118934
0.9,5,40,"Conger","cf_if",300,300,0.846666666666667,0.01,0.143333333333333,0.179805796819806,0.182725747398205,0.893848538183216,-0.00615146181678394,0.0493917425540877,0.0458696685852625,-2.85309104118934
0.9,5,40,"Conger","cf_student_minus",300,300,0.893333333333333,0.03,0.0766666666666667,0.179805796819806,0.182725747398205,0.893848538183216,-0.00615146181678394,0.0493917425540877,0.0458696685852625,-2.85309104118934
0.9,5,40,"Conger","cf_student_plus",300,300,0.803333333333333,0,0.196666666666667,0.179805796819806,0.182725747398205,0.893848538183216,-0.00615146181678394,0.0493917425540877,0.0458696685852625,-2.85309104118934
0.9,5,40,"Conger","fisher",300,300,0.913333333333333,0.0466666666666667,0.04,0.206278071378018,0.21231577776916,0.893848538183216,-0.00615146181678394,0.0493917425540877,0.0458696685852625,-2.85309104118934
0.9,2,10,"Fleiss","arcsine",300,300,0.53,0.01,0.46,0.329509141789499,0.11826700561182,0.896202098756245,-0.00379790124375468,0.164954781674006,0.0802581537174282,-1.94361085240591
0.9,2,10,"Fleiss","basic",300,300,0.473333333333333,0.00333333333333333,0.523333333333333,0.363113114609679,0.119641962070902,0.896202098756245,-0.00379790124375468,0.164954781674006,0.0802581537174282,-1.94361085240591
0.9,2,10,"Fleiss","cf_if",300,172,0.75,0.0116279069767442,0.238372093023256,0.548731711925019,0.428501187868001,0.896202098756245,-0.00379790124375468,0.164954781674006,0.0802581537174282,-1.94361085240591
0.9,2,10,"Fleiss","cf_student_minus",300,172,0.808139534883721,0.0813953488372093,0.11046511627907,0.548731711925019,0.428501187868001,0.896202098756245,-0.00379790124375468,0.164954781674006,0.0802581537174282,-1.94361085240591
0.9,2,10,"Fleiss","cf_student_plus",300,172,0.686046511627907,0.00581395348837209,0.308139534883721,0.548731711925019,0.428501187868001,0.896202098756245,-0.00379790124375468,0.164954781674006,0.0802581537174282,-1.94361085240591
0.9,2,10,"Fleiss","fisher",300,300,0.543333333333333,0.03,0.426666666666667,0.422487522689034,0.228958073276431,0.896202098756245,-0.00379790124375468,0.164954781674006,0.0802581537174282,-1.94361085240591
0.9,2,20,"Fleiss","arcsine",300,300,0.646666666666667,0.00666666666666667,0.346666666666667,0.327411226430475,0.264723383332732,0.890015766277551,-0.00998423372244894,0.113608053953599,0.0819483973724899,-3.23442526182761
0.9,2,20,"Fleiss","basic",300,300,0.646666666666667,0.00333333333333333,0.35,0.343039933841664,0.269692778766186,0.890015766277551,-0.00998423372244894,0.113608053953599,0.0819483973724899,-3.23442526182761
0.9,2,20,"Fleiss","cf_if",300,241,0.800829875518672,0.004149377593361,0.195020746887967,0.399873628483462,0.406997583699872,0.890015766277551,-0.00998423372244894,0.113608053953599,0.0819483973724899,-3.23442526182761
0.9,2,20,"Fleiss","cf_student_minus",300,241,0.763485477178423,0.0497925311203319,0.186721991701245,0.399873628483461,0.406997583699872,0.890015766277551,-0.00998423372244894,0.113608053953599,0.0819483973724899,-3.23442526182761
0.9,2,20,"Fleiss","cf_student_plus",300,241,0.697095435684647,0,0.302904564315353,0.399873628483462,0.406997583699872,0.890015766277551,-0.00998423372244894,0.113608053953599,0.0819483973724899,-3.23442526182761
0.9,2,20,"Fleiss","fisher",300,300,0.706666666666667,0.03,0.263333333333333,0.423863672777696,0.397744689414961,0.890015766277551,-0.00998423372244894,0.113608053953599,0.0819483973724899,-3.23442526182761
0.9,2,40,"Fleiss","arcsine",300,300,0.803333333333333,0.00333333333333333,0.193333333333333,0.244328055984675,0.243231588089978,0.902561499915346,0.00256149991534593,0.0723577849023794,0.0616278571688334,-4.35545580429366
0.9,2,40,"Fleiss","basic",300,300,0.75,0,0.25,0.249308214233443,0.246770341291267,0.902561499915346,0.00256149991534593,0.0723577849023794,0.0616278571688334,-4.35545580429366
0.9,2,40,"Fleiss","cf_if",300,289,0.743944636678201,0,0.256055363321799,0.250771724211679,0.241574594691169,0.902561499915346,0.00256149991534593,0.0723577849023794,0.0616278571688334,-4.35545580429366
0.9,2,40,"Fleiss","cf_student_minus",300,289,0.833910034602076,0.0346020761245675,0.131487889273356,0.250771724211679,0.241574594691169,0.902561499915346,0.00256149991534593,0.0723577849023794,0.0616278571688334,-4.35545580429366
0.9,2,40,"Fleiss","cf_student_plus",300,289,0.671280276816609,0,0.328719723183391,0.250771724211679,0.241574594691169,0.902561499915346,0.00256149991534593,0.0723577849023794,0.0616278571688334,-4.35545580429366
0.9,2,40,"Fleiss","fisher",300,300,0.83,0.0133333333333333,0.156666666666667,0.306475423667373,0.325480377423703,0.902561499915346,0.00256149991534593,0.0723577849023794,0.0616278571688334,-4.35545580429366
0.9,5,10,"Fleiss","arcsine",300,300,0.74,0.0266666666666667,0.233333333333333,0.339626645306308,0.337192215238984,0.881419580957641,-0.0185804190423586,0.106687264510016,0.0781592214520338,-1.63449100517915
0.9,5,10,"Fleiss","basic",300,300,0.73,0.0133333333333333,0.256666666666667,0.353616885292899,0.348733881633431,0.881419580957641,-0.0185804190423586,0.106687264510016,0.0781592214520338,-1.63449100517915
0.9,5,10,"Fleiss","cf_if",300,263,0.787072243346008,0.0228136882129278,0.190114068441065,0.349481199480631,0.32712613576839,0.881419580957641,-0.0185804190423586,0.106687264510016,0.0781592214520338,-1.63449100517915
0.9,5,10,"Fleiss","cf_student_minus",300,263,0.821292775665399,0.0456273764258555,0.133079847908745,0.349481199480631,0.32712613576839,0.881419580957641,-0.0185804190423586,0.106687264510016,0.0781592214520338,-1.63449100517915
0.9,5,10,"Fleiss","cf_student_plus",300,263,0.737642585551331,0.0152091254752852,0.247148288973384,0.349481199480631,0.32712613576839,0.881419580957641,-0.0185804190423586,0.106687264510016,0.0781592214520338,-1.63449100517915
0.9,5,10,"Fleiss","fisher",300,300,0.8,0.0433333333333333,0.156666666666667,0.448493513576502,0.449496919241405,0.881419580957641,-0.0185804190423586,0.106687264510016,0.0781592214520338,-1.63449100517915
0.9,5,20,"Fleiss","arcsine",300,300,0.836666666666667,0.01,0.153333333333333,0.242872453331881,0.248617296494844,0.897806025940898,-0.00219397405910193,0.0674783008385029,0.0590448119197675,-2.43604415209473
0.9,5,20,"Fleiss","basic",300,300,0.793333333333333,0,0.206666666666667,0.247164423272176,0.252111993981757,0.897806025940898,-0.00219397405910193,0.0674783008385029,0.0590448119197675,-2.43604415209473
0.9,5,20,"Fleiss","cf_if",300,295,0.783050847457627,0,0.216949152542373,0.235374314922072,0.239311464270333,0.897806025940898,-0.00219397405910193,0.0674783008385029,0.0590448119197675,-2.43604415209473
0.9,5,20,"Fleiss","cf_student_minus",300,295,0.840677966101695,0.0203389830508475,0.138983050847458,0.235374314922072,0.239311464270333,0.897806025940898,-0.00219397405910193,0.0674783008385029,0.0590448119197675,-2.43604415209473
0.9,5,20,"Fleiss","cf_student_plus",300,295,0.725423728813559,0,0.274576271186441,0.235374314922072,0.239311464270334,0.897806025940898,-0.00219397405910193,0.0674783008385029,0.0590448119197675,-2.43604415209473
0.9,5,20,"Fleiss","fisher",300,300,0.876666666666667,0.0266666666666667,0.0966666666666667,0.300355639802209,0.313169873600804,0.897806025940898,-0.00219397405910193,0.0674783008385029,0.0590448119197675,-2.43604415209473
0.9,5,40,"Fleiss","arcsine",300,300,0.893333333333333,0.02,0.0866666666666667,0.184388680406253,0.187728043053266,0.893779374899994,-0.00622062510000632,0.0494515295693048,0.0459518435227085,-2.85364363689735
0.9,5,40,"Fleiss","basic",300,300,0.876666666666667,0.01,0.113333333333333,0.185892753304665,0.189008529649059,0.893779374899994,-0.00622062510000632,0.0494515295693048,0.0459518435227085,-2.85364363689735
0.9,5,40,"Fleiss","cf_if",300,300,0.85,0.00666666666666667,0.143333333333333,0.180127916655458,0.183147067707356,0.893779374899994,-0.00622062510000632,0.0494515295693048,0.0459518435227085,-2.85364363689735
0.9,5,40,"Fleiss","cf_student_minus",300,300,0.893333333333333,0.03,0.0766666666666667,0.180127916655458,0.183147067707356,0.893779374899994,-0.00622062510000632,0.0494515295693048,0.0459518435227085,-2.85364363689735
0.9,5,40,"Fleiss","cf_student_plus",300,300,0.803333333333333,0,0.196666666666667,0.180127916655458,0.183147067707356,0.893779374899994,-0.00622062510000632,0.0494515295693048,0.0459518435227085,-2.85364363689735
0.9,5,40,"Fleiss","fisher",300,300,0.916666666666667,0.0433333333333333,0.04,0.206675784328349,0.212904613246358,0.893779374899994,-0.00622062510000632,0.0494515295693048,0.0459518435227085,-2.85364363689735
