"mechanism","replicate","n","estimator","coefficient","estimate","truth","bias","observed_fraction","mean_observed_raters","zero_observed_fraction","error"
"m1_rater_mcar",1,500,"counts_fiml","Fleiss",0.739533725996158,0.652494739899285,0.087038986096873,0.6132,3.066,0.002,""
"m1_rater_mcar",1,500,"counts_fiml","Brennan-Prediger",0.74161092678464,0.656030112,0.08558081478464,0.6132,3.066,0.002,""
"m1_rater_mcar",1,500,"raw_fiml","Fleiss",0.659688004750991,0.652494739899285,0.00719326485170646,0.6132,3.066,0.002,""
"m1_rater_mcar",1,500,"raw_fiml","Brennan-Prediger",0.662516139781621,0.656030112,0.00648602778162122,0.6132,3.066,0.002,""
"m1_rater_mcar",1,500,"raw_ipw","Fleiss",0.677647697069576,0.652494739899285,0.0251529571702906,0.6132,3.066,0.002,""
"m1_rater_mcar",1,500,"raw_ipw","Brennan-Prediger",0.679829962686425,0.656030112,0.0237998506864252,0.6132,3.066,0.002,""
"m1_rater_mcar",2,500,"counts_fiml","Fleiss",0.758934510340435,0.652494739899285,0.10643977044115,0.6172,3.086,0,""
"m1_rater_mcar",2,500,"counts_fiml","Brennan-Prediger",0.761996114811063,0.656030112,0.105966002811063,0.6172,3.086,0,""
"m1_rater_mcar",2,500,"raw_fiml","Fleiss",0.694531644958366,0.652494739899285,0.0420369050590812,0.6172,3.086,0,""
"m1_rater_mcar",2,500,"raw_fiml","Brennan-Prediger",0.69815754258693,0.656030112,0.0421274305869299,0.6172,3.086,0,""
"m1_rater_mcar",2,500,"raw_ipw","Fleiss",0.688281760053197,0.652494739899285,0.0357870201539121,0.6172,3.086,0,""
"m1_rater_mcar",2,500,"raw_ipw","Brennan-Prediger",0.691702147180299,0.656030112,0.0356720351802986,0.6172,3.086,0,""
"m1_rater_mcar",3,500,"counts_fiml","Fleiss",0.760920694236559,0.652494739899285,0.108425954337274,0.61,3.05,0.004,""
"m1_rater_mcar",3,500,"counts_fiml","Brennan-Prediger",0.765624133469203,0.656030112,0.109594021469203,0.61,3.05,0.004,""
"m1_rater_mcar",3,500,"raw_fiml","Fleiss",0.679072218988274,0.652494739899285,0.0265774790889892,0.61,3.05,0.004,""
"m1_rater_mcar",3,500,"raw_fiml","Brennan-Prediger",0.685712999200126,0.656030112,0.0296828872001256,0.61,3.05,0.004,""
"m1_rater_mcar",3,500,"raw_ipw","Fleiss",0.677714142038932,0.652494739899285,0.0252194021396467,0.61,3.05,0.004,""
"m1_rater_mcar",3,500,"raw_ipw","Brennan-Prediger",0.684257166282447,0.656030112,0.0282270542824465,0.61,3.05,0.004,""
"m1_rater_mcar",4,500,"counts_fiml","Fleiss",0.739100479283701,0.652494739899285,0.0866057393844162,0.612,3.06,0.002,""
"m1_rater_mcar",4,500,"counts_fiml","Brennan-Prediger",0.74155573693632,0.656030112,0.0855256249363203,0.612,3.06,0.002,""
"m1_rater_mcar",4,500,"raw_fiml","Fleiss",0.633743101043575,0.652494739899285,-0.0187516388557101,0.612,3.06,0.002,""
"m1_rater_mcar",4,500,"raw_fiml","Brennan-Prediger",0.636567842360211,0.656030112,-0.0194622696397886,0.612,3.06,0.002,""
"m1_rater_mcar",4,500,"raw_ipw","Fleiss",0.654153670473184,0.652494739899285,0.00165893057389943,0.612,3.06,0.002,""
"m1_rater_mcar",4,500,"raw_ipw","Brennan-Prediger",0.656629087913096,0.656030112,0.000598975913096433,0.612,3.06,0.002,""
"m1_rater_mcar",5,500,"counts_fiml","Fleiss",0.741238245593151,0.652494739899285,0.0887435056938666,0.612,3.06,0.002,""
"m1_rater_mcar",5,500,"counts_fiml","Brennan-Prediger",0.742887715433414,0.656030112,0.0868576034334135,0.612,3.06,0.002,""
"m1_rater_mcar",5,500,"raw_fiml","Fleiss",0.645433829473575,0.652494739899285,-0.00706091042570955,0.612,3.06,0.002,""
"m1_rater_mcar",5,500,"raw_fiml","Brennan-Prediger",0.647760111133373,0.656030112,-0.00827000086662721,0.612,3.06,0.002,""
"m1_rater_mcar",5,500,"raw_ipw","Fleiss",0.642556635084167,0.652494739899285,-0.0099381048151177,0.612,3.06,0.002,""
"m1_rater_mcar",5,500,"raw_ipw","Brennan-Prediger",0.645817555985997,0.656030112,-0.0102125560140029,0.612,3.06,0.002,""
"m1_rater_mcar",6,500,"counts_fiml","Fleiss",0.719530982450292,0.652494739899285,0.0670362425510069,0.6092,3.046,0.002,""
"m1_rater_mcar",6,500,"counts_fiml","Brennan-Prediger",0.721847514255972,0.656030112,0.0658174022559719,0.6092,3.046,0.002,""
"m1_rater_mcar",6,500,"raw_fiml","Fleiss",0.63472642795578,0.652494739899285,-0.017768311943505,0.6092,3.046,0.002,""
"m1_rater_mcar",6,500,"raw_fiml","Brennan-Prediger",0.637609698405566,0.656030112,-0.0184204135944337,0.6092,3.046,0.002,""
"m1_rater_mcar",6,500,"raw_ipw","Fleiss",0.634714792226396,0.652494739899285,-0.0177799476728893,0.6092,3.046,0.002,""
"m1_rater_mcar",6,500,"raw_ipw","Brennan-Prediger",0.637326895929265,0.656030112,-0.018703216070735,0.6092,3.046,0.002,""
"m1_rater_mcar",7,500,"counts_fiml","Fleiss",0.719908854922452,0.652494739899285,0.0674141150231671,0.6112,3.056,0.004,""
"m1_rater_mcar",7,500,"counts_fiml","Brennan-Prediger",0.725994427415258,0.656030112,0.0699643154152578,0.6112,3.056,0.004,""
"m1_rater_mcar",7,500,"raw_fiml","Fleiss",0.624611590343524,0.652494739899285,-0.0278831495557613,0.6112,3.056,0.004,""
"m1_rater_mcar",7,500,"raw_fiml","Brennan-Prediger",0.631514602752814,0.656030112,-0.0245155092471863,0.6112,3.056,0.004,""
"m1_rater_mcar",7,500,"raw_ipw","Fleiss",0.637306475868413,0.652494739899285,-0.0151882640308723,0.6112,3.056,0.004,""
"m1_rater_mcar",7,500,"raw_ipw","Brennan-Prediger",0.643340508357169,0.656030112,-0.0126896036428306,0.6112,3.056,0.004,""
"m1_rater_mcar",8,500,"counts_fiml","Fleiss",0.743340867270135,0.652494739899285,0.0908461273708498,0.6164,3.082,0.002,""
"m1_rater_mcar",8,500,"counts_fiml","Brennan-Prediger",0.746821255354465,0.656030112,0.0907911433544649,0.6164,3.082,0.002,""
"m1_rater_mcar",8,500,"raw_fiml","Fleiss",0.644865418031517,0.652494739899285,-0.00762932186776799,0.6164,3.082,0.002,""
"m1_rater_mcar",8,500,"raw_fiml","Brennan-Prediger",0.648996423855604,0.656030112,-0.00703368814439598,0.6164,3.082,0.002,""
"m1_rater_mcar",8,500,"raw_ipw","Fleiss",0.659103662433751,0.652494739899285,0.00660892253446588,0.6164,3.082,0.002,""
"m1_rater_mcar",8,500,"raw_ipw","Brennan-Prediger",0.66244897483514,0.656030112,0.00641886283514004,0.6164,3.082,0.002,""
"m1_rater_mcar",9,500,"counts_fiml","Fleiss",0.767779252730321,0.652494739899285,0.115284512831036,0.6112,3.056,0,""
"m1_rater_mcar",9,500,"counts_fiml","Brennan-Prediger",0.769747911750733,0.656030112,0.113717799750733,0.6112,3.056,0,""
"m1_rater_mcar",9,500,"raw_fiml","Fleiss",0.681899230930271,0.652494739899285,0.0294044910309859,0.6112,3.056,0,""
"m1_rater_mcar",9,500,"raw_fiml","Brennan-Prediger",0.684797316668641,0.656030112,0.0287672046686411,0.6112,3.056,0,""
"m1_rater_mcar",9,500,"raw_ipw","Fleiss",0.674243471446013,0.652494739899285,0.0217487315467286,0.6112,3.056,0,""
"m1_rater_mcar",9,500,"raw_ipw","Brennan-Prediger",0.678443673598123,0.656030112,0.0224135615981227,0.6112,3.056,0,""
"m1_rater_mcar",10,500,"counts_fiml","Fleiss",0.754673606496843,0.652494739899285,0.102178866597558,0.6148,3.074,0.002,""
"m1_rater_mcar",10,500,"counts_fiml","Brennan-Prediger",0.761876902979751,0.656030112,0.10584679097975,0.6148,3.074,0.002,""
"m1_rater_mcar",10,500,"raw_fiml","Fleiss",0.663163477442283,0.652494739899285,0.0106687375429977,0.6148,3.074,0.002,""
"m1_rater_mcar",10,500,"raw_fiml","Brennan-Prediger",0.672197176127459,0.656030112,0.0161670641274592,0.6148,3.074,0.002,""
"m1_rater_mcar",10,500,"raw_ipw","Fleiss",0.691131133538699,0.652494739899285,0.0386363936394143,0.6148,3.074,0.002,""
"m1_rater_mcar",10,500,"raw_ipw","Brennan-Prediger",0.700058999837389,0.656030112,0.0440288878373887,0.6148,3.074,0.002,""
"m1_rater_mcar",11,500,"counts_fiml","Fleiss",0.744271510855405,0.652494739899285,0.0917767709561201,0.6132,3.066,0,""
"m1_rater_mcar",11,500,"counts_fiml","Brennan-Prediger",0.746394006621675,0.656030112,0.0903638946216752,0.6132,3.066,0,""
"m1_rater_mcar",11,500,"raw_fiml","Fleiss",0.647605704403077,0.652494739899285,-0.00488903549620745,0.6132,3.066,0,""
"m1_rater_mcar",11,500,"raw_fiml","Brennan-Prediger",0.649906305257364,0.656030112,-0.00612380674263591,0.6132,3.066,0,""
"m1_rater_mcar",11,500,"raw_ipw","Fleiss",0.647727051090767,0.652494739899285,-0.00476768880851752,0.6132,3.066,0,""
"m1_rater_mcar",11,500,"raw_ipw","Brennan-Prediger",0.650977470694884,0.656030112,-0.0050526413051164,0.6132,3.066,0,""
"m1_rater_mcar",12,500,"counts_fiml","Fleiss",0.755336691725842,0.652494739899285,0.102841951826557,0.6004,3.002,0.006,""
"m1_rater_mcar",12,500,"counts_fiml","Brennan-Prediger",0.759372817557181,0.656030112,0.103342705557181,0.6004,3.002,0.006,""
"m1_rater_mcar",12,500,"raw_fiml","Fleiss",0.672044170008355,0.652494739899285,0.0195494301090702,0.6004,3.002,0.006,""
"m1_rater_mcar",12,500,"raw_fiml","Brennan-Prediger",0.676513150001227,0.656030112,0.0204830380012266,0.6004,3.002,0.006,""
"m1_rater_mcar",12,500,"raw_ipw","Fleiss",0.665169431406256,0.652494739899285,0.0126746915069706,0.6004,3.002,0.006,""
"m1_rater_mcar",12,500,"raw_ipw","Brennan-Prediger",0.668742110535123,0.656030112,0.0127119985351233,0.6004,3.002,0.006,""
"m1_rater_mcar",13,500,"counts_fiml","Fleiss",0.739377876545758,0.652494739899285,0.0868831366464734,0.61,3.05,0,""
"m1_rater_mcar",13,500,"counts_fiml","Brennan-Prediger",0.744362248915934,0.656030112,0.0883321369159336,0.61,3.05,0,""
"m1_rater_mcar",13,500,"raw_fiml","Fleiss",0.637942452042133,0.652494739899285,-0.014552287857152,0.61,3.05,0,""
"m1_rater_mcar",13,500,"raw_fiml","Brennan-Prediger",0.644685804376192,0.656030112,-0.011344307623808,0.61,3.05,0,""
"m1_rater_mcar",13,500,"raw_ipw","Fleiss",0.658771840293588,0.652494739899285,0.00627710039430318,0.61,3.05,0,""
"m1_rater_mcar",13,500,"raw_ipw","Brennan-Prediger",0.664512007793465,0.656030112,0.00848189579346537,0.61,3.05,0,""
"m1_rater_mcar",14,500,"counts_fiml","Fleiss",0.731881031425936,0.652494739899285,0.0793862915266508,0.6136,3.068,0,""
"m1_rater_mcar",14,500,"counts_fiml","Brennan-Prediger",0.735205703492357,0.656030112,0.0791755914923571,0.6136,3.068,0,""
"m1_rater_mcar",14,500,"raw_fiml","Fleiss",0.607530307787055,0.652494739899285,-0.0449644321122296,0.6136,3.068,0,""
"m1_rater_mcar",14,500,"raw_fiml","Brennan-Prediger",0.611459679591038,0.656030112,-0.044570432408962,0.6136,3.068,0,""
"m1_rater_mcar",14,500,"raw_ipw","Fleiss",0.616231883843287,0.652494739899285,-0.0362628560559977,0.6136,3.068,0,""
"m1_rater_mcar",14,500,"raw_ipw","Brennan-Prediger",0.61968892301767,0.656030112,-0.0363411889823302,0.6136,3.068,0,""
"m1_rater_mcar",15,500,"counts_fiml","Fleiss",0.750530913669104,0.652494739899285,0.0980361737698188,0.6188,3.094,0,""
"m1_rater_mcar",15,500,"counts_fiml","Brennan-Prediger",0.754881593282421,0.656030112,0.098851481282421,0.6188,3.094,0,""
"m1_rater_mcar",15,500,"raw_fiml","Fleiss",0.635246786469654,0.652494739899285,-0.0172479534296304,0.6188,3.094,0,""
"m1_rater_mcar",15,500,"raw_fiml","Brennan-Prediger",0.640883346521142,0.656030112,-0.0151467654788582,0.6188,3.094,0,""
"m1_rater_mcar",15,500,"raw_ipw","Fleiss",0.642148123011606,0.652494739899285,-0.0103466168876793,0.6188,3.094,0,""
"m1_rater_mcar",15,500,"raw_ipw","Brennan-Prediger",0.647351583817982,0.656030112,-0.00867852818201853,0.6188,3.094,0,""
"m1_rater_mcar",16,500,"counts_fiml","Fleiss",0.745503102742418,0.652494739899285,0.0930083628431331,0.6188,3.094,0,""
"m1_rater_mcar",16,500,"counts_fiml","Brennan-Prediger",0.747805453820446,0.656030112,0.0917753418204457,0.6188,3.094,0,""
"m1_rater_mcar",16,500,"raw_fiml","Fleiss",0.648200413918744,0.652494739899285,-0.00429432598054058,0.6188,3.094,0,""
"m1_rater_mcar",16,500,"raw_fiml","Brennan-Prediger",0.650174031489593,0.656030112,-0.00585608051040709,0.6188,3.094,0,""
"m1_rater_mcar",16,500,"raw_ipw","Fleiss",0.671072642999645,0.652494739899285,0.0185779031003597,0.6188,3.094,0,""
"m1_rater_mcar",16,500,"raw_ipw","Brennan-Prediger",0.672990519115588,0.656030112,0.0169604071155884,0.6188,3.094,0,""
"m1_rater_mcar",17,500,"counts_fiml","Fleiss",0.729247823138573,0.652494739899285,0.0767530832392882,0.6068,3.034,0,""
"m1_rater_mcar",17,500,"counts_fiml","Brennan-Prediger",0.73317320622841,0.656030112,0.0771430942284099,0.6068,3.034,0,""
"m1_rater_mcar",17,500,"raw_fiml","Fleiss",0.61822690743506,0.652494739899285,-0.0342678324642252,0.6068,3.034,0,""
"m1_rater_mcar",17,500,"raw_fiml","Brennan-Prediger",0.623570609187585,0.656030112,-0.0324595028124148,0.6068,3.034,0,""
"m1_rater_mcar",17,500,"raw_ipw","Fleiss",0.616273535454606,0.652494739899285,-0.036221204444679,0.6068,3.034,0,""
"m1_rater_mcar",17,500,"raw_ipw","Brennan-Prediger",0.621475883427701,0.656030112,-0.0345542285722995,0.6068,3.034,0,""
"m1_rater_mcar",18,500,"counts_fiml","Fleiss",0.743799453473427,0.652494739899285,0.0913047135741418,0.6176,3.088,0.002,""
"m1_rater_mcar",18,500,"counts_fiml","Brennan-Prediger",0.747135318961195,0.656030112,0.0911052069611951,0.6176,3.088,0.002,""
"m1_rater_mcar",18,500,"raw_fiml","Fleiss",0.621923287426977,0.652494739899285,-0.0305714524723082,0.6176,3.088,0.002,""
"m1_rater_mcar",18,500,"raw_fiml","Brennan-Prediger",0.624631232213079,0.656030112,-0.0313988797869209,0.6176,3.088,0.002,""
"m1_rater_mcar",18,500,"raw_ipw","Fleiss",0.613119863992798,0.652494739899285,-0.0393748759064869,0.6176,3.088,0.002,""
"m1_rater_mcar",18,500,"raw_ipw","Brennan-Prediger",0.616378527399164,0.656030112,-0.0396515846008363,0.6176,3.088,0.002,""
"m1_rater_mcar",19,500,"counts_fiml","Fleiss",0.737879542564167,0.652494739899285,0.0853848026648822,0.6104,3.052,0,""
"m1_rater_mcar",19,500,"counts_fiml","Brennan-Prediger",0.743611867364241,0.656030112,0.0875817553642411,0.6104,3.052,0,""
"m1_rater_mcar",19,500,"raw_fiml","Fleiss",0.654285687974264,0.652494739899285,0.0017909480749787,0.6104,3.052,0,""
"m1_rater_mcar",19,500,"raw_fiml","Brennan-Prediger",0.660359154303344,0.656030112,0.00432904230334419,0.6104,3.052,0,""
"m1_rater_mcar",19,500,"raw_ipw","Fleiss",0.655808950439924,0.652494739899285,0.00331421054063963,0.6104,3.052,0,""
"m1_rater_mcar",19,500,"raw_ipw","Brennan-Prediger",0.659848617479267,0.656030112,0.00381850547926721,0.6104,3.052,0,""
"m1_rater_mcar",20,500,"counts_fiml","Fleiss",0.750601201012896,0.652494739899285,0.0981064611136111,0.6056,3.028,0,""
"m1_rater_mcar",20,500,"counts_fiml","Brennan-Prediger",0.754794771861128,0.656030112,0.0987646598611276,0.6056,3.028,0,""
"m1_rater_mcar",20,500,"raw_fiml","Fleiss",0.626493393547625,0.652494739899285,-0.0260013463516595,0.6056,3.028,0,""
"m1_rater_mcar",20,500,"raw_fiml","Brennan-Prediger",0.63447153291943,0.656030112,-0.0215585790805699,0.6056,3.028,0,""
"m1_rater_mcar",20,500,"raw_ipw","Fleiss",0.653673413472127,0.652494739899285,0.00117867357284207,0.6056,3.028,0,""
"m1_rater_mcar",20,500,"raw_ipw","Brennan-Prediger",0.663215148166705,0.656030112,0.00718503616670518,0.6056,3.028,0,""
"m1_rater_mcar",21,500,"counts_fiml","Fleiss",0.733547313664893,0.652494739899285,0.0810525737656079,0.6164,3.082,0.002,""
"m1_rater_mcar",21,500,"counts_fiml","Brennan-Prediger",0.737868248001384,0.656030112,0.0818381360013838,0.6164,3.082,0.002,""
"m1_rater_mcar",21,500,"raw_fiml","Fleiss",0.62086638123103,0.652494739899285,-0.0316283586682549,0.6164,3.082,0.002,""
"m1_rater_mcar",21,500,"raw_fiml","Brennan-Prediger",0.626723578424189,0.656030112,-0.0293065335758107,0.6164,3.082,0.002,""
"m1_rater_mcar",21,500,"raw_ipw","Fleiss",0.639576942506814,0.652494739899285,-0.012917797392471,0.6164,3.082,0.002,""
"m1_rater_mcar",21,500,"raw_ipw","Brennan-Prediger",0.64610476159466,0.656030112,-0.00992535040533982,0.6164,3.082,0.002,""
"m1_rater_mcar",22,500,"counts_fiml","Fleiss",0.754902328253236,0.652494739899285,0.102407588353951,0.6124,3.062,0,""
"m1_rater_mcar",22,500,"counts_fiml","Brennan-Prediger",0.757124504565785,0.656030112,0.101094392565784,0.6124,3.062,0,""
"m1_rater_mcar",22,500,"raw_fiml","Fleiss",0.659174066553829,0.652494739899285,0.00667932665454396,0.6124,3.062,0,""
"m1_rater_mcar",22,500,"raw_fiml","Brennan-Prediger",0.662101094264224,0.656030112,0.0060709822642242,0.6124,3.062,0,""
"m1_rater_mcar",22,500,"raw_ipw","Fleiss",0.679007637054896,0.652494739899285,0.0265128971556116,0.6124,3.062,0,""
"m1_rater_mcar",22,500,"raw_ipw","Brennan-Prediger",0.681150795435522,0.656030112,0.0251206834355224,0.6124,3.062,0,""
"m1_rater_mcar",23,500,"counts_fiml","Fleiss",0.751257777590533,0.652494739899285,0.0987630376912478,0.6048,3.024,0,""
"m1_rater_mcar",23,500,"counts_fiml","Brennan-Prediger",0.75431674837538,0.656030112,0.0982866363753802,0.6048,3.024,0,""
"m1_rater_mcar",23,500,"raw_fiml","Fleiss",0.655306571377495,0.652494739899285,0.00281183147821018,0.6048,3.024,0,""
"m1_rater_mcar",23,500,"raw_fiml","Brennan-Prediger",0.659191640943382,0.656030112,0.0031615289433824,0.6048,3.024,0,""
"m1_rater_mcar",23,500,"raw_ipw","Fleiss",0.665819282243986,0.652494739899285,0.0133245423447009,0.6048,3.024,0,""
"m1_rater_mcar",23,500,"raw_ipw","Brennan-Prediger",0.668857513917929,0.656030112,0.0128274019179286,0.6048,3.024,0,""
"m1_rater_mcar",24,500,"counts_fiml","Fleiss",0.734535263919722,0.652494739899285,0.0820405240204376,0.61,3.05,0.004,""
"m1_rater_mcar",24,500,"counts_fiml","Brennan-Prediger",0.738106691677198,0.656030112,0.0820765796771983,0.61,3.05,0.004,""
"m1_rater_mcar",24,500,"raw_fiml","Fleiss",0.613616840666532,0.652494739899285,-0.0388778992327532,0.61,3.05,0.004,""
"m1_rater_mcar",24,500,"raw_fiml","Brennan-Prediger",0.619293604527041,0.656030112,-0.0367365074729589,0.61,3.05,0.004,""
"m1_rater_mcar",24,500,"raw_ipw","Fleiss",0.639841599423949,0.652494739899285,-0.0126531404753358,0.61,3.05,0.004,""
"m1_rater_mcar",24,500,"raw_ipw","Brennan-Prediger",0.644209268272329,0.656030112,-0.011820843727671,0.61,3.05,0.004,""
"m1_rater_mcar",25,500,"counts_fiml","Fleiss",0.737654067837033,0.652494739899285,0.0851593279377483,0.6036,3.018,0.002,""
"m1_rater_mcar",25,500,"counts_fiml","Brennan-Prediger",0.741290659805965,0.656030112,0.0852605478059647,0.6036,3.018,0.002,""
"m1_rater_mcar",25,500,"raw_fiml","Fleiss",0.62335828665203,0.652494739899285,-0.0291364532472551,0.6036,3.018,0.002,""
"m1_rater_mcar",25,500,"raw_fiml","Brennan-Prediger",0.627494741839554,0.656030112,-0.0285353701604456,0.6036,3.018,0.002,""
"m1_rater_mcar",25,500,"raw_ipw","Fleiss",0.627226890837072,0.652494739899285,-0.0252678490622127,0.6036,3.018,0.002,""
"m1_rater_mcar",25,500,"raw_ipw","Brennan-Prediger",0.632033123590049,0.656030112,-0.0239969884099513,0.6036,3.018,0.002,""
"m1_rater_mcar",26,500,"counts_fiml","Fleiss",0.737354462928161,0.652494739899285,0.0848597230288763,0.6156,3.078,0,""
"m1_rater_mcar",26,500,"counts_fiml","Brennan-Prediger",0.739643983867115,0.656030112,0.0836138718671149,0.6156,3.078,0,""
"m1_rater_mcar",26,500,"raw_fiml","Fleiss",0.643493359003733,0.652494739899285,-0.00900138089555158,0.6156,3.078,0,""
"m1_rater_mcar",26,500,"raw_fiml","Brennan-Prediger",0.646315115113233,0.656030112,-0.00971499688676669,0.6156,3.078,0,""
"m1_rater_mcar",26,500,"raw_ipw","Fleiss",0.644260926345629,0.652494739899285,-0.00823381355365616,0.6156,3.078,0,""
"m1_rater_mcar",26,500,"raw_ipw","Brennan-Prediger",0.647119406888776,0.656030112,-0.0089107051112236,0.6156,3.078,0,""
"m1_rater_mcar",27,500,"counts_fiml","Fleiss",0.743526266697812,0.652494739899285,0.0910315267985273,0.5952,2.976,0.002,""
"m1_rater_mcar",27,500,"counts_fiml","Brennan-Prediger",0.746678441767714,0.656030112,0.0906483297677141,0.5952,2.976,0.002,""
"m1_rater_mcar",27,500,"raw_fiml","Fleiss",0.649156096810913,0.652494739899285,-0.00333864308837228,0.5952,2.976,0.002,""
"m1_rater_mcar",27,500,"raw_fiml","Brennan-Prediger",0.653203998411257,0.656030112,-0.00282611358874263,0.5952,2.976,0.002,""
"m1_rater_mcar",27,500,"raw_ipw","Fleiss",0.656194594819451,0.652494739899285,0.00369985492016567,0.5952,2.976,0.002,""
"m1_rater_mcar",27,500,"raw_ipw","Brennan-Prediger",0.659755296561391,0.656030112,0.00372518456139126,0.5952,2.976,0.002,""
"m1_rater_mcar",28,500,"counts_fiml","Fleiss",0.74999276244546,0.652494739899285,0.097498022546175,0.6068,3.034,0,""
"m1_rater_mcar",28,500,"counts_fiml","Brennan-Prediger",0.752317854760465,0.656030112,0.0962877427604645,0.6068,3.034,0,""
"m1_rater_mcar",28,500,"raw_fiml","Fleiss",0.651887160516435,0.652494739899285,-0.000607579382849832,0.6068,3.034,0,""
"m1_rater_mcar",28,500,"raw_fiml","Brennan-Prediger",0.653893027234635,0.656030112,-0.00213708476536523,0.6068,3.034,0,""
"m1_rater_mcar",28,500,"raw_ipw","Fleiss",0.662784128110723,0.652494739899285,0.0102893882114377,0.6068,3.034,0,""
"m1_rater_mcar",28,500,"raw_ipw","Brennan-Prediger",0.665364867937538,0.656030112,0.00933475593753763,0.6068,3.034,0,""
"m1_rater_mcar",29,500,"counts_fiml","Fleiss",0.746273223472785,0.652494739899285,0.0937784835735006,0.6108,3.054,0.002,""
"m1_rater_mcar",29,500,"counts_fiml","Brennan-Prediger",0.74927384428562,0.656030112,0.0932437322856203,0.6108,3.054,0.002,""
"m1_rater_mcar",29,500,"raw_fiml","Fleiss",0.664726249894701,0.652494739899285,0.0122315099954164,0.6108,3.054,0.002,""
"m1_rater_mcar",29,500,"raw_fiml","Brennan-Prediger",0.667894508546179,0.656030112,0.0118643965461793,0.6108,3.054,0.002,""
"m1_rater_mcar",29,500,"raw_ipw","Fleiss",0.676170573443162,0.652494739899285,0.0236758335438767,0.6108,3.054,0.002,""
"m1_rater_mcar",29,500,"raw_ipw","Brennan-Prediger",0.679693986374541,0.656030112,0.0236638743745412,0.6108,3.054,0.002,""
"m1_rater_mcar",30,500,"counts_fiml","Fleiss",0.7620719856104,0.652494739899285,0.109577245711115,0.6104,3.052,0.004,""
"m1_rater_mcar",30,500,"counts_fiml","Brennan-Prediger",0.764124858607266,0.656030112,0.108094746607265,0.6104,3.052,0.004,""
"m1_rater_mcar",30,500,"raw_fiml","Fleiss",0.673449328582312,0.652494739899285,0.0209545886830267,0.6104,3.052,0.004,""
"m1_rater_mcar",30,500,"raw_fiml","Brennan-Prediger",0.676552176649384,0.656030112,0.020522064649384,0.6104,3.052,0.004,""
"m1_rater_mcar",30,500,"raw_ipw","Fleiss",0.674914769158896,0.652494739899285,0.0224200292596107,0.6104,3.052,0.004,""
"m1_rater_mcar",30,500,"raw_ipw","Brennan-Prediger",0.677075526482855,0.656030112,0.0210454144828551,0.6104,3.052,0.004,""
"m2_value_dropout",1,500,"counts_fiml","Fleiss",0.726230040181145,0.737614095591926,-0.0113840554107808,0.6492,3.246,0.04,""
"m2_value_dropout",1,500,"counts_fiml","Brennan-Prediger",0.732366900595677,0.7403728,-0.00800589940432328,0.6492,3.246,0.04,""
"m2_value_dropout",1,500,"raw_fiml","Fleiss",0.718919250058043,0.737614095591926,-0.0186948455338831,0.6492,3.246,0.04,""
"m2_value_dropout",1,500,"raw_fiml","Brennan-Prediger",0.725240118307552,0.7403728,-0.015132681692448,0.6492,3.246,0.04,""
"m2_value_dropout",1,500,"raw_ipw","Fleiss",0.757166805811202,0.737614095591926,0.0195527102192757,0.6492,3.246,0.04,""
"m2_value_dropout",1,500,"raw_ipw","Brennan-Prediger",0.767310109218879,0.7403728,0.0269373092188789,0.6492,3.246,0.04,""
"m2_value_dropout",2,500,"counts_fiml","Fleiss",0.755575169003525,0.737614095591926,0.0179610734115995,0.6364,3.182,0.02,""
"m2_value_dropout",2,500,"counts_fiml","Brennan-Prediger",0.758158477221718,0.7403728,0.017785677221718,0.6364,3.182,0.02,""
"m2_value_dropout",2,500,"raw_fiml","Fleiss",0.739223385224085,0.737614095591926,0.00160928963215878,0.6364,3.182,0.02,""
"m2_value_dropout",2,500,"raw_fiml","Brennan-Prediger",0.741807615527878,0.7403728,0.0014348155278775,0.6364,3.182,0.02,""
"m2_value_dropout",2,500,"raw_ipw","Fleiss",0.79094296120786,0.737614095591926,0.0533288656159342,0.6364,3.182,0.02,""
"m2_value_dropout",2,500,"raw_ipw","Brennan-Prediger",0.797576069236624,0.7403728,0.0572032692366236,0.6364,3.182,0.02,""
"m2_value_dropout",3,500,"counts_fiml","Fleiss",0.71602992961623,0.737614095591926,-0.021584165975696,0.646,3.23,0.022,""
"m2_value_dropout",3,500,"counts_fiml","Brennan-Prediger",0.722250711879275,0.7403728,-0.0181220881207254,0.646,3.23,0.022,""
"m2_value_dropout",3,500,"raw_fiml","Fleiss",0.70543555333564,0.737614095591926,-0.0321785422562856,0.646,3.23,0.022,""
"m2_value_dropout",3,500,"raw_fiml","Brennan-Prediger",0.711646387967521,0.7403728,-0.0287264120324793,0.646,3.23,0.022,""
"m2_value_dropout",3,500,"raw_ipw","Fleiss",0.733826292381761,0.737614095591926,-0.00378780321016448,0.646,3.23,0.022,""
"m2_value_dropout",3,500,"raw_ipw","Brennan-Prediger",0.744397876775958,0.7403728,0.00402507677595754,0.646,3.23,0.022,""
"m2_value_dropout",4,500,"counts_fiml","Fleiss",0.699473670185862,0.737614095591926,-0.0381404254060641,0.662,3.31,0.008,""
"m2_value_dropout",4,500,"counts_fiml","Brennan-Prediger",0.70597174509517,0.7403728,-0.0344010549048299,0.662,3.31,0.008,""
"m2_value_dropout",4,500,"raw_fiml","Fleiss",0.690987781013517,0.737614095591926,-0.0466263145784086,0.662,3.31,0.008,""
"m2_value_dropout",4,500,"raw_fiml","Brennan-Prediger",0.697677220076003,0.7403728,-0.042695579923997,0.662,3.31,0.008,""
"m2_value_dropout",4,500,"raw_ipw","Fleiss",0.727606369153086,0.737614095591926,-0.0100077264388403,0.662,3.31,0.008,""
"m2_value_dropout",4,500,"raw_ipw","Brennan-Prediger",0.739865081656488,0.7403728,-0.000507718343512042,0.662,3.31,0.008,""
"m2_value_dropout",5,500,"counts_fiml","Fleiss",0.716496535267787,0.737614095591926,-0.0211175603241385,0.6504,3.252,0.024,""
"m2_value_dropout",5,500,"counts_fiml","Brennan-Prediger",0.722256791582367,0.7403728,-0.0181160084176326,0.6504,3.252,0.024,""
"m2_value_dropout",5,500,"raw_fiml","Fleiss",0.693877056630569,0.737614095591926,-0.0437370389613567,0.6504,3.252,0.024,""
"m2_value_dropout",5,500,"raw_fiml","Brennan-Prediger",0.699901150261147,0.7403728,-0.0404716497388533,0.6504,3.252,0.024,""
"m2_value_dropout",5,500,"raw_ipw","Fleiss",0.743856256621549,0.737614095591926,0.00624216102962294,0.6504,3.252,0.024,""
"m2_value_dropout",5,500,"raw_ipw","Brennan-Prediger",0.752888944232885,0.7403728,0.0125161442328848,0.6504,3.252,0.024,""
"m2_value_dropout",6,500,"counts_fiml","Fleiss",0.708841887322293,0.737614095591926,-0.0287722082696328,0.6588,3.294,0.014,""
"m2_value_dropout",6,500,"counts_fiml","Brennan-Prediger",0.715163080695895,0.7403728,-0.0252097193041054,0.6588,3.294,0.014,""
"m2_value_dropout",6,500,"raw_fiml","Fleiss",0.69993231315641,0.737614095591926,-0.0376817824355153,0.6588,3.294,0.014,""
"m2_value_dropout",6,500,"raw_fiml","Brennan-Prediger",0.706517160735224,0.7403728,-0.033855639264776,0.6588,3.294,0.014,""
"m2_value_dropout",6,500,"raw_ipw","Fleiss",0.738055986941103,0.737614095591926,0.000441891349176826,0.6588,3.294,0.014,""
"m2_value_dropout",6,500,"raw_ipw","Brennan-Prediger",0.747661279291693,0.7403728,0.00728847929169274,0.6588,3.294,0.014,""
"m2_value_dropout",7,500,"counts_fiml","Fleiss",0.739815211339199,0.737614095591926,0.00220111574727355,0.6468,3.234,0.008,""
"m2_value_dropout",7,500,"counts_fiml","Brennan-Prediger",0.745186594522899,0.7403728,0.00481379452289876,0.6468,3.234,0.008,""
"m2_value_dropout",7,500,"raw_fiml","Fleiss",0.734798480443339,0.737614095591926,-0.0028156151485873,0.6468,3.234,0.008,""
"m2_value_dropout",7,500,"raw_fiml","Brennan-Prediger",0.740052620798249,0.7403728,-0.000320179201751092,0.6468,3.234,0.008,""
"m2_value_dropout",7,500,"raw_ipw","Fleiss",0.765108611135882,0.737614095591926,0.027494515543956,0.6468,3.234,0.008,""
"m2_value_dropout",7,500,"raw_ipw","Brennan-Prediger",0.773655996271051,0.7403728,0.0332831962710513,0.6468,3.234,0.008,""
"m2_value_dropout",8,500,"counts_fiml","Fleiss",0.756399102619573,0.737614095591926,0.0187850070276475,0.624,3.12,0.026,""
"m2_value_dropout",8,500,"counts_fiml","Brennan-Prediger",0.762686132779896,0.7403728,0.0223133327798962,0.624,3.12,0.026,""
"m2_value_dropout",8,500,"raw_fiml","Fleiss",0.739407770345441,0.737614095591926,0.00179367475351488,0.624,3.12,0.026,""
"m2_value_dropout",8,500,"raw_fiml","Brennan-Prediger",0.746058929900853,0.7403728,0.00568612990085327,0.624,3.12,0.026,""
"m2_value_dropout",8,500,"raw_ipw","Fleiss",0.791824672974476,0.737614095591926,0.0542105773825505,0.624,3.12,0.026,""
"m2_value_dropout",8,500,"raw_ipw","Brennan-Prediger",0.803350987808566,0.7403728,0.0629781878085658,0.624,3.12,0.026,""
"m2_value_dropout",9,500,"counts_fiml","Fleiss",0.73967784451246,0.737614095591926,0.00206374892053462,0.64,3.2,0.026,""
"m2_value_dropout",9,500,"counts_fiml","Brennan-Prediger",0.744127063085409,0.7403728,0.0037542630854086,0.64,3.2,0.026,""
"m2_value_dropout",9,500,"raw_fiml","Fleiss",0.732681405034675,0.737614095591926,-0.00493269055725121,0.64,3.2,0.026,""
"m2_value_dropout",9,500,"raw_fiml","Brennan-Prediger",0.737362601857481,0.7403728,-0.00301019814251902,0.64,3.2,0.026,""
"m2_value_dropout",9,500,"raw_ipw","Fleiss",0.762085258873991,0.737614095591926,0.0244711632820648,0.64,3.2,0.026,""
"m2_value_dropout",9,500,"raw_ipw","Brennan-Prediger",0.770775505548646,0.7403728,0.0304027055486461,0.64,3.2,0.026,""
"m2_value_dropout",10,500,"counts_fiml","Fleiss",0.757406251437143,0.737614095591926,0.0197921558452169,0.658,3.29,0.028,""
"m2_value_dropout",10,500,"counts_fiml","Brennan-Prediger",0.761817276421391,0.7403728,0.0214444764213909,0.658,3.29,0.028,""
"m2_value_dropout",10,500,"raw_fiml","Fleiss",0.744399958527684,0.737614095591926,0.00678586293575811,0.658,3.29,0.028,""
"m2_value_dropout",10,500,"raw_fiml","Brennan-Prediger",0.748714053310478,0.7403728,0.0083412533104783,0.658,3.29,0.028,""
"m2_value_dropout",10,500,"raw_ipw","Fleiss",0.772234777890637,0.737614095591926,0.0346206822987111,0.658,3.29,0.028,""
"m2_value_dropout",10,500,"raw_ipw","Brennan-Prediger",0.781258699162417,0.7403728,0.0408858991624165,0.658,3.29,0.028,""
"m2_value_dropout",11,500,"counts_fiml","Fleiss",0.702032152504742,0.737614095591926,-0.035581943087184,0.628,3.14,0.026,""
"m2_value_dropout",11,500,"counts_fiml","Brennan-Prediger",0.709581708032,0.7403728,-0.0307910919679999,0.628,3.14,0.026,""
"m2_value_dropout",11,500,"raw_fiml","Fleiss",0.691949086060657,0.737614095591926,-0.0456650095312693,0.628,3.14,0.026,""
"m2_value_dropout",11,500,"raw_fiml","Brennan-Prediger",0.69977913350505,0.7403728,-0.0405936664949504,0.628,3.14,0.026,""
"m2_value_dropout",11,500,"raw_ipw","Fleiss",0.702038510442472,0.737614095591926,-0.0355755851494535,0.628,3.14,0.026,""
"m2_value_dropout",11,500,"raw_ipw","Brennan-Prediger",0.712772301986023,0.7403728,-0.0276004980139775,0.628,3.14,0.026,""
"m2_value_dropout",12,500,"counts_fiml","Fleiss",0.743544731359852,0.737614095591926,0.0059306357679263,0.6628,3.314,0.024,""
"m2_value_dropout",12,500,"counts_fiml","Brennan-Prediger",0.748729861327262,0.7403728,0.00835706132726211,0.6628,3.314,0.024,""
"m2_value_dropout",12,500,"raw_fiml","Fleiss",0.719762863803419,0.737614095591926,-0.0178512317885068,0.6628,3.314,0.024,""
"m2_value_dropout",12,500,"raw_fiml","Brennan-Prediger",0.725455867172876,0.7403728,-0.0149169328271239,0.6628,3.314,0.024,""
"m2_value_dropout",12,500,"raw_ipw","Fleiss",0.771774527291911,0.737614095591926,0.0341604316999855,0.6628,3.314,0.024,""
"m2_value_dropout",12,500,"raw_ipw","Brennan-Prediger",0.782970825169526,0.7403728,0.0425980251695256,0.6628,3.314,0.024,""
"m2_value_dropout",13,500,"counts_fiml","Fleiss",0.715942119309099,0.737614095591926,-0.0216719762828265,0.6276,3.138,0.016,""
"m2_value_dropout",13,500,"counts_fiml","Brennan-Prediger",0.719459611932445,0.7403728,-0.020913188067555,0.6276,3.138,0.016,""
"m2_value_dropout",13,500,"raw_fiml","Fleiss",0.6997801459279,0.737614095591926,-0.0378339496640261,0.6276,3.138,0.016,""
"m2_value_dropout",13,500,"raw_fiml","Brennan-Prediger",0.703261637810683,0.7403728,-0.0371111621893172,0.6276,3.138,0.016,""
"m2_value_dropout",13,500,"raw_ipw","Fleiss",0.723954743455521,0.737614095591926,-0.0136593521364045,0.6276,3.138,0.016,""
"m2_value_dropout",13,500,"raw_ipw","Brennan-Prediger",0.73172143630698,0.7403728,-0.00865136369301989,0.6276,3.138,0.016,""
"m2_value_dropout",14,500,"counts_fiml","Fleiss",0.732143065497466,0.737614095591926,-0.00547103009446026,0.6312,3.156,0.02,""
"m2_value_dropout",14,500,"counts_fiml","Brennan-Prediger",0.736058567836013,0.7403728,-0.00431423216398752,0.6312,3.156,0.02,""
"m2_value_dropout",14,500,"raw_fiml","Fleiss",0.718158779058128,0.737614095591926,-0.0194553165337977,0.6312,3.156,0.02,""
"m2_value_dropout",14,500,"raw_fiml","Brennan-Prediger",0.722295949648511,0.7403728,-0.0180768503514888,0.6312,3.156,0.02,""
"m2_value_dropout",14,500,"raw_ipw","Fleiss",0.74243520726729,0.737614095591926,0.00482111167536459,0.6312,3.156,0.02,""
"m2_value_dropout",14,500,"raw_ipw","Brennan-Prediger",0.75080656147241,0.7403728,0.0104337614724102,0.6312,3.156,0.02,""
"m2_value_dropout",15,500,"counts_fiml","Fleiss",0.701625907207741,0.737614095591926,-0.0359881883841845,0.6496,3.248,0.018,""
"m2_value_dropout",15,500,"counts_fiml","Brennan-Prediger",0.706802414812895,0.7403728,-0.0335703851871052,0.6496,3.248,0.018,""
"m2_value_dropout",15,500,"raw_fiml","Fleiss",0.689027983805256,0.737614095591926,-0.04858611178667,0.6496,3.248,0.018,""
"m2_value_dropout",15,500,"raw_fiml","Brennan-Prediger",0.694261666085072,0.7403728,-0.0461111339149285,0.6496,3.248,0.018,""
"m2_value_dropout",15,500,"raw_ipw","Fleiss",0.726857770648747,0.737614095591926,-0.0107563249431791,0.6496,3.248,0.018,""
"m2_value_dropout",15,500,"raw_ipw","Brennan-Prediger",0.738186751444613,0.7403728,-0.00218604855538662,0.6496,3.248,0.018,""
"m2_value_dropout",16,500,"counts_fiml","Fleiss",0.713001798669278,0.737614095591926,-0.0246122969226478,0.6428,3.214,0.026,""
"m2_value_dropout",16,500,"counts_fiml","Brennan-Prediger",0.720382671383596,0.7403728,-0.0199901286164041,0.6428,3.214,0.026,""
"m2_value_dropout",16,500,"raw_fiml","Fleiss",0.697608775287241,0.737614095591926,-0.0400053203046845,0.6428,3.214,0.026,""
"m2_value_dropout",16,500,"raw_fiml","Brennan-Prediger",0.705270577088663,0.7403728,-0.0351022229113369,0.6428,3.214,0.026,""
"m2_value_dropout",16,500,"raw_ipw","Fleiss",0.73353429474592,0.737614095591926,-0.00407980084600534,0.6428,3.214,0.026,""
"m2_value_dropout",16,500,"raw_ipw","Brennan-Prediger",0.746079852186954,0.7403728,0.005707052186954,0.6428,3.214,0.026,""
"m2_value_dropout",17,500,"counts_fiml","Fleiss",0.750875020681044,0.737614095591926,0.0132609250891177,0.652,3.26,0.028,""
"m2_value_dropout",17,500,"counts_fiml","Brennan-Prediger",0.758818289220951,0.7403728,0.0184454892209511,0.652,3.26,0.028,""
"m2_value_dropout",17,500,"raw_fiml","Fleiss",0.739020717510293,0.737614095591926,0.00140662191836716,0.652,3.26,0.028,""
"m2_value_dropout",17,500,"raw_fiml","Brennan-Prediger",0.747184797034467,0.7403728,0.00681199703446667,0.652,3.26,0.028,""
"m2_value_dropout",17,500,"raw_ipw","Fleiss",0.771057266621275,0.737614095591926,0.0334431710293491,0.652,3.26,0.028,""
"m2_value_dropout",17,500,"raw_ipw","Brennan-Prediger",0.782980263686973,0.7403728,0.0426074636869728,0.652,3.26,0.028,""
"m2_value_dropout",18,500,"counts_fiml","Fleiss",0.768468403629613,0.737614095591926,0.0308543080376876,0.6436,3.218,0.02,""
"m2_value_dropout",18,500,"counts_fiml","Brennan-Prediger",0.773066670027715,0.7403728,0.0326938700277154,0.6436,3.218,0.02,""
"m2_value_dropout",18,500,"raw_fiml","Fleiss",0.756668472276419,0.737614095591926,0.0190543766844928,0.6436,3.218,0.02,""
"m2_value_dropout",18,500,"raw_fiml","Brennan-Prediger",0.761229391977606,0.7403728,0.0208565919776064,0.6436,3.218,0.02,""
"m2_value_dropout",18,500,"raw_ipw","Fleiss",0.781726633898117,0.737614095591926,0.0441125383061909,0.6436,3.218,0.02,""
"m2_value_dropout",18,500,"raw_ipw","Brennan-Prediger",0.790797003104963,0.7403728,0.0504242031049634,0.6436,3.218,0.02,""
"m2_value_dropout",19,500,"counts_fiml","Fleiss",0.721138865751021,0.737614095591926,-0.0164752298409052,0.6496,3.248,0.022,""
"m2_value_dropout",19,500,"counts_fiml","Brennan-Prediger",0.72727131004566,0.7403728,-0.0131014899543405,0.6496,3.248,0.022,""
"m2_value_dropout",19,500,"raw_fiml","Fleiss",0.718846644601099,0.737614095591926,-0.0187674509908264,0.6496,3.248,0.022,""
"m2_value_dropout",19,500,"raw_fiml","Brennan-Prediger",0.725063193033451,0.7403728,-0.0153096069665495,0.6496,3.248,0.022,""
"m2_value_dropout",19,500,"raw_ipw","Fleiss",0.740163161551429,0.737614095591926,0.00254906595950277,0.6496,3.248,0.022,""
"m2_value_dropout",19,500,"raw_ipw","Brennan-Prediger",0.751241963843073,0.7403728,0.0108691638430729,0.6496,3.248,0.022,""
"m2_value_dropout",20,500,"counts_fiml","Fleiss",0.719272932356419,0.737614095591926,-0.0183411632355067,0.6548,3.274,0.024,""
"m2_value_dropout",20,500,"counts_fiml","Brennan-Prediger",0.72416004627046,0.7403728,-0.0162127537295398,0.6548,3.274,0.024,""
"m2_value_dropout",20,500,"raw_fiml","Fleiss",0.70985126701447,0.737614095591926,-0.0277628285774559,0.6548,3.274,0.024,""
"m2_value_dropout",20,500,"raw_fiml","Brennan-Prediger",0.714670996698481,0.7403728,-0.0257018033015191,0.6548,3.274,0.024,""
"m2_value_dropout",20,500,"raw_ipw","Fleiss",0.737577084974449,0.737614095591926,-3.70106174768514e-05,0.6548,3.274,0.024,""
"m2_value_dropout",20,500,"raw_ipw","Brennan-Prediger",0.747352714501044,0.7403728,0.00697991450104396,0.6548,3.274,0.024,""
"m2_value_dropout",21,500,"counts_fiml","Fleiss",0.727933451557878,0.737614095591926,-0.009680644034048,0.6344,3.172,0.024,""
"m2_value_dropout",21,500,"counts_fiml","Brennan-Prediger",0.733729326127023,0.7403728,-0.00664347387297703,0.6344,3.172,0.024,""
"m2_value_dropout",21,500,"raw_fiml","Fleiss",0.714062031788189,0.737614095591926,-0.0235520638037363,0.6344,3.172,0.024,""
"m2_value_dropout",21,500,"raw_fiml","Brennan-Prediger",0.720103127888201,0.7403728,-0.0202696721117994,0.6344,3.172,0.024,""
"m2_value_dropout",21,500,"raw_ipw","Fleiss",0.751466991922439,0.737614095591926,0.0138528963305137,0.6344,3.172,0.024,""
"m2_value_dropout",21,500,"raw_ipw","Brennan-Prediger",0.761556560816273,0.7403728,0.0211837608162732,0.6344,3.172,0.024,""
"m2_value_dropout",22,500,"counts_fiml","Fleiss",0.715841821286552,0.737614095591926,-0.021772274305374,0.6452,3.226,0.012,""
"m2_value_dropout",22,500,"counts_fiml","Brennan-Prediger",0.719467423629858,0.7403728,-0.0209053763701421,0.6452,3.226,0.012,""
"m2_value_dropout",22,500,"raw_fiml","Fleiss",0.712233271317614,0.737614095591926,-0.0253808242743122,0.6452,3.226,0.012,""
"m2_value_dropout",22,500,"raw_fiml","Brennan-Prediger",0.715665175454562,0.7403728,-0.0247076245454378,0.6452,3.226,0.012,""
"m2_value_dropout",22,500,"raw_ipw","Fleiss",0.732518102909276,0.737614095591926,-0.00509599268264971,0.6452,3.226,0.012,""
"m2_value_dropout",22,500,"raw_ipw","Brennan-Prediger",0.741956688970428,0.7403728,0.0015838889704276,0.6452,3.226,0.012,""
"m2_value_dropout",23,500,"counts_fiml","Fleiss",0.714392389426683,0.737614095591926,-0.0232217061652426,0.6272,3.136,0.02,""
"m2_value_dropout",23,500,"counts_fiml","Brennan-Prediger",0.721056667482105,0.7403728,-0.0193161325178948,0.6272,3.136,0.02,""
"m2_value_dropout",23,500,"raw_fiml","Fleiss",0.708936218125616,0.737614095591926,-0.0286778774663093,0.6272,3.136,0.02,""
"m2_value_dropout",23,500,"raw_fiml","Brennan-Prediger",0.715585804413257,0.7403728,-0.0247869955867428,0.6272,3.136,0.02,""
"m2_value_dropout",23,500,"raw_ipw","Fleiss",0.755033988295459,0.737614095591926,0.0174198927035336,0.6272,3.136,0.02,""
"m2_value_dropout",23,500,"raw_ipw","Brennan-Prediger",0.765709906702293,0.7403728,0.0253371067022928,0.6272,3.136,0.02,""
"m2_value_dropout",24,500,"counts_fiml","Fleiss",0.724867223485027,0.737614095591926,-0.0127468721068985,0.6388,3.194,0.01,""
"m2_value_dropout",24,500,"counts_fiml","Brennan-Prediger",0.729102794224098,0.7403728,-0.0112700057759016,0.6388,3.194,0.01,""
"m2_value_dropout",24,500,"raw_fiml","Fleiss",0.71508835827651,0.737614095591926,-0.0225257373154162,0.6388,3.194,0.01,""
"m2_value_dropout",24,500,"raw_fiml","Brennan-Prediger",0.719593005772661,0.7403728,-0.0207797942273393,0.6388,3.194,0.01,""
"m2_value_dropout",24,500,"raw_ipw","Fleiss",0.744726619637223,0.737614095591926,0.00711252404529727,0.6388,3.194,0.01,""
"m2_value_dropout",24,500,"raw_ipw","Brennan-Prediger",0.754455638371762,0.7403728,0.0140828383717624,0.6388,3.194,0.01,""
"m2_value_dropout",25,500,"counts_fiml","Fleiss",0.723226987670751,0.737614095591926,-0.0143871079211744,0.6428,3.214,0.028,""
"m2_value_dropout",25,500,"counts_fiml","Brennan-Prediger",0.727938150361255,0.7403728,-0.0124346496387451,0.6428,3.214,0.028,""
"m2_value_dropout",25,500,"raw_fiml","Fleiss",0.702781525727769,0.737614095591926,-0.0348325698641573,0.6428,3.214,0.028,""
"m2_value_dropout",25,500,"raw_fiml","Brennan-Prediger",0.707655539064247,0.7403728,-0.0327172609357529,0.6428,3.214,0.028,""
"m2_value_dropout",25,500,"raw_ipw","Fleiss",0.751435383937517,0.737614095591926,0.013821288345591,0.6428,3.214,0.028,""
"m2_value_dropout",25,500,"raw_ipw","Brennan-Prediger",0.760857663923524,0.7403728,0.0204848639235243,0.6428,3.214,0.028,""
"m2_value_dropout",26,500,"counts_fiml","Fleiss",0.724008925597012,0.737614095591926,-0.0136051699949141,0.6452,3.226,0.026,""
"m2_value_dropout",26,500,"counts_fiml","Brennan-Prediger",0.728647606113663,0.7403728,-0.011725193886337,0.6452,3.226,0.026,""
"m2_value_dropout",26,500,"raw_fiml","Fleiss",0.711824257835527,0.737614095591926,-0.0257898377563989,0.6452,3.226,0.026,""
"m2_value_dropout",26,500,"raw_fiml","Brennan-Prediger",0.716488371537009,0.7403728,-0.0238844284629909,0.6452,3.226,0.026,""
"m2_value_dropout",26,500,"raw_ipw","Fleiss",0.742843655220614,0.737614095591926,0.00522955962868821,0.6452,3.226,0.026,""
"m2_value_dropout",26,500,"raw_ipw","Brennan-Prediger",0.752543341037713,0.7403728,0.0121705410377129,0.6452,3.226,0.026,""
"m2_value_dropout",27,500,"counts_fiml","Fleiss",0.751547320732658,0.737614095591926,0.0139332251407326,0.6312,3.156,0.022,""
"m2_value_dropout",27,500,"counts_fiml","Brennan-Prediger",0.756870728168451,0.7403728,0.0164979281684511,0.6312,3.156,0.022,""
"m2_value_dropout",27,500,"raw_fiml","Fleiss",0.738328769010528,0.737614095591926,0.000714673418601763,0.6312,3.156,0.022,""
"m2_value_dropout",27,500,"raw_fiml","Brennan-Prediger",0.743780898313228,0.7403728,0.00340809831322786,0.6312,3.156,0.022,""
"m2_value_dropout",27,500,"raw_ipw","Fleiss",0.778657697774596,0.737614095591926,0.0410436021826704,0.6312,3.156,0.022,""
"m2_value_dropout",27,500,"raw_ipw","Brennan-Prediger",0.787057205212988,0.7403728,0.0466844052129883,0.6312,3.156,0.022,""
"m2_value_dropout",28,500,"counts_fiml","Fleiss",0.70420982136622,0.737614095591926,-0.0334042742257054,0.6484,3.242,0.02,""
"m2_value_dropout",28,500,"counts_fiml","Brennan-Prediger",0.709558086857653,0.7403728,-0.0308147131423473,0.6484,3.242,0.02,""
"m2_value_dropout",28,500,"raw_fiml","Fleiss",0.690696603712403,0.737614095591926,-0.0469174918795229,0.6484,3.242,0.02,""
"m2_value_dropout",28,500,"raw_fiml","Brennan-Prediger",0.69628723378327,0.7403728,-0.0440855662167305,0.6484,3.242,0.02,""
"m2_value_dropout",28,500,"raw_ipw","Fleiss",0.732067012819238,0.737614095591926,-0.00554708277268745,0.6484,3.242,0.02,""
"m2_value_dropout",28,500,"raw_ipw","Brennan-Prediger",0.742130366834952,0.7403728,0.0017575668349521,0.6484,3.242,0.02,""
"m2_value_dropout",29,500,"counts_fiml","Fleiss",0.710493319494799,0.737614095591926,-0.0271207760971266,0.6348,3.174,0.024,""
"m2_value_dropout",29,500,"counts_fiml","Brennan-Prediger",0.717030392796905,0.7403728,-0.0233424072030954,0.6348,3.174,0.024,""
"m2_value_dropout",29,500,"raw_fiml","Fleiss",0.698516788475071,0.737614095591926,-0.0390973071168548,0.6348,3.174,0.024,""
"m2_value_dropout",29,500,"raw_fiml","Brennan-Prediger",0.705126756656421,0.7403728,-0.0352460433435792,0.6348,3.174,0.024,""
"m2_value_dropout",29,500,"raw_ipw","Fleiss",0.725384586445617,0.737614095591926,-0.0122295091463089,0.6348,3.174,0.024,""
"m2_value_dropout",29,500,"raw_ipw","Brennan-Prediger",0.737160564581839,0.7403728,-0.00321223541816096,0.6348,3.174,0.024,""
"m2_value_dropout",30,500,"counts_fiml","Fleiss",0.736566827338825,0.737614095591926,-0.00104726825310109,0.642,3.21,0.022,""
"m2_value_dropout",30,500,"counts_fiml","Brennan-Prediger",0.742542262952312,0.7403728,0.00216946295231168,0.642,3.21,0.022,""
"m2_value_dropout",30,500,"raw_fiml","Fleiss",0.729221411273145,0.737614095591926,-0.00839268431878126,0.642,3.21,0.022,""
"m2_value_dropout",30,500,"raw_fiml","Brennan-Prediger",0.735363361884313,0.7403728,-0.00500943811568755,0.642,3.21,0.022,""
"m2_value_dropout",30,500,"raw_ipw","Fleiss",0.764772234212225,0.737614095591926,0.0271581386202993,0.642,3.21,0.022,""
"m2_value_dropout",30,500,"raw_ipw","Brennan-Prediger",0.773323966853607,0.7403728,0.0329511668536067,0.642,3.21,0.022,""
