"target","R","n","coefficient","method","source","reps","valid_reps","coverage","miss_below","miss_above","mean_length","median_length","mean_estimate","bias","mean_se","mean_boot_reps_used"
0.8,2,10,"Conger","boot_basic","nonparametric bootstrap",120,120,0.541666666666667,0.0333333333333333,0.425,0.563346624210914,0.564457763964942,0.779437381468465,-0.0205626185315351,0.142482431979719,148.958333333333
0.8,2,10,"Conger","boot_bca","Efron 1987 BCa",120,120,0.7,0.025,0.275,0.603056684385946,0.580398418065816,0.779437381468465,-0.0205626185315351,0.142482431979719,148.958333333333
0.8,2,10,"Conger","boot_percentile","nonparametric bootstrap",120,120,0.65,0.025,0.325,0.563346624210914,0.564457763964942,0.779437381468465,-0.0205626185315351,0.142482431979719,148.958333333333
0.8,2,10,"Conger","boot_t","Efron 1987 bootstrap-t",120,94,0.723404255319149,0.0106382978723404,0.265957446808511,1.88876057349103,0.774932582891475,0.779437381468465,-0.0205626185315351,0.142482431979719,148.946808510638
0.8,2,10,"Conger","boot_t_arcsine","Efron 1987 bootstrap-t",120,94,0.542553191489362,0.180851063829787,0.276595744680851,0.68316821488299,0.491418444141377,0.779437381468465,-0.0205626185315351,0.142482431979719,148.946808510638
0.8,2,10,"Conger","boot_t_fisher","Efron 1987 bootstrap-t",120,94,0.691489361702128,0.0319148936170213,0.276595744680851,0.68221082840934,0.474843554376238,0.779437381468465,-0.0205626185315351,0.142482431979719,148.946808510638
0.8,2,10,"Conger","moss_arcsine","Moss 2024 transform",120,120,0.625,0.0333333333333333,0.341666666666667,0.586884100657322,0.480605746514367,0.779437381468465,-0.0205626185315351,0.142482431979719,NA
0.8,2,10,"Conger","moss_basic","Moss 2024 transform",120,120,0.625,0.0166666666666667,0.358333333333333,0.644635308151659,0.499064976826235,0.779437381468465,-0.0205626185315351,0.142482431979719,NA
0.8,2,10,"Conger","moss_fisher","Moss 2024 transform",120,120,0.725,0.0416666666666667,0.233333333333333,0.683210445245395,0.689530714244126,0.779437381468465,-0.0205626185315351,0.142482431979719,NA
0.8,2,20,"Conger","boot_basic","nonparametric bootstrap",120,120,0.633333333333333,0.0333333333333333,0.333333333333333,0.467028503868431,0.451376604103363,0.787861535061608,-0.0121384649383923,0.121014807120461,149
0.8,2,20,"Conger","boot_bca","Efron 1987 BCa",120,120,0.783333333333333,0.025,0.191666666666667,0.514247154869574,0.527619642716303,0.787861535061608,-0.0121384649383923,0.121014807120461,149
0.8,2,20,"Conger","boot_percentile","nonparametric bootstrap",120,120,0.725,0.0333333333333333,0.241666666666667,0.467028503868432,0.451376604103363,0.787861535061608,-0.0121384649383923,0.121014807120461,149
0.8,2,20,"Conger","boot_t","Efron 1987 bootstrap-t",120,112,0.803571428571429,0.00892857142857143,0.1875,1.29147606958924,0.975951326060846,0.787861535061608,-0.0121384649383923,0.121014807120461,149
0.8,2,20,"Conger","boot_t_arcsine","Efron 1987 bootstrap-t",120,112,0.776785714285714,0.0267857142857143,0.196428571428571,0.841803296315779,0.806896957543032,0.787861535061608,-0.0121384649383923,0.121014807120461,149
0.8,2,20,"Conger","boot_t_fisher","Efron 1987 bootstrap-t",120,112,0.758928571428571,0.0357142857142857,0.205357142857143,0.668427800364777,0.675880500499013,0.787861535061608,-0.0121384649383923,0.121014807120461,149
0.8,2,20,"Conger","moss_arcsine","Moss 2024 transform",120,120,0.758333333333333,0.0416666666666667,0.2,0.484357360315871,0.483851887547443,0.787861535061608,-0.0121384649383923,0.121014807120461,NA
0.8,2,20,"Conger","moss_basic","Moss 2024 transform",120,120,0.716666666666667,0.025,0.258333333333333,0.506573804485412,0.499481006553022,0.787861535061608,-0.0121384649383923,0.121014807120461,NA
0.8,2,20,"Conger","moss_fisher","Moss 2024 transform",120,120,0.766666666666667,0.0583333333333333,0.175,0.560618403307366,0.589138420230682,0.787861535061608,-0.0121384649383923,0.121014807120461,NA
0.8,2,40,"Conger","boot_basic","nonparametric bootstrap",120,120,0.833333333333333,0.00833333333333333,0.158333333333333,0.368993616224657,0.365794595195096,0.795714184277172,-0.00428581572282805,0.0965255250916958,149
0.8,2,40,"Conger","boot_bca","Efron 1987 BCa",120,120,0.9,0.00833333333333333,0.0916666666666667,0.401652588335784,0.416800643178546,0.795714184277172,-0.00428581572282805,0.0965255250916958,149
0.8,2,40,"Conger","boot_percentile","nonparametric bootstrap",120,120,0.875,0.00833333333333333,0.116666666666667,0.368993616224657,0.365794595195096,0.795714184277172,-0.00428581572282805,0.0965255250916958,149
0.8,2,40,"Conger","boot_t","Efron 1987 bootstrap-t",120,119,0.949579831932773,0.00840336134453781,0.0420168067226891,0.875103337952353,0.72992780542934,0.795714184277172,-0.00428581572282805,0.0965255250916958,149
0.8,2,40,"Conger","boot_t_arcsine","Efron 1987 bootstrap-t",120,119,0.949579831932773,0.00840336134453781,0.0420168067226891,0.690770176053146,0.638900134159995,0.795714184277172,-0.00428581572282805,0.0965255250916958,149
0.8,2,40,"Conger","boot_t_fisher","Efron 1987 bootstrap-t",120,119,0.932773109243697,0.0168067226890756,0.0504201680672269,0.570043554519388,0.555499195073119,0.795714184277172,-0.00428581572282805,0.0965255250916958,149
0.8,2,40,"Conger","moss_arcsine","Moss 2024 transform",120,120,0.883333333333333,0.00833333333333333,0.108333333333333,0.382472481686381,0.4045510881519,0.795714184277172,-0.00428581572282805,0.0965255250916958,NA
0.8,2,40,"Conger","moss_basic","Moss 2024 transform",120,120,0.858333333333333,0.00833333333333333,0.133333333333333,0.390482606309507,0.412019740906617,0.795714184277172,-0.00428581572282805,0.0965255250916958,NA
0.8,2,40,"Conger","moss_fisher","Moss 2024 transform",120,120,0.883333333333333,0.025,0.0916666666666667,0.42389761808908,0.461647634960882,0.795714184277172,-0.00428581572282805,0.0965255250916958,NA
0.8,5,10,"Conger","boot_basic","nonparametric bootstrap",120,120,0.775,0.0416666666666667,0.183333333333333,0.531488689238613,0.553418522442313,0.743753826031623,-0.0562461739683766,0.121202782063092,148.975
0.8,5,10,"Conger","boot_bca","Efron 1987 BCa",120,120,0.85,0.05,0.1,0.536287735402401,0.554061746109296,0.743753826031623,-0.0562461739683766,0.121202782063092,148.975
0.8,5,10,"Conger","boot_percentile","nonparametric bootstrap",120,120,0.791666666666667,0.108333333333333,0.1,0.531488689238613,0.553418522442313,0.743753826031623,-0.0562461739683766,0.121202782063092,148.975
0.8,5,10,"Conger","boot_t","Efron 1987 bootstrap-t",120,118,0.906779661016949,0,0.0932203389830508,1.26131762172925,0.994827657978586,0.743753826031623,-0.0562461739683766,0.121202782063092,148.991525423729
0.8,5,10,"Conger","boot_t_arcsine","Efron 1987 bootstrap-t",120,118,0.847457627118644,0.0593220338983051,0.0932203389830508,0.759582293957087,0.726907947193198,0.743753826031623,-0.0562461739683766,0.121202782063092,148.991525423729
0.8,5,10,"Conger","boot_t_fisher","Efron 1987 bootstrap-t",120,118,0.889830508474576,0.0169491525423729,0.0932203389830508,0.657069117537012,0.66386908192046,0.743753826031623,-0.0562461739683766,0.121202782063092,148.991525423729
0.8,5,10,"Conger","moss_arcsine","Moss 2024 transform",120,120,0.808333333333333,0.0666666666666667,0.125,0.527642773207277,0.5597141227515,0.743753826031623,-0.0562461739683766,0.121202782063092,NA
0.8,5,10,"Conger","moss_basic","Moss 2024 transform",120,120,0.825,0.0333333333333333,0.141666666666667,0.548359483190187,0.578520101533171,0.743753826031623,-0.0562461739683766,0.121202782063092,NA
0.8,5,10,"Conger","moss_fisher","Moss 2024 transform",120,120,0.825,0.0916666666666667,0.0833333333333333,0.593949080413193,0.641383438689429,0.743753826031623,-0.0562461739683766,0.121202782063092,NA
0.8,5,20,"Conger","boot_basic","nonparametric bootstrap",120,120,0.808333333333333,0.00833333333333333,0.183333333333333,0.331985348782579,0.336453218849328,0.800409231328747,0.000409231328746595,0.0833726322241355,149
0.8,5,20,"Conger","boot_bca","Efron 1987 BCa",120,120,0.933333333333333,0.0166666666666667,0.05,0.341602447281239,0.348421992433372,0.800409231328747,0.000409231328746595,0.0833726322241355,149
0.8,5,20,"Conger","boot_percentile","nonparametric bootstrap",120,120,0.916666666666667,0.0166666666666667,0.0666666666666667,0.331985348782579,0.336453218849328,0.800409231328747,0.000409231328746595,0.0833726322241355,149
0.8,5,20,"Conger","boot_t","Efron 1987 bootstrap-t",120,120,0.983333333333333,0,0.0166666666666667,0.630147070819851,0.535040138620329,0.800409231328747,0.000409231328746595,0.0833726322241355,149
0.8,5,20,"Conger","boot_t_arcsine","Efron 1987 bootstrap-t",120,120,0.983333333333333,0,0.0166666666666667,0.535038653152488,0.472077299323105,0.800409231328747,0.000409231328746595,0.0833726322241355,149
0.8,5,20,"Conger","boot_t_fisher","Efron 1987 bootstrap-t",120,120,0.975,0.00833333333333333,0.0166666666666667,0.459949580546748,0.416120007358714,0.800409231328747,0.000409231328746595,0.0833726322241355,149
0.8,5,20,"Conger","moss_arcsine","Moss 2024 transform",120,120,0.925,0.025,0.05,0.343410407584092,0.349712412971324,0.800409231328747,0.000409231328746595,0.0833726322241355,NA
0.8,5,20,"Conger","moss_basic","Moss 2024 transform",120,120,0.891666666666667,0.00833333333333333,0.1,0.349001849448906,0.355150383060468,0.800409231328747,0.000409231328746595,0.0833726322241355,NA
0.8,5,20,"Conger","moss_fisher","Moss 2024 transform",120,120,0.95,0.025,0.025,0.378553083111629,0.38480086231372,0.800409231328747,0.000409231328746595,0.0833726322241355,NA
0.8,5,40,"Conger","boot_basic","nonparametric bootstrap",120,120,0.875,0.00833333333333333,0.116666666666667,0.241145221782328,0.243626373589132,0.799413787887334,-0.00058621211266574,0.061340176031988,149
0.8,5,40,"Conger","boot_bca","Efron 1987 BCa",120,120,0.966666666666667,0.00833333333333333,0.025,0.247758907908638,0.243877937047915,0.799413787887334,-0.00058621211266574,0.061340176031988,149
0.8,5,40,"Conger","boot_percentile","nonparametric bootstrap",120,120,0.925,0.025,0.05,0.241145221782328,0.243626373589132,0.799413787887334,-0.00058621211266574,0.061340176031988,149
0.8,5,40,"Conger","boot_t","Efron 1987 bootstrap-t",120,120,0.991666666666667,0.00833333333333333,0,0.291692476172025,0.282857464429921,0.799413787887334,-0.00058621211266574,0.061340176031988,149
0.8,5,40,"Conger","boot_t_arcsine","Efron 1987 bootstrap-t",120,120,0.983333333333333,0.00833333333333333,0.00833333333333333,0.275939773505238,0.26827935488674,0.799413787887334,-0.00058621211266574,0.061340176031988,149
0.8,5,40,"Conger","boot_t_fisher","Efron 1987 bootstrap-t",120,120,0.983333333333333,0.00833333333333333,0.00833333333333333,0.26128381528293,0.254605917050429,0.799413787887334,-0.00058621211266574,0.061340176031988,149
0.8,5,40,"Conger","moss_arcsine","Moss 2024 transform",120,120,0.958333333333333,0.00833333333333333,0.0333333333333333,0.246272974482287,0.245379796686236,0.799413787887334,-0.00058621211266574,0.061340176031988,NA
0.8,5,40,"Conger","moss_basic","Moss 2024 transform",120,120,0.916666666666667,0.00833333333333333,0.075,0.248144434186717,0.247312569296425,0.799413787887334,-0.00058621211266574,0.061340176031988,NA
0.8,5,40,"Conger","moss_fisher","Moss 2024 transform",120,120,0.941666666666667,0.025,0.0333333333333333,0.257613251761484,0.258212453669871,0.799413787887334,-0.00058621211266574,0.061340176031988,NA
0.8,2,10,"Fleiss","boot_basic","nonparametric bootstrap",120,120,0.558333333333333,0.0166666666666667,0.425,0.627846485904035,0.610569561976625,0.774845708902046,-0.0251542910979544,0.150404249967913,148.958333333333
0.8,2,10,"Fleiss","boot_bca","Efron 1987 BCa",120,120,0.708333333333333,0.0166666666666667,0.275,0.684719536398719,0.645079688624245,0.774845708902046,-0.0251542910979544,0.150404249967913,148.958333333333
0.8,2,10,"Fleiss","boot_percentile","nonparametric bootstrap",120,120,0.65,0.025,0.325,0.627846485904035,0.610569561976625,0.774845708902046,-0.0251542910979544,0.150404249967913,148.958333333333
0.8,2,10,"Fleiss","boot_t","Efron 1987 bootstrap-t",120,94,0.723404255319149,0.0106382978723404,0.265957446808511,1.82761013528099,0.730210656394002,0.774845708902046,-0.0251542910979544,0.150404249967913,148.946808510638
0.8,2,10,"Fleiss","boot_t_arcsine","Efron 1987 bootstrap-t",120,94,0.659574468085106,0.0638297872340425,0.276595744680851,0.694556704620243,0.465263545463014,0.774845708902046,-0.0251542910979544,0.150404249967913,148.946808510638
0.8,2,10,"Fleiss","boot_t_fisher","Efron 1987 bootstrap-t",120,94,0.680851063829787,0.0425531914893617,0.276595744680851,0.690206069031075,0.47788971884058,0.774845708902046,-0.0251542910979544,0.150404249967913,148.946808510638
0.8,2,10,"Fleiss","moss_arcsine","Moss 2024 transform",120,120,0.625,0.0333333333333333,0.341666666666667,0.6124317126888,0.499415176021341,0.774845708902046,-0.0251542910979544,0.150404249967913,NA
0.8,2,10,"Fleiss","moss_basic","Moss 2024 transform",120,120,0.633333333333333,0.00833333333333333,0.358333333333333,0.680476102760413,0.519956670123723,0.774845708902046,-0.0251542910979544,0.150404249967913,NA
0.8,2,10,"Fleiss","moss_fisher","Moss 2024 transform",120,120,0.733333333333333,0.0333333333333333,0.233333333333333,0.709960287494156,0.69762821869569,0.774845708902046,-0.0251542910979544,0.150404249967913,NA
0.8,2,20,"Fleiss","boot_basic","nonparametric bootstrap",120,120,0.65,0.0166666666666667,0.333333333333333,0.491173973266119,0.464722493980848,0.785868881506031,-0.0141311184939691,0.124051942946511,149
0.8,2,20,"Fleiss","boot_bca","Efron 1987 BCa",120,120,0.783333333333333,0.025,0.191666666666667,0.544368034119631,0.539868737602229,0.785868881506031,-0.0141311184939691,0.124051942946511,149
0.8,2,20,"Fleiss","boot_percentile","nonparametric bootstrap",120,120,0.75,0.0333333333333333,0.216666666666667,0.491173973266119,0.464722493980848,0.785868881506031,-0.0141311184939691,0.124051942946511,149
0.8,2,20,"Fleiss","boot_t","Efron 1987 bootstrap-t",120,112,0.803571428571429,0.00892857142857143,0.1875,1.30922382253124,0.985293565026197,0.785868881506031,-0.0141311184939691,0.124051942946511,149
0.8,2,20,"Fleiss","boot_t_arcsine","Efron 1987 bootstrap-t",120,112,0.776785714285714,0.0267857142857143,0.196428571428571,0.848943290833788,0.800217234591434,0.785868881506031,-0.0141311184939691,0.124051942946511,149
0.8,2,20,"Fleiss","boot_t_fisher","Efron 1987 bootstrap-t",120,112,0.732142857142857,0.0625,0.205357142857143,0.675487939756804,0.67156463909483,0.785868881506031,-0.0141311184939691,0.124051942946511,149
0.8,2,20,"Fleiss","moss_arcsine","Moss 2024 transform",120,120,0.758333333333333,0.0416666666666667,0.2,0.495417777460226,0.485255698953153,0.785868881506031,-0.0141311184939691,0.124051942946511,NA
0.8,2,20,"Fleiss","moss_basic","Moss 2024 transform",120,120,0.725,0.0166666666666667,0.258333333333333,0.51928740116627,0.500638618903172,0.785868881506031,-0.0141311184939691,0.124051942946511,NA
0.8,2,20,"Fleiss","moss_fisher","Moss 2024 transform",120,120,0.775,0.05,0.175,0.572842872016515,0.607472759680169,0.785868881506031,-0.0141311184939691,0.124051942946511,NA
0.8,2,40,"Fleiss","boot_basic","nonparametric bootstrap",120,120,0.833333333333333,0.00833333333333333,0.158333333333333,0.377443730695437,0.371004241600454,0.794790820506496,-0.0052091794935043,0.097671918468681,149
0.8,2,40,"Fleiss","boot_bca","Efron 1987 BCa",120,120,0.9,0.00833333333333333,0.0916666666666667,0.41373477912744,0.419028656717892,0.794790820506496,-0.0052091794935043,0.097671918468681,149
0.8,2,40,"Fleiss","boot_percentile","nonparametric bootstrap",120,120,0.883333333333333,0.00833333333333333,0.108333333333333,0.377443730695437,0.371004241600454,0.794790820506496,-0.0052091794935043,0.097671918468681,149
0.8,2,40,"Fleiss","boot_t","Efron 1987 bootstrap-t",120,119,0.949579831932773,0.00840336134453781,0.0420168067226891,0.880361667076457,0.730581446399942,0.794790820506496,-0.0052091794935043,0.097671918468681,149
0.8,2,40,"Fleiss","boot_t_arcsine","Efron 1987 bootstrap-t",120,119,0.949579831932773,0.00840336134453781,0.0420168067226891,0.695086245152454,0.634318928429374,0.794790820506496,-0.0052091794935043,0.097671918468681,149
0.8,2,40,"Fleiss","boot_t_fisher","Efron 1987 bootstrap-t",120,119,0.932773109243697,0.0168067226890756,0.0504201680672269,0.574054657034953,0.564944288016011,0.794790820506496,-0.0052091794935043,0.097671918468681,149
0.8,2,40,"Fleiss","moss_arcsine","Moss 2024 transform",120,120,0.883333333333333,0.00833333333333333,0.108333333333333,0.386828733596462,0.407247922057704,0.794790820506496,-0.0052091794935043,0.097671918468681,NA
0.8,2,40,"Fleiss","moss_basic","Moss 2024 transform",120,120,0.858333333333333,0.00833333333333333,0.133333333333333,0.395120205258344,0.416847627472348,0.794790820506496,-0.0052091794935043,0.097671918468681,NA
0.8,2,40,"Fleiss","moss_fisher","Moss 2024 transform",120,120,0.9,0.00833333333333333,0.0916666666666667,0.428768948803115,0.463147157660477,0.794790820506496,-0.0052091794935043,0.097671918468681,NA
0.8,5,10,"Fleiss","boot_basic","nonparametric bootstrap",120,120,0.783333333333333,0.0416666666666667,0.175,0.550757693169326,0.571406691979311,0.74210751567825,-0.0578924843217502,0.12341800972909,148.975
0.8,5,10,"Fleiss","boot_bca","Efron 1987 BCa",120,120,0.85,0.05,0.1,0.553684077018406,0.570928498346123,0.74210751567825,-0.0578924843217502,0.12341800972909,148.975
0.8,5,10,"Fleiss","boot_percentile","nonparametric bootstrap",120,120,0.8,0.108333333333333,0.0916666666666667,0.550757693169326,0.571406691979311,0.74210751567825,-0.0578924843217502,0.12341800972909,148.975
0.8,5,10,"Fleiss","boot_t","Efron 1987 bootstrap-t",120,118,0.906779661016949,0,0.0932203389830508,1.25633864752023,0.984272522588145,0.74210751567825,-0.0578924843217502,0.12341800972909,148.991525423729
0.8,5,10,"Fleiss","boot_t_arcsine","Efron 1987 bootstrap-t",120,118,0.830508474576271,0.076271186440678,0.0932203389830508,0.759198913335175,0.719884869169635,0.74210751567825,-0.0578924843217502,0.12341800972909,148.991525423729
0.8,5,10,"Fleiss","boot_t_fisher","Efron 1987 bootstrap-t",120,118,0.88135593220339,0.0254237288135593,0.0932203389830508,0.661071762380665,0.663619100710428,0.74210751567825,-0.0578924843217502,0.12341800972909,148.991525423729
0.8,5,10,"Fleiss","moss_arcsine","Moss 2024 transform",120,120,0.808333333333333,0.0666666666666667,0.125,0.536537820216292,0.568448026967207,0.74210751567825,-0.0578924843217502,0.12341800972909,NA
0.8,5,10,"Fleiss","moss_basic","Moss 2024 transform",120,120,0.833333333333333,0.025,0.141666666666667,0.558381869453921,0.586889013907241,0.74210751567825,-0.0578924843217502,0.12341800972909,NA
0.8,5,10,"Fleiss","moss_fisher","Moss 2024 transform",120,120,0.825,0.0916666666666667,0.0833333333333333,0.60389168068965,0.648973892844904,0.74210751567825,-0.0578924843217502,0.12341800972909,NA
0.8,5,20,"Fleiss","boot_basic","nonparametric bootstrap",120,120,0.816666666666667,0,0.183333333333333,0.336195234812805,0.338872844841119,0.799963789410163,-3.62105898370491e-05,0.0838687005701783,149
0.8,5,20,"Fleiss","boot_bca","Efron 1987 BCa",120,120,0.933333333333333,0.0166666666666667,0.05,0.345852517515572,0.351953062561932,0.799963789410163,-3.62105898370491e-05,0.0838687005701783,149
0.8,5,20,"Fleiss","boot_percentile","nonparametric bootstrap",120,120,0.916666666666667,0.0166666666666667,0.0666666666666667,0.336195234812805,0.338872844841119,0.799963789410163,-3.62105898370491e-05,0.0838687005701783,149
0.8,5,20,"Fleiss","boot_t","Efron 1987 bootstrap-t",120,120,0.983333333333333,0,0.0166666666666667,0.631568786100483,0.53509370870587,0.799963789410163,-3.62105898370491e-05,0.0838687005701783,149
0.8,5,20,"Fleiss","boot_t_arcsine","Efron 1987 bootstrap-t",120,120,0.975,0.00833333333333333,0.0166666666666667,0.536553743879995,0.471881364152875,0.799963789410163,-3.62105898370491e-05,0.0838687005701783,149
0.8,5,20,"Fleiss","boot_t_fisher","Efron 1987 bootstrap-t",120,120,0.975,0.00833333333333333,0.0166666666666667,0.461387099237312,0.417008938842351,0.799963789410163,-3.62105898370491e-05,0.0838687005701783,149
0.8,5,20,"Fleiss","moss_arcsine","Moss 2024 transform",120,120,0.925,0.025,0.05,0.345393235310337,0.351545156167061,0.799963789410163,-3.62105898370491e-05,0.0838687005701783,NA
0.8,5,20,"Fleiss","moss_basic","Moss 2024 transform",120,120,0.891666666666667,0.00833333333333333,0.1,0.351078415410702,0.357524679215176,0.799963789410163,-3.62105898370491e-05,0.0838687005701783,NA
0.8,5,20,"Fleiss","moss_fisher","Moss 2024 transform",120,120,0.95,0.025,0.025,0.380840324294797,0.387305010904378,0.799963789410163,-3.62105898370491e-05,0.0838687005701783,NA
0.8,5,40,"Fleiss","boot_basic","nonparametric bootstrap",120,120,0.875,0.00833333333333333,0.116666666666667,0.242585883627025,0.244696689901136,0.799190264779911,-0.000809735220088648,0.0615334045834185,149
0.8,5,40,"Fleiss","boot_bca","Efron 1987 BCa",120,120,0.966666666666667,0.00833333333333333,0.025,0.249064606571671,0.245057633862193,0.799190264779911,-0.000809735220088648,0.0615334045834185,149
0.8,5,40,"Fleiss","boot_percentile","nonparametric bootstrap",120,120,0.925,0.025,0.05,0.242585883627025,0.244696689901136,0.799190264779911,-0.000809735220088648,0.0615334045834185,149
0.8,5,40,"Fleiss","boot_t","Efron 1987 bootstrap-t",120,120,0.991666666666667,0.00833333333333333,0,0.292023645220959,0.283609528810197,0.799190264779911,-0.000809735220088648,0.0615334045834185,149
0.8,5,40,"Fleiss","boot_t_arcsine","Efron 1987 bootstrap-t",120,120,0.983333333333333,0.00833333333333333,0.00833333333333333,0.276326793689169,0.26909458440894,0.799190264779911,-0.000809735220088648,0.0615334045834185,149
0.8,5,40,"Fleiss","boot_t_fisher","Efron 1987 bootstrap-t",120,120,0.983333333333333,0.00833333333333333,0.00833333333333333,0.261699644846711,0.254333290042923,0.799190264779911,-0.000809735220088648,0.0615334045834185,149
0.8,5,40,"Fleiss","moss_arcsine","Moss 2024 transform",120,120,0.958333333333333,0.00833333333333333,0.0333333333333333,0.247038070721185,0.246188936686554,0.799190264779911,-0.000809735220088648,0.0615334045834185,NA
0.8,5,40,"Fleiss","moss_basic","Moss 2024 transform",120,120,0.916666666666667,0.00833333333333333,0.075,0.248926117459658,0.248103354888586,0.799190264779911,-0.000809735220088648,0.0615334045834185,NA
0.8,5,40,"Fleiss","moss_fisher","Moss 2024 transform",120,120,0.941666666666667,0.025,0.0333333333333333,0.258442770734663,0.259462093446882,0.799190264779911,-0.000809735220088648,0.0615334045834185,NA
0.9,2,10,"Conger","boot_basic","nonparametric bootstrap",120,120,0.466666666666667,0.0166666666666667,0.516666666666667,0.360652488024753,0.201005600019228,0.876458872630425,-0.023541127369575,0.0955563551116518,148.908333333333
0.9,2,10,"Conger","boot_bca","Efron 1987 BCa",120,120,0.608333333333333,0.00833333333333333,0.383333333333333,0.398375329191453,0.231490727352524,0.876458872630425,-0.023541127369575,0.0955563551116518,148.908333333333
0.9,2,10,"Conger","boot_percentile","nonparametric bootstrap",120,120,0.583333333333333,0.00833333333333333,0.408333333333333,0.360652488024753,0.201005600019228,0.876458872630425,-0.023541127369575,0.0955563551116518,148.908333333333
0.9,2,10,"Conger","boot_t","Efron 1987 bootstrap-t",120,75,0.72,0,0.28,0.860797663708456,0.513177144840853,0.876458872630425,-0.023541127369575,0.0955563551116518,148.973333333333
0.9,2,10,"Conger","boot_t_arcsine","Efron 1987 bootstrap-t",120,75,0.506666666666667,0.213333333333333,0.28,0.365604077021324,0.162256866421871,0.876458872630425,-0.023541127369575,0.0955563551116518,148.973333333333
0.9,2,10,"Conger","boot_t_fisher","Efron 1987 bootstrap-t",120,75,0.693333333333333,0.0266666666666667,0.28,0.362759740829047,0.236833186931448,0.876458872630425,-0.023541127369575,0.0955563551116518,148.973333333333
0.9,2,10,"Conger","moss_arcsine","Moss 2024 transform",120,120,0.583333333333333,0.0166666666666667,0.4,0.391258920065015,0.161384741447618,0.876458872630425,-0.023541127369575,0.0955563551116518,NA
0.9,2,10,"Conger","moss_basic","Moss 2024 transform",120,120,0.516666666666667,0,0.483333333333333,0.432326986333424,0.163994874305127,0.876458872630425,-0.023541127369575,0.0955563551116518,NA
0.9,2,10,"Conger","moss_fisher","Moss 2024 transform",120,120,0.591666666666667,0.0333333333333333,0.375,0.489757482033721,0.278279332305649,0.876458872630425,-0.023541127369575,0.0955563551116518,NA
0.9,2,20,"Conger","boot_basic","nonparametric bootstrap",120,120,0.666666666666667,0,0.333333333333333,0.32348955524956,0.282072274386639,0.881970884607612,-0.0180291153923885,0.086709647467488,149
0.9,2,20,"Conger","boot_bca","Efron 1987 BCa",120,120,0.708333333333333,0.00833333333333333,0.283333333333333,0.380367694554057,0.341826369328619,0.881970884607612,-0.0180291153923885,0.086709647467488,149
0.9,2,20,"Conger","boot_percentile","nonparametric bootstrap",120,120,0.716666666666667,0,0.283333333333333,0.32348955524956,0.282072274386639,0.881970884607612,-0.0180291153923885,0.086709647467488,149
0.9,2,20,"Conger","boot_t","Efron 1987 bootstrap-t",120,104,0.701923076923077,0,0.298076923076923,0.698720220687278,0.362795279223441,0.881970884607612,-0.0180291153923885,0.086709647467488,149
0.9,2,20,"Conger","boot_t_arcsine","Efron 1987 bootstrap-t",120,104,0.701923076923077,0,0.298076923076923,0.477091461317667,0.271726791045416,0.881970884607612,-0.0180291153923885,0.086709647467488,149
0.9,2,20,"Conger","boot_t_fisher","Efron 1987 bootstrap-t",120,104,0.682692307692308,0.0192307692307692,0.298076923076923,0.384700150425472,0.239141237416128,0.881970884607612,-0.0180291153923885,0.086709647467488,149
0.9,2,20,"Conger","moss_arcsine","Moss 2024 transform",120,120,0.725,0,0.275,0.347164329349518,0.297208069195115,0.881970884607612,-0.0180291153923885,0.086709647467488,NA
0.9,2,20,"Conger","moss_basic","Moss 2024 transform",120,120,0.708333333333333,0,0.291666666666667,0.362970755797434,0.303100056930357,0.881970884607612,-0.0180291153923885,0.086709647467488,NA
0.9,2,20,"Conger","moss_fisher","Moss 2024 transform",120,120,0.775,0.0166666666666667,0.208333333333333,0.444584302403377,0.392286156045948,0.881970884607612,-0.0180291153923885,0.086709647467488,NA
0.9,2,40,"Conger","boot_basic","nonparametric bootstrap",120,120,0.708333333333333,0,0.291666666666667,0.255572076813072,0.24832671664048,0.888299514383896,-0.0117004856161038,0.0669675838302317,149
0.9,2,40,"Conger","boot_bca","Efron 1987 BCa",120,120,0.833333333333333,0.0333333333333333,0.133333333333333,0.294158210388381,0.279229236037282,0.888299514383896,-0.0117004856161038,0.0669675838302317,149
0.9,2,40,"Conger","boot_percentile","nonparametric bootstrap",120,120,0.8,0.0166666666666667,0.183333333333333,0.255572076813072,0.24832671664048,0.888299514383896,-0.0117004856161038,0.0669675838302317,149
0.9,2,40,"Conger","boot_t","Efron 1987 bootstrap-t",120,115,0.834782608695652,0.00869565217391304,0.156521739130435,0.731972720738645,0.477189156851047,0.888299514383896,-0.0117004856161038,0.0669675838302317,149
0.9,2,40,"Conger","boot_t_arcsine","Efron 1987 bootstrap-t",120,115,0.817391304347826,0.0260869565217391,0.156521739130435,0.544614459131281,0.420914555289844,0.888299514383896,-0.0117004856161038,0.0669675838302317,149
0.9,2,40,"Conger","boot_t_fisher","Efron 1987 bootstrap-t",120,115,0.791304347826087,0.0521739130434783,0.156521739130435,0.428192506082476,0.372400220719961,0.888299514383896,-0.0117004856161038,0.0669675838302317,149
0.9,2,40,"Conger","moss_arcsine","Moss 2024 transform",120,120,0.816666666666667,0.025,0.158333333333333,0.265203948965064,0.259409161926219,0.888299514383896,-0.0117004856161038,0.0669675838302317,NA
0.9,2,40,"Conger","moss_basic","Moss 2024 transform",120,120,0.791666666666667,0,0.208333333333333,0.270909447500421,0.263386385264719,0.888299514383896,-0.0117004856161038,0.0669675838302317,NA
0.9,2,40,"Conger","moss_fisher","Moss 2024 transform",120,120,0.833333333333333,0.05,0.116666666666667,0.324185655911953,0.339080756380505,0.888299514383896,-0.0117004856161038,0.0669675838302317,NA
0.9,5,10,"Conger","boot_basic","nonparametric bootstrap",120,120,0.658333333333333,0.025,0.316666666666667,0.342802180787382,0.348644728971985,0.874100762151606,-0.0258992378483944,0.0805276612897495,148.95
0.9,5,10,"Conger","boot_bca","Efron 1987 BCa",120,120,0.758333333333333,0.0166666666666667,0.225,0.372112866238904,0.394382344228934,0.874100762151606,-0.0258992378483944,0.0805276612897495,148.95
0.9,5,10,"Conger","boot_percentile","nonparametric bootstrap",120,120,0.75,0.0166666666666667,0.233333333333333,0.342802180787382,0.348644728971985,0.874100762151606,-0.0258992378483944,0.0805276612897495,148.95
0.9,5,10,"Conger","boot_t","Efron 1987 bootstrap-t",120,107,0.747663551401869,0,0.252336448598131,0.777921024570265,0.499231059500337,0.874100762151606,-0.0258992378483944,0.0805276612897495,148.953271028037
0.9,5,10,"Conger","boot_t_arcsine","Efron 1987 bootstrap-t",120,107,0.710280373831776,0.0467289719626168,0.242990654205607,0.530044781955179,0.388619641784636,0.874100762151606,-0.0258992378483944,0.0805276612897495,148.953271028037
0.9,5,10,"Conger","boot_t_fisher","Efron 1987 bootstrap-t",120,107,0.747663551401869,0,0.252336448598131,0.451917211528731,0.324002620707469,0.874100762151606,-0.0258992378483944,0.0805276612897495,148.953271028037
0.9,5,10,"Conger","moss_arcsine","Moss 2024 transform",120,120,0.716666666666667,0.025,0.258333333333333,0.35011866172759,0.324449604368594,0.874100762151606,-0.0258992378483944,0.0805276612897495,NA
0.9,5,10,"Conger","moss_basic","Moss 2024 transform",120,120,0.708333333333333,0.00833333333333333,0.283333333333333,0.364332451579989,0.335215475147527,0.874100762151606,-0.0258992378483944,0.0805276612897495,NA
0.9,5,10,"Conger","moss_fisher","Moss 2024 transform",120,120,0.775,0.05,0.175,0.454199525806186,0.498092406268615,0.874100762151606,-0.0258992378483944,0.0805276612897495,NA
0.9,5,20,"Conger","boot_basic","nonparametric bootstrap",120,120,0.758333333333333,0.0166666666666667,0.225,0.24240609529084,0.233078920367455,0.893292058682981,-0.00670794131701868,0.0599102839896206,149
0.9,5,20,"Conger","boot_bca","Efron 1987 BCa",120,120,0.891666666666667,0.0416666666666667,0.0666666666666667,0.268507031573613,0.251561501059575,0.893292058682981,-0.00670794131701868,0.0599102839896206,149
0.9,5,20,"Conger","boot_percentile","nonparametric bootstrap",120,120,0.875,0.025,0.1,0.24240609529084,0.233078920367455,0.893292058682981,-0.00670794131701868,0.0599102839896206,149
0.9,5,20,"Conger","boot_t","Efron 1987 bootstrap-t",120,119,0.865546218487395,0.0168067226890756,0.117647058823529,0.523926148171697,0.42255249758788,0.893292058682981,-0.00670794131701868,0.0599102839896206,149
0.9,5,20,"Conger","boot_t_arcsine","Efron 1987 bootstrap-t",120,119,0.848739495798319,0.0252100840336134,0.126050420168067,0.417664972463073,0.364113077119872,0.893292058682981,-0.00670794131701868,0.0599102839896206,149
0.9,5,20,"Conger","boot_t_fisher","Efron 1987 bootstrap-t",120,119,0.823529411764706,0.0504201680672269,0.126050420168067,0.340100737675723,0.319466718231226,0.893292058682981,-0.00670794131701868,0.0599102839896206,149
0.9,5,20,"Conger","moss_arcsine","Moss 2024 transform",120,120,0.875,0.025,0.1,0.246598969060412,0.237812773523414,0.893292058682981,-0.00670794131701868,0.0599102839896206,NA
0.9,5,20,"Conger","moss_basic","Moss 2024 transform",120,120,0.841666666666667,0.0166666666666667,0.141666666666667,0.250787330993418,0.241108532629084,0.893292058682981,-0.00670794131701868,0.0599102839896206,NA
0.9,5,20,"Conger","moss_fisher","Moss 2024 transform",120,120,0.891666666666667,0.0583333333333333,0.05,0.304603842012842,0.301672308061698,0.893292058682981,-0.00670794131701868,0.0599102839896206,NA
0.9,5,40,"Conger","boot_basic","nonparametric bootstrap",120,120,0.883333333333333,0,0.116666666666667,0.180052225100236,0.181423414931685,0.892676963791267,-0.0073230362087332,0.0468041924500844,149
0.9,5,40,"Conger","boot_bca","Efron 1987 BCa",120,120,0.941666666666667,0.025,0.0333333333333333,0.192313419361947,0.195196061764333,0.892676963791267,-0.0073230362087332,0.0468041924500844,149
0.9,5,40,"Conger","boot_percentile","nonparametric bootstrap",120,120,0.933333333333333,0.025,0.0416666666666667,0.180052225100236,0.181423414931685,0.892676963791267,-0.0073230362087332,0.0468041924500844,149
0.9,5,40,"Conger","boot_t","Efron 1987 bootstrap-t",120,120,0.966666666666667,0.0166666666666667,0.0166666666666667,0.329601500122631,0.293987614289479,0.892676963791267,-0.0073230362087332,0.0468041924500844,149
0.9,5,40,"Conger","boot_t_arcsine","Efron 1987 bootstrap-t",120,120,0.958333333333333,0.025,0.0166666666666667,0.296635164319198,0.272996310927392,0.892676963791267,-0.0073230362087332,0.0468041924500844,149
0.9,5,40,"Conger","boot_t_fisher","Efron 1987 bootstrap-t",120,120,0.933333333333333,0.0416666666666667,0.025,0.263922806908482,0.250824725460026,0.892676963791267,-0.0073230362087332,0.0468041924500844,149
0.9,5,40,"Conger","moss_arcsine","Moss 2024 transform",120,120,0.925,0.025,0.05,0.187780801595639,0.190935769818511,0.892676963791267,-0.0073230362087332,0.0468041924500844,NA
0.9,5,40,"Conger","moss_basic","Moss 2024 transform",120,120,0.925,0.0166666666666667,0.0583333333333333,0.189340830176878,0.192463277692683,0.892676963791267,-0.0073230362087332,0.0468041924500844,NA
0.9,5,40,"Conger","moss_fisher","Moss 2024 transform",120,120,0.916666666666667,0.05,0.0333333333333333,0.21057590783546,0.215140322883851,0.892676963791267,-0.0073230362087332,0.0468041924500844,NA
0.9,2,10,"Fleiss","boot_basic","nonparametric bootstrap",120,120,0.475,0.00833333333333333,0.516666666666667,0.40329513848083,0.207188708477368,0.874123427701971,-0.0258765722980292,0.100639356525734,148.908333333333
0.9,2,10,"Fleiss","boot_bca","Efron 1987 BCa",120,120,0.608333333333333,0.00833333333333333,0.383333333333333,0.450747973496002,0.239028027343567,0.874123427701971,-0.0258765722980292,0.100639356525734,148.908333333333
0.9,2,10,"Fleiss","boot_percentile","nonparametric bootstrap",120,120,0.583333333333333,0.00833333333333333,0.408333333333333,0.40329513848083,0.207188708477368,0.874123427701971,-0.0258765722980292,0.100639356525734,148.908333333333
0.9,2,10,"Fleiss","boot_t","Efron 1987 bootstrap-t",120,75,0.72,0,0.28,0.756644573828209,0.453836142089649,0.874123427701971,-0.0258765722980292,0.100639356525734,148.973333333333
0.9,2,10,"Fleiss","boot_t_arcsine","Efron 1987 bootstrap-t",120,75,0.64,0.08,0.28,0.381911300020373,0.220559469796052,0.874123427701971,-0.0258765722980292,0.100639356525734,148.973333333333
0.9,2,10,"Fleiss","boot_t_fisher","Efron 1987 bootstrap-t",120,75,0.68,0.04,0.28,0.365438133498773,0.233848399346821,0.874123427701971,-0.0258765722980292,0.100639356525734,148.973333333333
0.9,2,10,"Fleiss","moss_arcsine","Moss 2024 transform",120,120,0.583333333333333,0.0166666666666667,0.4,0.406882878608192,0.162203207404746,0.874123427701971,-0.0258765722980292,0.100639356525734,NA
0.9,2,10,"Fleiss","moss_basic","Moss 2024 transform",120,120,0.516666666666667,0,0.483333333333333,0.455324082448183,0.16484949298984,0.874123427701971,-0.0258765722980292,0.100639356525734,NA
0.9,2,10,"Fleiss","moss_fisher","Moss 2024 transform",120,120,0.6,0.025,0.375,0.507175303490684,0.279190834716161,0.874123427701971,-0.0258765722980292,0.100639356525734,NA
0.9,2,20,"Fleiss","boot_basic","nonparametric bootstrap",120,120,0.666666666666667,0,0.333333333333333,0.335099376440652,0.286344036863557,0.881392386242244,-0.0186076137577557,0.0879349793302588,149
0.9,2,20,"Fleiss","boot_bca","Efron 1987 BCa",120,120,0.716666666666667,0,0.283333333333333,0.399537611961799,0.353822720421916,0.881392386242244,-0.0186076137577557,0.0879349793302588,149
0.9,2,20,"Fleiss","boot_percentile","nonparametric bootstrap",120,120,0.716666666666667,0,0.283333333333333,0.335099376440652,0.286344036863557,0.881392386242244,-0.0186076137577557,0.0879349793302588,149
0.9,2,20,"Fleiss","boot_t","Efron 1987 bootstrap-t",120,104,0.701923076923077,0,0.298076923076923,0.700038956941501,0.351160981288495,0.881392386242244,-0.0186076137577557,0.0879349793302588,149
0.9,2,20,"Fleiss","boot_t_arcsine","Efron 1987 bootstrap-t",120,104,0.701923076923077,0,0.298076923076923,0.478479828781883,0.275018530163447,0.881392386242244,-0.0186076137577557,0.0879349793302588,149
0.9,2,20,"Fleiss","boot_t_fisher","Efron 1987 bootstrap-t",120,104,0.673076923076923,0.0288461538461538,0.298076923076923,0.386625011962061,0.24246955386865,0.881392386242244,-0.0186076137577557,0.0879349793302588,149
0.9,2,20,"Fleiss","moss_arcsine","Moss 2024 transform",120,120,0.725,0,0.275,0.351573438107473,0.297208069195115,0.881392386242244,-0.0186076137577557,0.0879349793302588,NA
0.9,2,20,"Fleiss","moss_basic","Moss 2024 transform",120,120,0.708333333333333,0,0.291666666666667,0.368100053924258,0.303100056930357,0.881392386242244,-0.0186076137577557,0.0879349793302588,NA
0.9,2,20,"Fleiss","moss_fisher","Moss 2024 transform",120,120,0.775,0.0166666666666667,0.208333333333333,0.450590040009985,0.394704420476403,0.881392386242244,-0.0186076137577557,0.0879349793302588,NA
0.9,2,40,"Fleiss","boot_basic","nonparametric bootstrap",120,120,0.708333333333333,0,0.291666666666667,0.259420671600944,0.251044371551755,0.888068805573822,-0.0119311944261784,0.0673572763188443,149
0.9,2,40,"Fleiss","boot_bca","Efron 1987 BCa",120,120,0.841666666666667,0.025,0.133333333333333,0.299874949689348,0.28334386242242,0.888068805573822,-0.0119311944261784,0.0673572763188443,149
0.9,2,40,"Fleiss","boot_percentile","nonparametric bootstrap",120,120,0.8,0.0166666666666667,0.183333333333333,0.259420671600944,0.251044371551755,0.888068805573822,-0.0119311944261784,0.0673572763188443,149
0.9,2,40,"Fleiss","boot_t","Efron 1987 bootstrap-t",120,115,0.834782608695652,0.00869565217391304,0.156521739130435,0.736022848737951,0.477426498474952,0.888068805573822,-0.0119311944261784,0.0673572763188443,149
0.9,2,40,"Fleiss","boot_t_arcsine","Efron 1987 bootstrap-t",120,115,0.808695652173913,0.0347826086956522,0.156521739130435,0.547003646921662,0.420000226367377,0.888068805573822,-0.0119311944261784,0.0673572763188443,149
0.9,2,40,"Fleiss","boot_t_fisher","Efron 1987 bootstrap-t",120,115,0.782608695652174,0.0608695652173913,0.156521739130435,0.430375483533028,0.372232428567906,0.888068805573822,-0.0119311944261784,0.0673572763188443,149
0.9,2,40,"Fleiss","moss_arcsine","Moss 2024 transform",120,120,0.816666666666667,0.025,0.158333333333333,0.26667766265085,0.259468883519325,0.888068805573822,-0.0119311944261784,0.0673572763188443,NA
0.9,2,40,"Fleiss","moss_basic","Moss 2024 transform",120,120,0.791666666666667,0,0.208333333333333,0.272485902417067,0.263448227331685,0.888068805573822,-0.0119311944261784,0.0673572763188443,NA
0.9,2,40,"Fleiss","moss_fisher","Moss 2024 transform",120,120,0.833333333333333,0.05,0.116666666666667,0.326192272813483,0.339673378921333,0.888068805573822,-0.0119311944261784,0.0673572763188443,NA
0.9,5,10,"Fleiss","boot_basic","nonparametric bootstrap",120,120,0.666666666666667,0.0166666666666667,0.316666666666667,0.353158093557505,0.353988656870058,0.873500194320855,-0.0264998056791454,0.081552939960451,148.95
0.9,5,10,"Fleiss","boot_bca","Efron 1987 BCa",120,120,0.758333333333333,0.0166666666666667,0.225,0.383585448214623,0.398635401152028,0.873500194320855,-0.0264998056791454,0.081552939960451,148.95
0.9,5,10,"Fleiss","boot_percentile","nonparametric bootstrap",120,120,0.75,0.0166666666666667,0.233333333333333,0.353158093557505,0.353988656870058,0.873500194320855,-0.0264998056791454,0.081552939960451,148.95
0.9,5,10,"Fleiss","boot_t","Efron 1987 bootstrap-t",120,107,0.747663551401869,0,0.252336448598131,0.772058328640177,0.485083975345436,0.873500194320855,-0.0264998056791454,0.081552939960451,148.953271028037
0.9,5,10,"Fleiss","boot_t_arcsine","Efron 1987 bootstrap-t",120,107,0.719626168224299,0.0373831775700935,0.242990654205607,0.53890085060203,0.39232074602388,0.873500194320855,-0.0264998056791454,0.081552939960451,148.953271028037
0.9,5,10,"Fleiss","boot_t_fisher","Efron 1987 bootstrap-t",120,107,0.738317757009346,0.00934579439252336,0.252336448598131,0.454186398439173,0.325991599075734,0.873500194320855,-0.0264998056791454,0.081552939960451,148.953271028037
0.9,5,10,"Fleiss","moss_arcsine","Moss 2024 transform",120,120,0.725,0.025,0.25,0.354184813970907,0.326081847676674,0.873500194320855,-0.0264998056791454,0.081552939960451,NA
0.9,5,10,"Fleiss","moss_basic","Moss 2024 transform",120,120,0.708333333333333,0.00833333333333333,0.283333333333333,0.368971134557572,0.336995664552817,0.873500194320855,-0.0264998056791454,0.081552939960451,NA
0.9,5,10,"Fleiss","moss_fisher","Moss 2024 transform",120,120,0.775,0.05,0.175,0.459608148154683,0.501344711773026,0.873500194320855,-0.0264998056791454,0.081552939960451,NA
0.9,5,20,"Fleiss","boot_basic","nonparametric bootstrap",120,120,0.766666666666667,0.00833333333333333,0.225,0.244640733266497,0.234499137412665,0.893120648153047,-0.00687935184695332,0.0601584265567522,149
0.9,5,20,"Fleiss","boot_bca","Efron 1987 BCa",120,120,0.891666666666667,0.0416666666666667,0.0666666666666667,0.271277552057694,0.253452193070032,0.893120648153047,-0.00687935184695332,0.0601584265567522,149
0.9,5,20,"Fleiss","boot_percentile","nonparametric bootstrap",120,120,0.875,0.025,0.1,0.244640733266497,0.234499137412665,0.893120648153047,-0.00687935184695332,0.0601584265567522,149
0.9,5,20,"Fleiss","boot_t","Efron 1987 bootstrap-t",120,119,0.865546218487395,0.0168067226890756,0.117647058823529,0.525140023257382,0.425859185003928,0.893120648153047,-0.00687935184695332,0.0601584265567522,149
0.9,5,20,"Fleiss","boot_t_arcsine","Efron 1987 bootstrap-t",120,119,0.840336134453782,0.0336134453781513,0.126050420168067,0.418869615761426,0.366585570502147,0.893120648153047,-0.00687935184695332,0.0601584265567522,149
0.9,5,20,"Fleiss","boot_t_fisher","Efron 1987 bootstrap-t",120,119,0.823529411764706,0.0504201680672269,0.126050420168067,0.341204223719629,0.31903753128131,0.893120648153047,-0.00687935184695332,0.0601584265567522,149
0.9,5,20,"Fleiss","moss_arcsine","Moss 2024 transform",120,120,0.875,0.025,0.1,0.247588484278713,0.238296522446134,0.893120648153047,-0.00687935184695332,0.0601584265567522,NA
0.9,5,20,"Fleiss","moss_basic","Moss 2024 transform",120,120,0.841666666666667,0.0166666666666667,0.141666666666667,0.251826067717276,0.241961550450766,0.893120648153047,-0.00687935184695332,0.0601584265567522,NA
0.9,5,20,"Fleiss","moss_fisher","Moss 2024 transform",120,120,0.891666666666667,0.0583333333333333,0.05,0.305947491319046,0.302385483992738,0.893120648153047,-0.00687935184695332,0.0601584265567522,NA
0.9,5,40,"Fleiss","boot_basic","nonparametric bootstrap",120,120,0.883333333333333,0,0.116666666666667,0.180712787434753,0.181983481348316,0.892604670827548,-0.00739532917245223,0.0468912881433801,149
0.9,5,40,"Fleiss","boot_bca","Efron 1987 BCa",120,120,0.941666666666667,0.025,0.0333333333333333,0.193054731373561,0.195799387939934,0.892604670827548,-0.00739532917245223,0.0468912881433801,149
0.9,5,40,"Fleiss","boot_percentile","nonparametric bootstrap",120,120,0.933333333333333,0.025,0.0416666666666667,0.180712787434753,0.181983481348316,0.892604670827548,-0.00739532917245223,0.0468912881433801,149
0.9,5,40,"Fleiss","boot_t","Efron 1987 bootstrap-t",120,120,0.966666666666667,0.0166666666666667,0.0166666666666667,0.329886176105873,0.294218916098902,0.892604670827548,-0.00739532917245223,0.0468912881433801,149
0.9,5,40,"Fleiss","boot_t_arcsine","Efron 1987 bootstrap-t",120,120,0.958333333333333,0.025,0.0166666666666667,0.296980684861365,0.273338302398705,0.892604670827548,-0.00739532917245223,0.0468912881433801,149
0.9,5,40,"Fleiss","boot_t_fisher","Efron 1987 bootstrap-t",120,120,0.933333333333333,0.0416666666666667,0.025,0.26427865699857,0.251642831385407,0.892604670827548,-0.00739532917245223,0.0468912881433801,149
0.9,5,40,"Fleiss","moss_arcsine","Moss 2024 transform",120,120,0.925,0.025,0.05,0.188124988375887,0.191234375637229,0.892604670827548,-0.00739532917245223,0.0468912881433801,NA
0.9,5,40,"Fleiss","moss_basic","Moss 2024 transform",120,120,0.925,0.0166666666666667,0.0583333333333333,0.189693165512885,0.192768019651284,0.892604670827548,-0.00739532917245223,0.0468912881433801,NA
0.9,5,40,"Fleiss","moss_fisher","Moss 2024 transform",120,120,0.916666666666667,0.05,0.0333333333333333,0.21099611420894,0.215899502850872,0.892604670827548,-0.00739532917245223,0.0468912881433801,NA
