"phase","profile","profile_label","C","R","n","rep","seed","prune_tol","coefficient","estimate","se","truth","error","observed_fraction"
"scaling","p1","P1: C = 5, R = 6",5,6,500,1,605001,1e-09,"Conger",0.831785568309574,0.0619245128072026,0.8464,"",0.686
"scaling","p1","P1: C = 5, R = 6",5,6,500,1,605001,1e-09,"Fleiss",0.83176807280628,0.0619716565467852,0.8464,"",0.686
"scaling","p1","P1: C = 5, R = 6",5,6,500,1,605001,1e-09,"Brennan-Prediger",0.837642085414645,0.0602890021100883,0.850228148148148,"",0.686
"scaling","p1","P1: C = 5, R = 6",5,6,500,2,605002,1e-09,"Conger",0.85010079026026,0.0523594951575951,0.8464,"",0.689333333333333
"scaling","p1","P1: C = 5, R = 6",5,6,500,2,605002,1e-09,"Fleiss",0.850079710968933,0.0523442585264909,0.8464,"",0.689333333333333
"scaling","p1","P1: C = 5, R = 6",5,6,500,2,605002,1e-09,"Brennan-Prediger",0.854852022342494,0.0504530704363118,0.850228148148148,"",0.689333333333333
"scaling","p1","P1: C = 5, R = 6",5,6,500,3,605003,1e-09,"Conger",0.808360345843257,0.1022453620636,0.8464,"",0.689666666666667
"scaling","p1","P1: C = 5, R = 6",5,6,500,3,605003,1e-09,"Fleiss",0.808323868833049,0.102300382939715,0.8464,"",0.689666666666667
"scaling","p1","P1: C = 5, R = 6",5,6,500,3,605003,1e-09,"Brennan-Prediger",0.813511527627545,0.101457378871697,0.850228148148148,"",0.689666666666667
"scaling","p1","P1: C = 5, R = 6",5,6,500,4,605004,1e-09,"Conger",0.825208165485327,0.0769012439118353,0.8464,"",0.693333333333333
"scaling","p1","P1: C = 5, R = 6",5,6,500,4,605004,1e-09,"Fleiss",0.825184320460197,0.0768378276080528,0.8464,"",0.693333333333333
"scaling","p1","P1: C = 5, R = 6",5,6,500,4,605004,1e-09,"Brennan-Prediger",0.830450145339693,0.0761877435203119,0.850228148148148,"",0.693333333333333
"scaling","p1","P1: C = 5, R = 6",5,6,500,5,605005,1e-09,"Conger",0.834057315553202,0.07227897010955,0.8464,"",0.683333333333333
"scaling","p1","P1: C = 5, R = 6",5,6,500,5,605005,1e-09,"Fleiss",0.834031934153173,0.0723352264981738,0.8464,"",0.683333333333333
"scaling","p1","P1: C = 5, R = 6",5,6,500,5,605005,1e-09,"Brennan-Prediger",0.837618965478757,0.0725078870723262,0.850228148148148,"",0.683333333333333
"scaling","p1","P1: C = 5, R = 6",5,6,500,6,605006,1e-09,"Conger",0.842474379303329,0.0636485537688406,0.8464,"",0.697666666666667
"scaling","p1","P1: C = 5, R = 6",5,6,500,6,605006,1e-09,"Fleiss",0.842456349764321,0.0636566774153486,0.8464,"",0.697666666666667
"scaling","p1","P1: C = 5, R = 6",5,6,500,6,605006,1e-09,"Brennan-Prediger",0.847411934613027,0.0642907330566768,0.850228148148148,"",0.697666666666667
"scaling","p1","P1: C = 5, R = 6",5,6,500,7,605007,1e-09,"Conger",0.838113104902484,0.113877661361902,0.8464,"",0.685333333333333
"scaling","p1","P1: C = 5, R = 6",5,6,500,7,605007,1e-09,"Fleiss",0.838100134407551,0.113862245984873,0.8464,"",0.685333333333333
"scaling","p1","P1: C = 5, R = 6",5,6,500,7,605007,1e-09,"Brennan-Prediger",0.843090227257492,0.112985353975267,0.850228148148148,"",0.685333333333333
"scaling","p1","P1: C = 5, R = 6",5,6,500,8,605008,1e-09,"Conger",0.821035669363932,0.0573114644587692,0.8464,"",0.683666666666667
"scaling","p1","P1: C = 5, R = 6",5,6,500,8,605008,1e-09,"Fleiss",0.821005751379722,0.0572992967604233,0.8464,"",0.683666666666667
"scaling","p1","P1: C = 5, R = 6",5,6,500,8,605008,1e-09,"Brennan-Prediger",0.82494601691748,0.0574084710197503,0.850228148148148,"",0.683666666666667
"scaling","p1","P1: C = 5, R = 6",5,6,2000,1,705001,1e-09,"Conger",0.832808689618236,0.0480397424682392,0.8464,"",0.689583333333333
"scaling","p1","P1: C = 5, R = 6",5,6,2000,1,705001,1e-09,"Fleiss",0.832804274520582,0.0480189607830975,0.8464,"",0.689583333333333
"scaling","p1","P1: C = 5, R = 6",5,6,2000,1,705001,1e-09,"Brennan-Prediger",0.837026544177532,0.0472857408094712,0.850228148148148,"",0.689583333333333
"scaling","p1","P1: C = 5, R = 6",5,6,2000,2,705002,1e-09,"Conger",0.827157747626492,0.0512977057782944,0.8464,"",0.693666666666667
"scaling","p1","P1: C = 5, R = 6",5,6,2000,2,705002,1e-09,"Fleiss",0.827153438791678,0.0512846912124558,0.8464,"",0.693666666666667
"scaling","p1","P1: C = 5, R = 6",5,6,2000,2,705002,1e-09,"Brennan-Prediger",0.832600619550399,0.0518217632524203,0.850228148148148,"",0.693666666666667
"scaling","p1","P1: C = 5, R = 6",5,6,2000,3,705003,1e-09,"Conger",0.841683165915362,0.0804683957014749,0.8464,"",0.689333333333333
"scaling","p1","P1: C = 5, R = 6",5,6,2000,3,705003,1e-09,"Fleiss",0.841676821002334,0.0804704777228089,0.8464,"",0.689333333333333
"scaling","p1","P1: C = 5, R = 6",5,6,2000,3,705003,1e-09,"Brennan-Prediger",0.845538682758551,0.0796953461552955,0.850228148148148,"",0.689333333333333
"scaling","p1","P1: C = 5, R = 6",5,6,2000,4,705004,1e-09,"Conger",0.835494144357789,0.00782262556059882,0.8464,"",0.687666666666667
"scaling","p1","P1: C = 5, R = 6",5,6,2000,4,705004,1e-09,"Fleiss",0.83548879253619,0.00781966575440989,0.8464,"",0.687666666666667
"scaling","p1","P1: C = 5, R = 6",5,6,2000,4,705004,1e-09,"Brennan-Prediger",0.839689313185493,0.00794024373374312,0.850228148148148,"",0.687666666666667
"scaling","p1","P1: C = 5, R = 6",5,6,2000,5,705005,1e-09,"Conger",0.848224323392243,0.0704396506396344,0.8464,"",0.6855
"scaling","p1","P1: C = 5, R = 6",5,6,2000,5,705005,1e-09,"Fleiss",0.848221366167926,0.0704389244496309,0.8464,"",0.6855
"scaling","p1","P1: C = 5, R = 6",5,6,2000,5,705005,1e-09,"Brennan-Prediger",0.852650897669041,0.0667347981314818,0.850228148148148,"",0.6855
"scaling","p1","P1: C = 5, R = 6",5,6,2000,6,705006,1e-09,"Conger",0.834945682971629,0.0572728373200384,0.8464,"",0.68925
"scaling","p1","P1: C = 5, R = 6",5,6,2000,6,705006,1e-09,"Fleiss",0.834942324038426,0.0573136595132021,0.8464,"",0.68925
"scaling","p1","P1: C = 5, R = 6",5,6,2000,6,705006,1e-09,"Brennan-Prediger",0.84000831407284,0.0540957563028621,0.850228148148148,"",0.68925
"scaling","p1","P1: C = 5, R = 6",5,6,2000,7,705007,1e-09,"Conger",0.825354234379382,0.0741296525975109,0.8464,"",0.691166666666667
"scaling","p1","P1: C = 5, R = 6",5,6,2000,7,705007,1e-09,"Fleiss",0.825346101654715,0.0740882243227774,0.8464,"",0.691166666666667
"scaling","p1","P1: C = 5, R = 6",5,6,2000,7,705007,1e-09,"Brennan-Prediger",0.829648508139751,0.0745907576896339,0.850228148148148,"",0.691166666666667
"scaling","p1","P1: C = 5, R = 6",5,6,2000,8,705008,1e-09,"Conger",0.838200436010338,0.0525907720229807,0.8464,"",0.700833333333333
"scaling","p1","P1: C = 5, R = 6",5,6,2000,8,705008,1e-09,"Fleiss",0.838196951859351,0.0526104269390932,0.8464,"",0.700833333333333
"scaling","p1","P1: C = 5, R = 6",5,6,2000,8,705008,1e-09,"Brennan-Prediger",0.842026157528984,0.0530282651596568,0.850228148148148,"",0.700833333333333
"scaling","p1","P1: C = 5, R = 6",5,6,8000,1,805001,1e-09,"Conger",0.847496634101567,0.039474592920636,0.8464,"",0.690916666666667
"scaling","p1","P1: C = 5, R = 6",5,6,8000,1,805001,1e-09,"Fleiss",0.847496244649126,0.0394743134337253,0.8464,"",0.690916666666667
"scaling","p1","P1: C = 5, R = 6",5,6,8000,1,805001,1e-09,"Brennan-Prediger",0.851421868902915,0.0387648031251881,0.850228148148148,"",0.690916666666667
"scaling","p1","P1: C = 5, R = 6",5,6,8000,2,805002,1e-09,"Conger",0.844229804481701,0.0387253904413877,0.8464,"",0.687770833333333
"scaling","p1","P1: C = 5, R = 6",5,6,8000,2,805002,1e-09,"Fleiss",0.844229144426192,0.0387198667736484,0.8464,"",0.687770833333333
"scaling","p1","P1: C = 5, R = 6",5,6,8000,2,805002,1e-09,"Brennan-Prediger",0.847721478284354,0.038475202614404,0.850228148148148,"",0.687770833333333
"scaling","p1","P1: C = 5, R = 6",5,6,8000,3,805003,1e-09,"Conger",0.838619854960918,0.0274393875117556,0.8464,"",0.690270833333333
"scaling","p1","P1: C = 5, R = 6",5,6,8000,3,805003,1e-09,"Fleiss",0.838619527381565,0.0274376287868405,0.8464,"",0.690270833333333
"scaling","p1","P1: C = 5, R = 6",5,6,8000,3,805003,1e-09,"Brennan-Prediger",0.842664286392522,0.0275325864497277,0.850228148148148,"",0.690270833333333
"scaling","p1","P1: C = 5, R = 6",5,6,8000,4,805004,1e-09,"Conger",0.840972409190373,0.0385624741634924,0.8464,"",0.692458333333333
"scaling","p1","P1: C = 5, R = 6",5,6,8000,4,805004,1e-09,"Fleiss",0.840971037135675,0.0385341716926691,0.8464,"",0.692458333333333
"scaling","p1","P1: C = 5, R = 6",5,6,8000,4,805004,1e-09,"Brennan-Prediger",0.845059708756172,0.039939038064933,0.850228148148148,"",0.692458333333333
"scaling","p1","P1: C = 5, R = 6",5,6,8000,5,805005,1e-09,"Conger",0.839433914428103,0.0464253944476314,0.8464,"",0.690208333333333
"scaling","p1","P1: C = 5, R = 6",5,6,8000,5,805005,1e-09,"Fleiss",0.839433300430391,0.0464240882765859,0.8464,"",0.690208333333333
"scaling","p1","P1: C = 5, R = 6",5,6,8000,5,805005,1e-09,"Brennan-Prediger",0.843552307291032,0.0450794514243344,0.850228148148148,"",0.690208333333333
"scaling","p1","P1: C = 5, R = 6",5,6,8000,6,805006,1e-09,"Conger",0.850914008987334,0.0213451478128894,0.8464,"",0.690333333333333
"scaling","p1","P1: C = 5, R = 6",5,6,8000,6,805006,1e-09,"Fleiss",0.850913531596461,0.0213484808363789,0.8464,"",0.690333333333333
"scaling","p1","P1: C = 5, R = 6",5,6,8000,6,805006,1e-09,"Brennan-Prediger",0.854233882397335,0.0210218871507516,0.850228148148148,"",0.690333333333333
"scaling","p1","P1: C = 5, R = 6",5,6,8000,7,805007,1e-09,"Conger",0.841783525702592,0.0401700815815244,0.8464,"",0.696958333333333
"scaling","p1","P1: C = 5, R = 6",5,6,8000,7,805007,1e-09,"Fleiss",0.841783035917183,0.0401662301075123,0.8464,"",0.696958333333333
"scaling","p1","P1: C = 5, R = 6",5,6,8000,7,805007,1e-09,"Brennan-Prediger",0.845385714667217,0.0399488377544732,0.850228148148148,"",0.696958333333333
"scaling","p1","P1: C = 5, R = 6",5,6,8000,8,805008,1e-09,"Conger",0.847353046133325,0.0591039763112747,0.8464,"",0.6921875
"scaling","p1","P1: C = 5, R = 6",5,6,8000,8,805008,1e-09,"Fleiss",0.847351806982374,0.0590833171101057,0.8464,"",0.6921875
"scaling","p1","P1: C = 5, R = 6",5,6,8000,8,805008,1e-09,"Brennan-Prediger",0.851391115308517,0.0597250334361462,0.850228148148148,"",0.6921875
"scaling","p1","P1: C = 5, R = 6",5,6,32000,1,905001,1e-09,"Conger",0.846512221082555,0.0209827038336905,0.8464,"",0.69271875
"scaling","p1","P1: C = 5, R = 6",5,6,32000,1,905001,1e-09,"Fleiss",0.846512036429034,0.0209823459052148,0.8464,"",0.69271875
"scaling","p1","P1: C = 5, R = 6",5,6,32000,1,905001,1e-09,"Brennan-Prediger",0.850449074084966,0.0202505908778793,0.850228148148148,"",0.69271875
"scaling","p1","P1: C = 5, R = 6",5,6,32000,2,905002,1e-09,"Conger",0.851841071059969,0.0556642740472659,0.8464,"",0.691114583333333
"scaling","p1","P1: C = 5, R = 6",5,6,32000,2,905002,1e-09,"Fleiss",0.851840802226223,0.0556629866088443,0.8464,"",0.691114583333333
"scaling","p1","P1: C = 5, R = 6",5,6,32000,2,905002,1e-09,"Brennan-Prediger",0.855422727799105,0.0541812327701577,0.850228148148148,"",0.691114583333333
"scaling","p1","P1: C = 5, R = 6",5,6,32000,3,905003,1e-09,"Conger",0.845063740717462,0.0155215955230683,0.8464,"",0.692276041666667
"scaling","p1","P1: C = 5, R = 6",5,6,32000,3,905003,1e-09,"Fleiss",0.845063317534576,0.0155208706145056,0.8464,"",0.692276041666667
"scaling","p1","P1: C = 5, R = 6",5,6,32000,3,905003,1e-09,"Brennan-Prediger",0.849005718956435,0.0149311442452552,0.850228148148148,"",0.692276041666667
"scaling","p1","P1: C = 5, R = 6",5,6,32000,4,905004,1e-09,"Conger",0.846867524803989,0.00244577642695257,0.8464,"",0.690786458333333
"scaling","p1","P1: C = 5, R = 6",5,6,32000,4,905004,1e-09,"Fleiss",0.846867432157311,0.00244790215797009,0.8464,"",0.690786458333333
"scaling","p1","P1: C = 5, R = 6",5,6,32000,4,905004,1e-09,"Brennan-Prediger",0.850791601770935,0.00200789282610775,0.850228148148148,"",0.690786458333333
"scaling","p1","P1: C = 5, R = 6",5,6,32000,5,905005,1e-09,"Conger",0.845482460851374,0.0209539957395985,0.8464,"",0.693020833333333
"scaling","p1","P1: C = 5, R = 6",5,6,32000,5,905005,1e-09,"Fleiss",0.845482347899921,0.0209545524620157,0.8464,"",0.693020833333333
"scaling","p1","P1: C = 5, R = 6",5,6,32000,5,905005,1e-09,"Brennan-Prediger",0.84903337511361,0.0209311425912319,0.850228148148148,"",0.693020833333333
"scaling","p1","P1: C = 5, R = 6",5,6,32000,6,905006,1e-09,"Conger",0.841614024566097,0.002180003133888,0.8464,"",0.691208333333333
"scaling","p1","P1: C = 5, R = 6",5,6,32000,6,905006,1e-09,"Fleiss",0.841613823298172,0.00218006781722995,0.8464,"",0.691208333333333
"scaling","p1","P1: C = 5, R = 6",5,6,32000,6,905006,1e-09,"Brennan-Prediger",0.845445289692897,0.00214070064571556,0.850228148148148,"",0.691208333333333
"scaling","p1","P1: C = 5, R = 6",5,6,32000,7,905007,1e-09,"Conger",0.844591945954096,0.0125726509513832,0.8464,"",0.692328125
"scaling","p1","P1: C = 5, R = 6",5,6,32000,7,905007,1e-09,"Fleiss",0.844591738020988,0.0125723564942473,0.8464,"",0.692328125
"scaling","p1","P1: C = 5, R = 6",5,6,32000,7,905007,1e-09,"Brennan-Prediger",0.848530848347127,0.0120371247288695,0.850228148148148,"",0.692328125
"scaling","p1","P1: C = 5, R = 6",5,6,32000,8,905008,1e-09,"Conger",0.843086649090571,0.00976861094324009,0.8464,"",0.69028125
"scaling","p1","P1: C = 5, R = 6",5,6,32000,8,905008,1e-09,"Fleiss",0.84308651328366,0.00976612504627552,0.8464,"",0.69028125
"scaling","p1","P1: C = 5, R = 6",5,6,32000,8,905008,1e-09,"Brennan-Prediger",0.847063232265768,0.0102214943521183,0.850228148148148,"",0.69028125
"prune","p1","P1: C = 5, R = 6",5,6,2000,1,1005001,1e-12,"Conger",0.836000806861849,0.0455543201933851,0.8464,"",0.69475
"prune","p1","P1: C = 5, R = 6",5,6,2000,1,1005001,1e-12,"Fleiss",0.83599618371736,0.0455570948405058,0.8464,"",0.69475
"prune","p1","P1: C = 5, R = 6",5,6,2000,1,1005001,1e-12,"Brennan-Prediger",0.840091263256081,0.0451238169138441,0.850228148148148,"",0.69475
"prune","p1","P1: C = 5, R = 6",5,6,2000,2,1005002,1e-12,"Conger",0.829941272110826,0.0494895357936814,0.8464,"",0.6835
"prune","p1","P1: C = 5, R = 6",5,6,2000,2,1005002,1e-12,"Fleiss",0.829936646383635,0.0494835642630261,0.8464,"",0.6835
"prune","p1","P1: C = 5, R = 6",5,6,2000,2,1005002,1e-12,"Brennan-Prediger",0.834130296330294,0.0478504297604598,0.850228148148148,"",0.6835
"prune","p1","P1: C = 5, R = 6",5,6,2000,3,1005003,1e-12,"Conger",0.828912634252734,0.0361002174147125,0.8464,"",0.692333333333333
"prune","p1","P1: C = 5, R = 6",5,6,2000,3,1005003,1e-12,"Fleiss",0.828906619021916,0.0360948448085195,0.8464,"",0.692333333333333
"prune","p1","P1: C = 5, R = 6",5,6,2000,3,1005003,1e-12,"Brennan-Prediger",0.834021808994465,0.0357584530969507,0.850228148148148,"",0.692333333333333
"prune","p1","P1: C = 5, R = 6",5,6,2000,4,1005004,1e-12,"Conger",0.844400123934707,0.0811974624583221,0.8464,"",0.694833333333333
"prune","p1","P1: C = 5, R = 6",5,6,2000,4,1005004,1e-12,"Fleiss",0.844395519790842,0.0811946923476647,0.8464,"",0.694833333333333
"prune","p1","P1: C = 5, R = 6",5,6,2000,4,1005004,1e-12,"Brennan-Prediger",0.847982348954031,0.0813437365516541,0.850228148148148,"",0.694833333333333
"prune","p1","P1: C = 5, R = 6",5,6,2000,5,1005005,1e-12,"Conger",0.839201975113747,0.0480819863003243,0.8464,"",0.690916666666667
"prune","p1","P1: C = 5, R = 6",5,6,2000,5,1005005,1e-12,"Fleiss",0.839197762813337,0.0480990200232718,0.8464,"",0.690916666666667
"prune","p1","P1: C = 5, R = 6",5,6,2000,5,1005005,1e-12,"Brennan-Prediger",0.843744911594107,0.0459388102383283,0.850228148148148,"",0.690916666666667
"prune","p1","P1: C = 5, R = 6",5,6,2000,6,1005006,1e-12,"Conger",0.83970479522705,0.0586163583219372,0.8464,"",0.689416666666667
"prune","p1","P1: C = 5, R = 6",5,6,2000,6,1005006,1e-12,"Fleiss",0.839700388973101,0.0586088298203885,0.8464,"",0.689416666666667
"prune","p1","P1: C = 5, R = 6",5,6,2000,6,1005006,1e-12,"Brennan-Prediger",0.843877907093929,0.0572605387697996,0.850228148148148,"",0.689416666666667
"prune","p1","P1: C = 5, R = 6",5,6,2000,7,1005007,1e-12,"Conger",0.842097756521731,0.0540750063324182,0.8464,"",0.687083333333333
"prune","p1","P1: C = 5, R = 6",5,6,2000,7,1005007,1e-12,"Fleiss",0.842093046039396,0.0540644021546111,0.8464,"",0.687083333333333
"prune","p1","P1: C = 5, R = 6",5,6,2000,7,1005007,1e-12,"Brennan-Prediger",0.845672678802118,0.0525666566065837,0.850228148148148,"",0.687083333333333
"prune","p1","P1: C = 5, R = 6",5,6,2000,8,1005008,1e-12,"Conger",0.842002010396785,0.0561574455323928,0.8464,"",0.696666666666667
"prune","p1","P1: C = 5, R = 6",5,6,2000,8,1005008,1e-12,"Fleiss",0.84199732447859,0.0561869936038035,0.8464,"",0.696666666666667
"prune","p1","P1: C = 5, R = 6",5,6,2000,8,1005008,1e-12,"Brennan-Prediger",0.846354283455346,0.0567179964254398,0.850228148148148,"",0.696666666666667
"prune","p1","P1: C = 5, R = 6",5,6,2000,1,1105001,1e-09,"Conger",0.833602960149489,0.0622540442976862,0.8464,"",0.695666666666667
"prune","p1","P1: C = 5, R = 6",5,6,2000,1,1105001,1e-09,"Fleiss",0.833597247388599,0.0622702681014087,0.8464,"",0.695666666666667
"prune","p1","P1: C = 5, R = 6",5,6,2000,1,1105001,1e-09,"Brennan-Prediger",0.838189200833862,0.0603188004862879,0.850228148148148,"",0.695666666666667
"prune","p1","P1: C = 5, R = 6",5,6,2000,2,1105002,1e-09,"Conger",0.840681666151549,0.0524854469745716,0.8464,"",0.691833333333333
"prune","p1","P1: C = 5, R = 6",5,6,2000,2,1105002,1e-09,"Fleiss",0.840676339536,0.052502900052657,0.8464,"",0.691833333333333
"prune","p1","P1: C = 5, R = 6",5,6,2000,2,1105002,1e-09,"Brennan-Prediger",0.845442033096769,0.0514071504507774,0.850228148148148,"",0.691833333333333
"prune","p1","P1: C = 5, R = 6",5,6,2000,3,1105003,1e-09,"Conger",0.828000685583603,0.0453767957296948,0.8464,"",0.689083333333333
"prune","p1","P1: C = 5, R = 6",5,6,2000,3,1105003,1e-09,"Fleiss",0.827995817912913,0.0453863909019914,0.8464,"",0.689083333333333
"prune","p1","P1: C = 5, R = 6",5,6,2000,3,1105003,1e-09,"Brennan-Prediger",0.831842373115826,0.0436506360111751,0.850228148148148,"",0.689083333333333
"prune","p1","P1: C = 5, R = 6",5,6,2000,4,1105004,1e-09,"Conger",0.832429165924736,0.0395600656248693,0.8464,"",0.695916666666667
"prune","p1","P1: C = 5, R = 6",5,6,2000,4,1105004,1e-09,"Fleiss",0.832426004691094,0.039545755079836,0.8464,"",0.695916666666667
"prune","p1","P1: C = 5, R = 6",5,6,2000,4,1105004,1e-09,"Brennan-Prediger",0.836924075074524,0.0381284877574474,0.850228148148148,"",0.695916666666667
"prune","p1","P1: C = 5, R = 6",5,6,2000,5,1105005,1e-09,"Conger",0.836223888123571,0.0831714151715826,0.8464,"",0.688833333333333
"prune","p1","P1: C = 5, R = 6",5,6,2000,5,1105005,1e-09,"Fleiss",0.836216959283087,0.0831005124685454,0.8464,"",0.688833333333333
"prune","p1","P1: C = 5, R = 6",5,6,2000,5,1105005,1e-09,"Brennan-Prediger",0.83953730438283,0.0839541522162593,0.850228148148148,"",0.688833333333333
"prune","p1","P1: C = 5, R = 6",5,6,2000,6,1105006,1e-09,"Conger",0.841299904914805,0.0560447900424286,0.8464,"",0.691666666666667
"prune","p1","P1: C = 5, R = 6",5,6,2000,6,1105006,1e-09,"Fleiss",0.841294493122277,0.0560726629064839,0.8464,"",0.691666666666667
"prune","p1","P1: C = 5, R = 6",5,6,2000,6,1105006,1e-09,"Brennan-Prediger",0.844538874480305,0.0561441588973776,0.850228148148148,"",0.691666666666667
"prune","p1","P1: C = 5, R = 6",5,6,2000,7,1105007,1e-09,"Conger",0.837398508559169,0.0653097471623483,0.8464,"",0.69325
"prune","p1","P1: C = 5, R = 6",5,6,2000,7,1105007,1e-09,"Fleiss",0.837394235581811,0.065317804181506,0.8464,"",0.69325
"prune","p1","P1: C = 5, R = 6",5,6,2000,7,1105007,1e-09,"Brennan-Prediger",0.841000462637641,0.0635230913389786,0.850228148148148,"",0.69325
"prune","p1","P1: C = 5, R = 6",5,6,2000,8,1105008,1e-09,"Conger",0.825274701264118,0.0647691497793212,0.8464,"",0.690833333333333
"prune","p1","P1: C = 5, R = 6",5,6,2000,8,1105008,1e-09,"Fleiss",0.825268385770572,0.0647792987387488,0.8464,"",0.690833333333333
"prune","p1","P1: C = 5, R = 6",5,6,2000,8,1105008,1e-09,"Brennan-Prediger",0.829812089149808,0.0643484634239022,0.850228148148148,"",0.690833333333333
"prune","p1","P1: C = 5, R = 6",5,6,2000,1,1205001,1e-06,"Conger",0.838853205434715,0.023279185430509,0.8464,"",0.693916666666667
"prune","p1","P1: C = 5, R = 6",5,6,2000,1,1205001,1e-06,"Fleiss",0.838845387011209,0.0232627854209278,0.8464,"",0.693916666666667
"prune","p1","P1: C = 5, R = 6",5,6,2000,1,1205001,1e-06,"Brennan-Prediger",0.843449719974302,0.0224285248775597,0.850228148148148,"",0.693916666666667
"prune","p1","P1: C = 5, R = 6",5,6,2000,2,1205002,1e-06,"Conger",0.829607952271027,0.0455344229354392,0.8464,"",0.689916666666667
"prune","p1","P1: C = 5, R = 6",5,6,2000,2,1205002,1e-06,"Fleiss",0.829601746554708,0.0455173529693126,0.8464,"",0.689916666666667
"prune","p1","P1: C = 5, R = 6",5,6,2000,2,1205002,1e-06,"Brennan-Prediger",0.833976964429469,0.0468243212202274,0.850228148148148,"",0.689916666666667
"prune","p1","P1: C = 5, R = 6",5,6,2000,3,1205003,1e-06,"Conger",0.845890195683418,0.0308940570309017,0.8464,"",0.694416666666667
"prune","p1","P1: C = 5, R = 6",5,6,2000,3,1205003,1e-06,"Fleiss",0.845885380896869,0.0309019952318087,0.8464,"",0.694416666666667
"prune","p1","P1: C = 5, R = 6",5,6,2000,3,1205003,1e-06,"Brennan-Prediger",0.849627470024085,0.0323718582017639,0.850228148148148,"",0.694416666666667
"prune","p1","P1: C = 5, R = 6",5,6,2000,4,1205004,1e-06,"Conger",0.834556746320912,0.0213516586130289,0.8464,"",0.6855
"prune","p1","P1: C = 5, R = 6",5,6,2000,4,1205004,1e-06,"Fleiss",0.834551491508078,0.0213244657208631,0.8464,"",0.6855
"prune","p1","P1: C = 5, R = 6",5,6,2000,4,1205004,1e-06,"Brennan-Prediger",0.838136747804422,0.0199185417297511,0.850228148148148,"",0.6855
"prune","p1","P1: C = 5, R = 6",5,6,2000,5,1205005,1e-06,"Conger",0.82575530550019,0.0335138675441875,0.8464,"",0.692333333333333
"prune","p1","P1: C = 5, R = 6",5,6,2000,5,1205005,1e-06,"Fleiss",0.825747285884022,0.0334667914435768,0.8464,"",0.692333333333333
"prune","p1","P1: C = 5, R = 6",5,6,2000,5,1205005,1e-06,"Brennan-Prediger",0.831076444273794,0.0353912322825563,0.850228148148148,"",0.692333333333333
"prune","p1","P1: C = 5, R = 6",5,6,2000,6,1205006,1e-06,"Conger",0.838435767330684,0.0075360805413251,0.8464,"",0.694
"prune","p1","P1: C = 5, R = 6",5,6,2000,6,1205006,1e-06,"Fleiss",0.838433186803895,0.00753869439715927,0.8464,"",0.694
"prune","p1","P1: C = 5, R = 6",5,6,2000,6,1205006,1e-06,"Brennan-Prediger",0.842549514133389,0.00724168514286566,0.850228148148148,"",0.694
"prune","p1","P1: C = 5, R = 6",5,6,2000,7,1205007,1e-06,"Conger",0.842458789462336,0.0261869436025472,0.8464,"",0.689083333333333
"prune","p1","P1: C = 5, R = 6",5,6,2000,7,1205007,1e-06,"Fleiss",0.842456190591057,0.0261962484912609,0.8464,"",0.689083333333333
"prune","p1","P1: C = 5, R = 6",5,6,2000,7,1205007,1e-06,"Brennan-Prediger",0.845824707844568,0.0254432739899642,0.850228148148148,"",0.689083333333333
"prune","p1","P1: C = 5, R = 6",5,6,2000,8,1205008,1e-06,"Conger",0.839170562781194,0.0529032287934682,0.8464,"",0.690333333333333
"prune","p1","P1: C = 5, R = 6",5,6,2000,8,1205008,1e-06,"Fleiss",0.839167374007016,0.0529133303548631,0.8464,"",0.690333333333333
"prune","p1","P1: C = 5, R = 6",5,6,2000,8,1205008,1e-06,"Brennan-Prediger",0.843273111123744,0.0497982362127014,0.850228148148148,"",0.690333333333333
"scaling","p2","P2: C = 3, R = 4",3,4,500,1,1305001,1e-09,"Conger",0.806353495141928,0.0362765767051335,0.8464,"",0.6945
"scaling","p2","P2: C = 3, R = 4",3,4,500,1,1305001,1e-09,"Fleiss",0.806275092387384,0.0364741603259227,0.8464,"",0.6945
"scaling","p2","P2: C = 3, R = 4",3,4,500,1,1305001,1e-09,"Brennan-Prediger",0.820168511229257,0.0307417763203846,0.856,"",0.6945
"scaling","p2","P2: C = 3, R = 4",3,4,500,2,1305002,1e-09,"Conger",0.860747861822929,0.0188456558911264,0.8464,"",0.6765
"scaling","p2","P2: C = 3, R = 4",3,4,500,2,1305002,1e-09,"Fleiss",0.860721254989625,0.0188524523572242,0.8464,"",0.6765
"scaling","p2","P2: C = 3, R = 4",3,4,500,2,1305002,1e-09,"Brennan-Prediger",0.870467960493861,0.0175511486097818,0.856,"",0.6765
"scaling","p2","P2: C = 3, R = 4",3,4,500,3,1305003,1e-09,"Conger",0.871676824567128,0.120045016600308,0.8464,"",0.681
"scaling","p2","P2: C = 3, R = 4",3,4,500,3,1305003,1e-09,"Fleiss",0.871665651446161,0.119955476464278,0.8464,"",0.681
"scaling","p2","P2: C = 3, R = 4",3,4,500,3,1305003,1e-09,"Brennan-Prediger",0.878174463248473,0.108695444227192,0.856,"",0.681
"scaling","p2","P2: C = 3, R = 4",3,4,500,4,1305004,1e-09,"Conger",0.855234056101422,0.0190759931214928,0.8464,"",0.6965
"scaling","p2","P2: C = 3, R = 4",3,4,500,4,1305004,1e-09,"Fleiss",0.855199320425157,0.0190895317124287,0.8464,"",0.6965
"scaling","p2","P2: C = 3, R = 4",3,4,500,4,1305004,1e-09,"Brennan-Prediger",0.864914139337435,0.0177716497712271,0.856,"",0.6965
"scaling","p2","P2: C = 3, R = 4",3,4,500,5,1305005,1e-09,"Conger",0.840758910575365,0.0194330374995545,0.8464,"",0.6985
"scaling","p2","P2: C = 3, R = 4",3,4,500,5,1305005,1e-09,"Fleiss",0.8407459787722,0.019438522456348,0.8464,"",0.6985
"scaling","p2","P2: C = 3, R = 4",3,4,500,5,1305005,1e-09,"Brennan-Prediger",0.853532304922782,0.0179917206664379,0.856,"",0.6985
"scaling","p2","P2: C = 3, R = 4",3,4,500,6,1305006,1e-09,"Conger",0.868567290903711,0.0176165859479164,0.8464,"",0.6755
"scaling","p2","P2: C = 3, R = 4",3,4,500,6,1305006,1e-09,"Fleiss",0.868560822137178,0.0176187464545718,0.8464,"",0.6755
"scaling","p2","P2: C = 3, R = 4",3,4,500,6,1305006,1e-09,"Brennan-Prediger",0.876861415137287,0.016552630252801,0.856,"",0.6755
"scaling","p2","P2: C = 3, R = 4",3,4,500,7,1305007,1e-09,"Conger",0.854877615825542,0.0188695521000377,0.8464,"",0.69
"scaling","p2","P2: C = 3, R = 4",3,4,500,7,1305007,1e-09,"Fleiss",0.854864338052664,0.0188740393287731,0.8464,"",0.69
"scaling","p2","P2: C = 3, R = 4",3,4,500,7,1305007,1e-09,"Brennan-Prediger",0.860342023417778,0.0182339168832501,0.856,"",0.69
"scaling","p2","P2: C = 3, R = 4",3,4,500,8,1305008,1e-09,"Conger",0.829802868568398,0.0207623211000283,0.8464,"",0.6935
"scaling","p2","P2: C = 3, R = 4",3,4,500,8,1305008,1e-09,"Fleiss",0.829786016798963,0.0207660181952198,0.8464,"",0.6935
"scaling","p2","P2: C = 3, R = 4",3,4,500,8,1305008,1e-09,"Brennan-Prediger",0.841415553861747,0.0192916193695546,0.856,"",0.6935
"scaling","p2","P2: C = 3, R = 4",3,4,2000,1,1405001,1e-09,"Conger",0.848316740502046,0.00933929417650154,0.8464,"",0.686625
"scaling","p2","P2: C = 3, R = 4",3,4,2000,1,1405001,1e-09,"Fleiss",0.848315159325979,0.00933951307880528,0.8464,"",0.686625
"scaling","p2","P2: C = 3, R = 4",3,4,2000,1,1405001,1e-09,"Brennan-Prediger",0.857293069797524,0.00879516611168145,0.856,"",0.686625
"scaling","p2","P2: C = 3, R = 4",3,4,2000,2,1405002,1e-09,"Conger",0.848702944191195,0.00972510473746295,0.8464,"",0.684625
"scaling","p2","P2: C = 3, R = 4",3,4,2000,2,1405002,1e-09,"Fleiss",0.848697415177559,0.00972619914634615,0.8464,"",0.684625
"scaling","p2","P2: C = 3, R = 4",3,4,2000,2,1405002,1e-09,"Brennan-Prediger",0.857310917819344,0.00918084668111488,0.856,"",0.684625
"scaling","p2","P2: C = 3, R = 4",3,4,2000,3,1405003,1e-09,"Conger",0.840708373616346,0.00999258409771481,0.8464,"",0.6845
"scaling","p2","P2: C = 3, R = 4",3,4,2000,3,1405003,1e-09,"Fleiss",0.840702425500852,0.00999386906601915,0.8464,"",0.6845
"scaling","p2","P2: C = 3, R = 4",3,4,2000,3,1405003,1e-09,"Brennan-Prediger",0.852103013879604,0.00926721591391606,0.856,"",0.6845
"scaling","p2","P2: C = 3, R = 4",3,4,2000,4,1405004,1e-09,"Conger",0.852315740511199,0.00938514420931288,0.8464,"",0.679375
"scaling","p2","P2: C = 3, R = 4",3,4,2000,4,1405004,1e-09,"Fleiss",0.852313666505091,0.00938552859129506,0.8464,"",0.679375
"scaling","p2","P2: C = 3, R = 4",3,4,2000,4,1405004,1e-09,"Brennan-Prediger",0.861430608569565,0.00883858753865888,0.856,"",0.679375
"scaling","p2","P2: C = 3, R = 4",3,4,2000,5,1405005,1e-09,"Conger",0.84538667109043,0.00970526603962093,0.8464,"",0.6865
"scaling","p2","P2: C = 3, R = 4",3,4,2000,5,1405005,1e-09,"Fleiss",0.845386044760716,0.0097054666546045,0.8464,"",0.6865
"scaling","p2","P2: C = 3, R = 4",3,4,2000,5,1405005,1e-09,"Brennan-Prediger",0.85582985774294,0.00902809053564082,0.856,"",0.6865
"scaling","p2","P2: C = 3, R = 4",3,4,2000,6,1405006,1e-09,"Conger",0.852969080176912,0.00933743146577736,0.8464,"",0.687
"scaling","p2","P2: C = 3, R = 4",3,4,2000,6,1405006,1e-09,"Fleiss",0.852967016294703,0.00933786621216989,0.8464,"",0.687
"scaling","p2","P2: C = 3, R = 4",3,4,2000,6,1405006,1e-09,"Brennan-Prediger",0.859985583579726,0.00890442689404021,0.856,"",0.687
"scaling","p2","P2: C = 3, R = 4",3,4,2000,7,1405007,1e-09,"Conger",0.85370384208435,0.00941074106149609,0.8464,"",0.689875
"scaling","p2","P2: C = 3, R = 4",3,4,2000,7,1405007,1e-09,"Fleiss",0.853701312681163,0.00941132264168321,0.8464,"",0.689875
"scaling","p2","P2: C = 3, R = 4",3,4,2000,7,1405007,1e-09,"Brennan-Prediger",0.86302719114386,0.00881631907312987,0.856,"",0.689875
"scaling","p2","P2: C = 3, R = 4",3,4,2000,8,1405008,1e-09,"Conger",0.841847850792822,0.00945360231467709,0.8464,"",0.690375
"scaling","p2","P2: C = 3, R = 4",3,4,2000,8,1405008,1e-09,"Fleiss",0.841843584760675,0.00945461672458639,0.8464,"",0.690375
"scaling","p2","P2: C = 3, R = 4",3,4,2000,8,1405008,1e-09,"Brennan-Prediger",0.853180560669664,0.00879943267561862,0.856,"",0.690375
"scaling","p2","P2: C = 3, R = 4",3,4,8000,1,1505001,1e-09,"Conger",0.848691822356199,0.00474800796231518,0.8464,"",0.687125
"scaling","p2","P2: C = 3, R = 4",3,4,8000,1,1505001,1e-09,"Fleiss",0.848690057435344,0.00474816097910542,0.8464,"",0.687125
"scaling","p2","P2: C = 3, R = 4",3,4,8000,1,1505001,1e-09,"Brennan-Prediger",0.858375192509288,0.00445008807575958,0.856,"",0.687125
"scaling","p2","P2: C = 3, R = 4",3,4,8000,2,1505002,1e-09,"Conger",0.847253432065449,0.00470328026669363,0.8464,"",0.688
"scaling","p2","P2: C = 3, R = 4",3,4,8000,2,1505002,1e-09,"Fleiss",0.847252874307076,0.00470331396788624,0.8464,"",0.688
"scaling","p2","P2: C = 3, R = 4",3,4,8000,2,1505002,1e-09,"Brennan-Prediger",0.857300722166165,0.00439492305017935,0.856,"",0.688
"scaling","p2","P2: C = 3, R = 4",3,4,8000,3,1505003,1e-09,"Conger",0.845156538561578,0.00478831241093233,0.8464,"",0.68559375
"scaling","p2","P2: C = 3, R = 4",3,4,8000,3,1505003,1e-09,"Fleiss",0.845156248867716,0.00478835463402317,0.8464,"",0.68559375
"scaling","p2","P2: C = 3, R = 4",3,4,8000,3,1505003,1e-09,"Brennan-Prediger",0.854631800415857,0.00449956573620985,0.856,"",0.68559375
"scaling","p2","P2: C = 3, R = 4",3,4,8000,4,1505004,1e-09,"Conger",0.84675424606194,0.00471472681272072,0.8464,"",0.6918125
"scaling","p2","P2: C = 3, R = 4",3,4,8000,4,1505004,1e-09,"Fleiss",0.846753687007344,0.00471479478734972,0.8464,"",0.6918125
"scaling","p2","P2: C = 3, R = 4",3,4,8000,4,1505004,1e-09,"Brennan-Prediger",0.855979427492657,0.00443284359629068,0.856,"",0.6918125
"scaling","p2","P2: C = 3, R = 4",3,4,8000,5,1505005,1e-09,"Conger",0.861040583328001,0.00453527743736274,0.8464,"",0.6850625
"scaling","p2","P2: C = 3, R = 4",3,4,8000,5,1505005,1e-09,"Fleiss",0.861038640315699,0.00453548513112168,0.8464,"",0.6850625
"scaling","p2","P2: C = 3, R = 4",3,4,8000,5,1505005,1e-09,"Brennan-Prediger",0.869158715634497,0.00427754868679825,0.856,"",0.6850625
"scaling","p2","P2: C = 3, R = 4",3,4,8000,6,1505006,1e-09,"Conger",0.850495053533401,0.00468500736668241,0.8464,"",0.68546875
"scaling","p2","P2: C = 3, R = 4",3,4,8000,6,1505006,1e-09,"Fleiss",0.850493693629993,0.00468510615702705,0.8464,"",0.68546875
"scaling","p2","P2: C = 3, R = 4",3,4,8000,6,1505006,1e-09,"Brennan-Prediger",0.860206302069647,0.00438417635891522,0.856,"",0.68546875
"scaling","p2","P2: C = 3, R = 4",3,4,8000,7,1505007,1e-09,"Conger",0.847021962027521,0.00488809265105339,0.8464,"",0.6858125
"scaling","p2","P2: C = 3, R = 4",3,4,8000,7,1505007,1e-09,"Fleiss",0.847020021408957,0.00488828228661198,0.8464,"",0.6858125
"scaling","p2","P2: C = 3, R = 4",3,4,8000,7,1505007,1e-09,"Brennan-Prediger",0.856724566881008,0.00458152383594955,0.856,"",0.6858125
"scaling","p2","P2: C = 3, R = 4",3,4,8000,8,1505008,1e-09,"Conger",0.842944882572733,0.00488095593465728,0.8464,"",0.68746875
"scaling","p2","P2: C = 3, R = 4",3,4,8000,8,1505008,1e-09,"Fleiss",0.842944340528453,0.00488101186764002,0.8464,"",0.68746875
"scaling","p2","P2: C = 3, R = 4",3,4,8000,8,1505008,1e-09,"Brennan-Prediger",0.853536919325614,0.00455094595778826,0.856,"",0.68746875
"scaling","p2","P2: C = 3, R = 4",3,4,32000,1,1605001,1e-09,"Conger",0.843494746326744,0.00239352541827234,0.8464,"",0.6865078125
"scaling","p2","P2: C = 3, R = 4",3,4,32000,1,1605001,1e-09,"Fleiss",0.843494651050459,0.00239352978417558,0.8464,"",0.6865078125
"scaling","p2","P2: C = 3, R = 4",3,4,32000,1,1605001,1e-09,"Brennan-Prediger",0.853465077914293,0.00224134082423953,0.856,"",0.6865078125
"scaling","p2","P2: C = 3, R = 4",3,4,32000,2,1605002,1e-09,"Conger",0.849146817024107,0.0023574969272801,0.8464,"",0.6872109375
"scaling","p2","P2: C = 3, R = 4",3,4,32000,2,1605002,1e-09,"Fleiss",0.849146537973444,0.00235751047200839,0.8464,"",0.6872109375
"scaling","p2","P2: C = 3, R = 4",3,4,32000,2,1605002,1e-09,"Brennan-Prediger",0.85845526940434,0.00221280373464407,0.856,"",0.6872109375
"scaling","p2","P2: C = 3, R = 4",3,4,32000,3,1605003,1e-09,"Conger",0.847189183154093,0.00235845896465947,0.8464,"",0.6874921875
"scaling","p2","P2: C = 3, R = 4",3,4,32000,3,1605003,1e-09,"Fleiss",0.847188852161651,0.00235847285128453,0.8464,"",0.6874921875
"scaling","p2","P2: C = 3, R = 4",3,4,32000,3,1605003,1e-09,"Brennan-Prediger",0.856862302107631,0.00220973842689222,0.856,"",0.6874921875
"scaling","p2","P2: C = 3, R = 4",3,4,32000,4,1605004,1e-09,"Conger",0.842772088471295,0.00238541928027594,0.8464,"",0.6869921875
"scaling","p2","P2: C = 3, R = 4",3,4,32000,4,1605004,1e-09,"Fleiss",0.84277165343643,0.00238544240621558,0.8464,"",0.6869921875
"scaling","p2","P2: C = 3, R = 4",3,4,32000,4,1605004,1e-09,"Brennan-Prediger",0.852301014175302,0.00224276168909408,0.856,"",0.6869921875
"scaling","p2","P2: C = 3, R = 4",3,4,32000,5,1605005,1e-09,"Conger",0.844525599684066,0.00236311247445467,0.8464,"",0.68775
"scaling","p2","P2: C = 3, R = 4",3,4,32000,5,1605005,1e-09,"Fleiss",0.84452505486243,0.00236314014945798,0.8464,"",0.68775
"scaling","p2","P2: C = 3, R = 4",3,4,32000,5,1605005,1e-09,"Brennan-Prediger",0.85403720617994,0.00222085253242753,0.856,"",0.68775
"scaling","p2","P2: C = 3, R = 4",3,4,32000,6,1605006,1e-09,"Conger",0.846003947345113,0.00237716022385241,0.8464,"",0.6879296875
"scaling","p2","P2: C = 3, R = 4",3,4,32000,6,1605006,1e-09,"Fleiss",0.846003651609366,0.00237717604964414,0.8464,"",0.6879296875
"scaling","p2","P2: C = 3, R = 4",3,4,32000,6,1605006,1e-09,"Brennan-Prediger",0.855010274243498,0.00223944198142566,0.856,"",0.6879296875
"scaling","p2","P2: C = 3, R = 4",3,4,32000,7,1605007,1e-09,"Conger",0.843360712277008,0.00241501442798501,0.8464,"",0.6870703125
"scaling","p2","P2: C = 3, R = 4",3,4,32000,7,1605007,1e-09,"Fleiss",0.843360527711006,0.00241502207490903,0.8464,"",0.6870703125
"scaling","p2","P2: C = 3, R = 4",3,4,32000,7,1605007,1e-09,"Brennan-Prediger",0.853830640630818,0.00225642960914176,0.856,"",0.6870703125
"scaling","p2","P2: C = 3, R = 4",3,4,32000,8,1605008,1e-09,"Conger",0.841329504141025,0.00244453808072495,0.8464,"",0.6864375
"scaling","p2","P2: C = 3, R = 4",3,4,32000,8,1605008,1e-09,"Fleiss",0.841329310337399,0.00244454351466772,0.8464,"",0.6864375
"scaling","p2","P2: C = 3, R = 4",3,4,32000,8,1605008,1e-09,"Brennan-Prediger",0.851183786638825,0.00229599997461355,0.856,"",0.6864375
"prune","p2","P2: C = 3, R = 4",3,4,2000,1,1705001,1e-12,"Conger",0.848575717593938,0.0102136707265755,0.8464,"",0.686875
"prune","p2","P2: C = 3, R = 4",3,4,2000,1,1705001,1e-12,"Fleiss",0.848568576187406,0.0102152174004795,0.8464,"",0.686875
"prune","p2","P2: C = 3, R = 4",3,4,2000,1,1705001,1e-12,"Brennan-Prediger",0.857751401231134,0.00964962426784264,0.856,"",0.686875
"prune","p2","P2: C = 3, R = 4",3,4,2000,2,1705002,1e-12,"Conger",0.849812526041635,0.00959308595933945,0.8464,"",0.6875
"prune","p2","P2: C = 3, R = 4",3,4,2000,2,1705002,1e-12,"Fleiss",0.84980054945732,0.00959573190905936,0.8464,"",0.6875
"prune","p2","P2: C = 3, R = 4",3,4,2000,2,1705002,1e-12,"Brennan-Prediger",0.85956715574215,0.00899424867833683,0.856,"",0.6875
"prune","p2","P2: C = 3, R = 4",3,4,2000,3,1705003,1e-12,"Conger",0.830711653194695,0.00999380202019524,0.8464,"",0.68925
"prune","p2","P2: C = 3, R = 4",3,4,2000,3,1705003,1e-12,"Fleiss",0.830705892390315,0.00999502114551963,0.8464,"",0.68925
"prune","p2","P2: C = 3, R = 4",3,4,2000,3,1705003,1e-12,"Brennan-Prediger",0.843004267545073,0.00927516353886763,0.856,"",0.68925
"prune","p2","P2: C = 3, R = 4",3,4,2000,4,1705004,1e-12,"Conger",0.8578704135846,0.00894028380331933,0.8464,"",0.689875
"prune","p2","P2: C = 3, R = 4",3,4,2000,4,1705004,1e-12,"Fleiss",0.857869548594437,0.00894047324383804,0.8464,"",0.689875
"prune","p2","P2: C = 3, R = 4",3,4,2000,4,1705004,1e-12,"Brennan-Prediger",0.866168089352932,0.00843929533080508,0.856,"",0.689875
"prune","p2","P2: C = 3, R = 4",3,4,2000,5,1705005,1e-12,"Conger",0.852335042305811,0.00910096953943252,0.8464,"",0.683375
"prune","p2","P2: C = 3, R = 4",3,4,2000,5,1705005,1e-12,"Fleiss",0.852324485017542,0.00910357730381509,0.8464,"",0.683375
"prune","p2","P2: C = 3, R = 4",3,4,2000,5,1705005,1e-12,"Brennan-Prediger",0.859344166078728,0.00870182981660848,0.856,"",0.683375
"prune","p2","P2: C = 3, R = 4",3,4,2000,6,1705006,1e-12,"Conger",0.836484320717235,0.0097995665494071,0.8464,"",0.683
"prune","p2","P2: C = 3, R = 4",3,4,2000,6,1705006,1e-12,"Fleiss",0.836478971036317,0.00980089255565586,0.8464,"",0.683
"prune","p2","P2: C = 3, R = 4",3,4,2000,6,1705006,1e-12,"Brennan-Prediger",0.845839134844073,0.00927260048589417,0.856,"",0.683
"prune","p2","P2: C = 3, R = 4",3,4,2000,7,1705007,1e-12,"Conger",0.843666129816964,0.0095848942766668,0.8464,"",0.683875
"prune","p2","P2: C = 3, R = 4",3,4,2000,7,1705007,1e-12,"Fleiss",0.843658380022565,0.00958642481612672,0.8464,"",0.683875
"prune","p2","P2: C = 3, R = 4",3,4,2000,7,1705007,1e-12,"Brennan-Prediger",0.853143976802659,0.0090231555795123,0.856,"",0.683875
"prune","p2","P2: C = 3, R = 4",3,4,2000,8,1705008,1e-12,"Conger",0.83136453956785,0.00971501314085952,0.8464,"",0.692125
"prune","p2","P2: C = 3, R = 4",3,4,2000,8,1705008,1e-12,"Fleiss",0.83135635344,0.00971639088382803,0.8464,"",0.692125
"prune","p2","P2: C = 3, R = 4",3,4,2000,8,1705008,1e-12,"Brennan-Prediger",0.840307212880261,0.00921758799165693,0.856,"",0.692125
"prune","p2","P2: C = 3, R = 4",3,4,2000,1,1805001,1e-09,"Conger",0.836729922009473,0.0099793007697216,0.8464,"",0.686375
"prune","p2","P2: C = 3, R = 4",3,4,2000,1,1805001,1e-09,"Fleiss",0.836722753428895,0.00998100450406872,0.8464,"",0.686375
"prune","p2","P2: C = 3, R = 4",3,4,2000,1,1805001,1e-09,"Brennan-Prediger",0.846574401728481,0.00938347134831645,0.856,"",0.686375
"prune","p2","P2: C = 3, R = 4",3,4,2000,2,1805002,1e-09,"Conger",0.82671612434362,0.0100539078485676,0.8464,"",0.6935
"prune","p2","P2: C = 3, R = 4",3,4,2000,2,1805002,1e-09,"Fleiss",0.826713711931868,0.0100542570518594,0.8464,"",0.6935
"prune","p2","P2: C = 3, R = 4",3,4,2000,2,1805002,1e-09,"Brennan-Prediger",0.839692623042236,0.0093009151385555,0.856,"",0.6935
"prune","p2","P2: C = 3, R = 4",3,4,2000,3,1805003,1e-09,"Conger",0.851618262398184,0.00935519161935055,0.8464,"",0.681875
"prune","p2","P2: C = 3, R = 4",3,4,2000,3,1805003,1e-09,"Fleiss",0.851605615281944,0.00935820031439881,0.8464,"",0.681875
"prune","p2","P2: C = 3, R = 4",3,4,2000,3,1805003,1e-09,"Brennan-Prediger",0.859967939634653,0.00884393361578391,0.856,"",0.681875
"prune","p2","P2: C = 3, R = 4",3,4,2000,4,1805004,1e-09,"Conger",0.857955203281119,0.00916690951507829,0.8464,"",0.68875
"prune","p2","P2: C = 3, R = 4",3,4,2000,4,1805004,1e-09,"Fleiss",0.8579508345029,0.00916784450932473,0.8464,"",0.68875
"prune","p2","P2: C = 3, R = 4",3,4,2000,4,1805004,1e-09,"Brennan-Prediger",0.865855127064395,0.00867818113367132,0.856,"",0.68875
"prune","p2","P2: C = 3, R = 4",3,4,2000,5,1805005,1e-09,"Conger",0.838600248060375,0.00986647835888343,0.8464,"",0.692875
"prune","p2","P2: C = 3, R = 4",3,4,2000,5,1805005,1e-09,"Fleiss",0.838593822574814,0.00986728861969106,0.8464,"",0.692875
"prune","p2","P2: C = 3, R = 4",3,4,2000,5,1805005,1e-09,"Brennan-Prediger",0.846661313427965,0.00935501835161746,0.856,"",0.692875
"prune","p2","P2: C = 3, R = 4",3,4,2000,6,1805006,1e-09,"Conger",0.843178977438174,0.00978888420123143,0.8464,"",0.68125
"prune","p2","P2: C = 3, R = 4",3,4,2000,6,1805006,1e-09,"Fleiss",0.843169432810784,0.00979020275774817,0.8464,"",0.68125
"prune","p2","P2: C = 3, R = 4",3,4,2000,6,1805006,1e-09,"Brennan-Prediger",0.85387327101652,0.00911106279216944,0.856,"",0.68125
"prune","p2","P2: C = 3, R = 4",3,4,2000,7,1805007,1e-09,"Conger",0.856595490583486,0.00904664553491083,0.8464,"",0.685625
"prune","p2","P2: C = 3, R = 4",3,4,2000,7,1805007,1e-09,"Fleiss",0.856594135472609,0.00904704295277543,0.8464,"",0.685625
"prune","p2","P2: C = 3, R = 4",3,4,2000,7,1805007,1e-09,"Brennan-Prediger",0.865216953919602,0.00851622884134707,0.856,"",0.685625
"prune","p2","P2: C = 3, R = 4",3,4,2000,8,1805008,1e-09,"Conger",0.862803589694072,0.0102121153239561,0.8464,"",0.684
"prune","p2","P2: C = 3, R = 4",3,4,2000,8,1805008,1e-09,"Fleiss",0.862802183919505,0.0102124674326611,0.8464,"",0.684
"prune","p2","P2: C = 3, R = 4",3,4,2000,8,1805008,1e-09,"Brennan-Prediger",0.871533155559192,0.00956221274587526,0.856,"",0.684
"prune","p2","P2: C = 3, R = 4",3,4,2000,1,1905001,1e-06,"Conger",0.853848262415011,0.00915766247667415,0.8464,"",0.68225
"prune","p2","P2: C = 3, R = 4",3,4,2000,1,1905001,1e-06,"Fleiss",0.853846884470613,0.00915792231103466,0.8464,"",0.68225
"prune","p2","P2: C = 3, R = 4",3,4,2000,1,1905001,1e-06,"Brennan-Prediger",0.863736024805171,0.00857753526344356,0.856,"",0.68225
"prune","p2","P2: C = 3, R = 4",3,4,2000,2,1905002,1e-06,"Conger",0.860128405046324,0.00897565966113724,0.8464,"",0.68825
"prune","p2","P2: C = 3, R = 4",3,4,2000,2,1905002,1e-06,"Fleiss",0.86012424104564,0.00897648943533272,0.8464,"",0.68825
"prune","p2","P2: C = 3, R = 4",3,4,2000,2,1905002,1e-06,"Brennan-Prediger",0.868944719897407,0.00841121764721838,0.856,"",0.68825
"prune","p2","P2: C = 3, R = 4",3,4,2000,3,1905003,1e-06,"Conger",0.84956858595288,0.00924512645690209,0.8464,"",0.69375
"prune","p2","P2: C = 3, R = 4",3,4,2000,3,1905003,1e-06,"Fleiss",0.849566639710533,0.00924556804033455,0.8464,"",0.69375
"prune","p2","P2: C = 3, R = 4",3,4,2000,3,1905003,1e-06,"Brennan-Prediger",0.857571094927844,0.00874225445626466,0.856,"",0.69375
"prune","p2","P2: C = 3, R = 4",3,4,2000,4,1905004,1e-06,"Conger",0.85911282903027,0.00896897038268122,0.8464,"",0.693125
"prune","p2","P2: C = 3, R = 4",3,4,2000,4,1905004,1e-06,"Fleiss",0.859110496362593,0.00896938970182185,0.8464,"",0.693125
"prune","p2","P2: C = 3, R = 4",3,4,2000,4,1905004,1e-06,"Brennan-Prediger",0.867001215417059,0.00846715031853505,0.856,"",0.693125
"prune","p2","P2: C = 3, R = 4",3,4,2000,5,1905005,1e-06,"Conger",0.844512470813028,0.00928753337522209,0.8464,"",0.694375
"prune","p2","P2: C = 3, R = 4",3,4,2000,5,1905005,1e-06,"Fleiss",0.844506027918741,0.00928879198531025,0.8464,"",0.694375
"prune","p2","P2: C = 3, R = 4",3,4,2000,5,1905005,1e-06,"Brennan-Prediger",0.852778578150776,0.00878290764066257,0.856,"",0.694375
"prune","p2","P2: C = 3, R = 4",3,4,2000,6,1905006,1e-06,"Conger",0.846679762854773,0.00938261331562797,0.8464,"",0.681375
"prune","p2","P2: C = 3, R = 4",3,4,2000,6,1905006,1e-06,"Fleiss",0.846676105643136,0.00938331892096165,0.8464,"",0.681375
"prune","p2","P2: C = 3, R = 4",3,4,2000,6,1905006,1e-06,"Brennan-Prediger",0.857185942051563,0.00875985204029716,0.856,"",0.681375
"prune","p2","P2: C = 3, R = 4",3,4,2000,7,1905007,1e-06,"Conger",0.844879913384035,0.00964258562368614,0.8464,"",0.684375
"prune","p2","P2: C = 3, R = 4",3,4,2000,7,1905007,1e-06,"Fleiss",0.844870041588689,0.00964423945458142,0.8464,"",0.684375
"prune","p2","P2: C = 3, R = 4",3,4,2000,7,1905007,1e-06,"Brennan-Prediger",0.857377814364442,0.00888293769677133,0.856,"",0.684375
"prune","p2","P2: C = 3, R = 4",3,4,2000,8,1905008,1e-06,"Conger",0.861272454852851,0.00905166880652154,0.8464,"",0.696625
"prune","p2","P2: C = 3, R = 4",3,4,2000,8,1905008,1e-06,"Fleiss",0.861268281578172,0.00905274625053657,0.8464,"",0.696625
"prune","p2","P2: C = 3, R = 4",3,4,2000,8,1905008,1e-06,"Brennan-Prediger",0.871165442518099,0.0084370984187983,0.856,"",0.696625
