"profile","profile_label","C","R","patterns","mechanism","n","rep","seed","method","truth","estimate","bias","se","vcov","elapsed_ms","observed_fraction","min_pair_count","observed_categories","psi_vcov_max_abs_error","error"
"tiny3x4","C = 3, R = 4",3,4,81,"complete",150,1,1161601,"available",0.825352712419042,0.802750735793525,-0.0226019766255169,0.02582725955947,0.000667047336352235,0,1,150,3,1.0842021724855e-18,""
"tiny3x4","C = 3, R = 4",3,4,81,"complete",150,1,1161601,"fiml",0.825352712419042,0.802750735793525,-0.0226019766255168,0.0258272595594701,0.000667047336352238,1,1,150,3,4.33680868994202e-19,""
"tiny3x4","C = 3, R = 4",3,4,81,"complete",150,2,1161602,"available",0.825352712419042,0.843318001586043,0.0179652891670009,0.0203349230417626,0.000413509095114409,0,1,150,3,5.96311194867027e-19,""
"tiny3x4","C = 3, R = 4",3,4,81,"complete",150,2,1161602,"fiml",0.825352712419042,0.843318001586043,0.0179652891670014,0.0203349230417626,0.000413509095114408,1,1,150,3,3.25260651745651e-19,""
"tiny3x4","C = 3, R = 4",3,4,81,"complete",150,3,1161603,"available",0.825352712419042,0.778745609226208,-0.0466071031928336,0.0277900356468561,0.000772286081253533,0,1,150,3,8.67361737988404e-19,""
"tiny3x4","C = 3, R = 4",3,4,81,"complete",150,3,1161603,"fiml",0.825352712419042,0.778745609226209,-0.0466071031928329,0.0277900356468561,0.000772286081253532,1,1,150,3,6.50521303491303e-19,""
"tiny3x4","C = 3, R = 4",3,4,81,"complete",150,4,1161604,"available",0.825352712419042,0.862037316512773,0.0366846040937313,0.0171022190529221,0.000292485896534133,0,1,150,3,4.33680868994202e-19,""
"tiny3x4","C = 3, R = 4",3,4,81,"complete",150,4,1161604,"fiml",0.825352712419042,0.862037316512772,0.0366846040937308,0.0171022190529222,0.000292485896534134,0,1,150,3,3.25260651745651e-19,""
"tiny3x4","C = 3, R = 4",3,4,81,"complete",150,5,1161605,"available",0.825352712419042,0.851423328885766,0.0260706164667247,0.0190761733991946,0.000363900391556141,0,1,150,3,1.0842021724855e-19,""
"tiny3x4","C = 3, R = 4",3,4,81,"complete",150,5,1161605,"fiml",0.825352712419042,0.851423328885766,0.0260706164667246,0.0190761733991946,0.000363900391556141,0,1,150,3,1.62630325872826e-19,""
"tiny3x4","C = 3, R = 4",3,4,81,"complete",150,6,1161606,"available",0.825352712419042,0.830388987783483,0.00503627536444096,0.0236705387946329,0.000560294406828223,0,1,150,3,6.50521303491303e-19,""
"tiny3x4","C = 3, R = 4",3,4,81,"complete",150,6,1161606,"fiml",0.825352712419042,0.830388987783483,0.00503627536444096,0.023670538794633,0.000560294406828224,0,1,150,3,3.25260651745651e-19,""
"tiny3x4","C = 3, R = 4",3,4,81,"complete",150,7,1161607,"available",0.825352712419042,0.856260877097656,0.0309081646786143,0.0192151783662758,0.000369223079647792,0,1,150,3,6.50521303491303e-19,""
"tiny3x4","C = 3, R = 4",3,4,81,"complete",150,7,1161607,"fiml",0.825352712419042,0.856260877097655,0.0309081646786136,0.0192151783662758,0.000369223079647793,0,1,150,3,2.16840434497101e-19,""
"tiny3x4","C = 3, R = 4",3,4,81,"complete",150,8,1161608,"available",0.825352712419042,0.785350247762067,-0.0400024646569744,0.0281775867609855,0.000793976395672868,0,1,150,3,1.51788304147971e-18,""
"tiny3x4","C = 3, R = 4",3,4,81,"complete",150,8,1161608,"fiml",0.825352712419042,0.785350247762067,-0.0400024646569749,0.0281775867609855,0.000793976395672867,0,1,150,3,1.0842021724855e-18,""
"tiny3x4","C = 3, R = 4",3,4,81,"complete",500,1,2161601,"available",0.825352712419042,0.823712375315677,-0.00164033710336442,0.0130139547570322,0.000169363018418081,0,1,500,3,1.21972744404619e-18,""
"tiny3x4","C = 3, R = 4",3,4,81,"complete",500,1,2161601,"fiml",0.825352712419042,0.823712375315677,-0.00164033710336453,0.0130139547570323,0.000169363018418083,1,1,500,3,1.0842021724855e-19,""
"tiny3x4","C = 3, R = 4",3,4,81,"complete",500,2,2161602,"available",0.825352712419042,0.833022942321306,0.0076702299022644,0.0118106044532145,0.00013949037755029,1,1,500,3,2.71050543121376e-20,""
"tiny3x4","C = 3, R = 4",3,4,81,"complete",500,2,2161602,"fiml",0.825352712419042,0.833022942321306,0.00767022990226407,0.0118106044532145,0.00013949037755029,1,1,500,3,4.87890977618477e-19,""
"tiny3x4","C = 3, R = 4",3,4,81,"complete",500,3,2161603,"available",0.825352712419042,0.836213054893888,0.0108603424748458,0.0119150052570757,0.000141967350276141,0,1,500,3,8.13151629364128e-19,""
"tiny3x4","C = 3, R = 4",3,4,81,"complete",500,3,2161603,"fiml",0.825352712419042,0.836213054893888,0.0108603424748464,0.0119150052570756,0.000141967350276139,1,1,500,3,5.42101086242752e-20,""
"tiny3x4","C = 3, R = 4",3,4,81,"complete",500,4,2161604,"available",0.825352712419042,0.821977296140936,-0.003375416278106,0.0127935061213803,0.000163673798877795,0,1,500,3,1.35525271560688e-19,""
"tiny3x4","C = 3, R = 4",3,4,81,"complete",500,4,2161604,"fiml",0.825352712419042,0.821977296140936,-0.00337541627810589,0.0127935061213803,0.000163673798877795,1,1,500,3,8.13151629364128e-20,""
"tiny3x4","C = 3, R = 4",3,4,81,"complete",500,5,2161605,"available",0.825352712419042,0.8267123492039,0.00135963678485806,0.0125792029748792,0.000158236347483211,0,1,500,3,2.57498015965307e-18,""
"tiny3x4","C = 3, R = 4",3,4,81,"complete",500,5,2161605,"fiml",0.825352712419042,0.826712349203899,0.00135963678485773,0.0125792029748794,0.000158236347483214,1,1,500,3,2.98155597433514e-19,""
"tiny3x4","C = 3, R = 4",3,4,81,"complete",500,6,2161606,"available",0.825352712419042,0.840287058551321,0.0149343461322796,0.0117206160362287,0.000137372840268701,0,1,500,3,2.71050543121376e-20,""
"tiny3x4","C = 3, R = 4",3,4,81,"complete",500,6,2161606,"fiml",0.825352712419042,0.84028705855132,0.0149343461322787,0.0117206160362286,0.0001373728402687,2,1,500,3,3.52365706057789e-19,""
"tiny3x4","C = 3, R = 4",3,4,81,"complete",500,7,2161607,"available",0.825352712419042,0.813766322213928,-0.011586390205114,0.0137560845361527,0.000189229861765778,0,1,500,3,1.16551733542192e-18,""
"tiny3x4","C = 3, R = 4",3,4,81,"complete",500,7,2161607,"fiml",0.825352712419042,0.813766322213928,-0.0115863902051138,0.0137560845361527,0.000189229861765778,1,1,500,3,8.13151629364128e-20,""
"tiny3x4","C = 3, R = 4",3,4,81,"complete",500,8,2161608,"available",0.825352712419042,0.837095585618883,0.0117428731998414,0.0121368458941008,0.000147303028257152,0,1,500,3,1.21972744404619e-18,""
"tiny3x4","C = 3, R = 4",3,4,81,"complete",500,8,2161608,"fiml",0.825352712419042,0.837095585618883,0.0117428731998416,0.0121368458941008,0.000147303028257151,0,1,500,3,2.71050543121376e-20,""
"tiny3x4","C = 3, R = 4",3,4,81,"mcar",150,1,3161601,"available",0.825352712419042,0.796685101069488,-0.028667611349554,0.0342401154858196,0.00117238550848226,0,0.76,80,3,1.95156391047391e-18,""
"tiny3x4","C = 3, R = 4",3,4,81,"mcar",150,1,3161601,"fiml",0.825352712419042,0.804010252075266,-0.0213424603437757,0.0334761367551092,0.00112065173204677,5,0.76,80,3,2.08166817117217e-17,""
"tiny3x4","C = 3, R = 4",3,4,81,"mcar",150,2,3161602,"available",0.825352712419042,0.836515422940109,0.011162710521067,0.0247885040960865,0.000614469935321698,0,0.783333333333333,89,3,2.16840434497101e-19,""
"tiny3x4","C = 3, R = 4",3,4,81,"mcar",150,2,3161602,"fiml",0.825352712419042,0.843522382352261,0.0181696699332196,0.0246881357723988,0.000609504047916397,1,0.783333333333333,89,3,8.67361737988404e-19,""
"tiny3x4","C = 3, R = 4",3,4,81,"mcar",150,3,3161603,"available",0.825352712419042,0.835206929722527,0.00985421730348535,0.0261644175161436,0.000684576743959083,1,0.798333333333333,92,3,9.75781955236954e-19,""
"tiny3x4","C = 3, R = 4",3,4,81,"mcar",150,3,3161603,"fiml",0.825352712419042,0.834552954127613,0.00920024170857081,0.0248082801950549,0.000615450766236351,1,0.798333333333333,92,3,1.95156391047391e-18,""
"tiny3x4","C = 3, R = 4",3,4,81,"mcar",150,4,3161604,"available",0.825352712419042,0.803757197692043,-0.0215955147269992,0.0327090360721263,0.00106988104076766,0,0.758333333333333,81,3,2.16840434497101e-19,""
"tiny3x4","C = 3, R = 4",3,4,81,"mcar",150,4,3161604,"fiml",0.825352712419042,0.787388504364554,-0.0379642080544876,0.033125068733073,0.00109727017857081,1,0.758333333333333,81,3,1.95156391047391e-18,""
"tiny3x4","C = 3, R = 4",3,4,81,"mcar",150,5,3161605,"available",0.825352712419042,0.850336724381004,0.0249840119619619,0.0233662554295989,0.000545981892801262,0,0.778333333333333,82,3,1.40946282423116e-18,""
"tiny3x4","C = 3, R = 4",3,4,81,"mcar",150,5,3161605,"fiml",0.825352712419042,0.850167725851562,0.0248150134325201,0.0214884334138693,0.000461752770582293,1,0.778333333333333,82,3,5.42101086242752e-20,""
"tiny3x4","C = 3, R = 4",3,4,81,"mcar",150,6,3161606,"available",0.825352712419042,0.85338769681912,0.0280349844000786,0.0261018224726713,0.000681305136394847,1,0.778333333333333,87,3,7.58941520739853e-19,""
"tiny3x4","C = 3, R = 4",3,4,81,"mcar",150,6,3161606,"fiml",0.825352712419042,0.856544369314786,0.0311916568957439,0.0234474575604701,0.000549783266050045,1,0.778333333333333,87,3,1.95156391047391e-18,""
"tiny3x4","C = 3, R = 4",3,4,81,"mcar",150,7,3161607,"available",0.825352712419042,0.778697204329522,-0.0466555080895196,0.0354030629849987,0.00125337686871979,0,0.781666666666667,85,3,0,""
"tiny3x4","C = 3, R = 4",3,4,81,"mcar",150,7,3161607,"fiml",0.825352712419042,0.761885778395405,-0.0634669340236363,0.0383601624658878,0.00147150206440931,0,0.781666666666667,85,3,1.30104260698261e-18,""
"tiny3x4","C = 3, R = 4",3,4,81,"mcar",150,8,3161608,"available",0.825352712419042,0.829472364523336,0.00411965210429399,0.0260938148841631,0.000680887175208972,0,0.801666666666667,92,3,6.50521303491303e-19,""
"tiny3x4","C = 3, R = 4",3,4,81,"mcar",150,8,3161608,"fiml",0.825352712419042,0.828248393804876,0.00289568138583407,0.0247841103153577,0.000614252124123819,0,0.801666666666667,92,3,2.16840434497101e-18,""
"tiny3x4","C = 3, R = 4",3,4,81,"mcar",500,1,4161601,"available",0.825352712419042,0.827875340247405,0.00252262782836332,0.016374831302023,0.000268135100169713,0,0.7815,302,3,1.0842021724855e-19,""
"tiny3x4","C = 3, R = 4",3,4,81,"mcar",500,1,4161601,"fiml",0.825352712419042,0.813764423021247,-0.0115882893977944,0.0158332659135311,0.000250692309488586,1,0.7815,302,3,4.87890977618477e-19,""
"tiny3x4","C = 3, R = 4",3,4,81,"mcar",500,2,4161602,"available",0.825352712419042,0.820936195171229,-0.00441651724781311,0.0156040884873868,0.000243487577522197,0,0.78,291,3,1.0842021724855e-18,""
"tiny3x4","C = 3, R = 4",3,4,81,"mcar",500,2,4161602,"fiml",0.825352712419042,0.824991851841189,-0.00036086057785234,0.0149404055315707,0.000223215717447787,1,0.78,291,3,2.16840434497101e-19,""
"tiny3x4","C = 3, R = 4",3,4,81,"mcar",500,3,4161603,"available",0.825352712419042,0.802734787690206,-0.0226179247288353,0.0178024104810478,0.00031692581893572,0,0.772,285,3,2.16840434497101e-19,""
"tiny3x4","C = 3, R = 4",3,4,81,"mcar",500,3,4161603,"fiml",0.825352712419042,0.813978868006698,-0.011373844412344,0.0152396401388131,0.000232246631560523,1,0.772,285,3,1.89735380184963e-19,""
"tiny3x4","C = 3, R = 4",3,4,81,"mcar",500,4,4161604,"available",0.825352712419042,0.833918381325594,0.0085656689065523,0.0145746183450991,0.000212419499905301,0,0.777,292,3,3.25260651745651e-19,""
"tiny3x4","C = 3, R = 4",3,4,81,"mcar",500,4,4161604,"fiml",0.825352712419042,0.842230629807187,0.0168779173881455,0.012810471101898,0.000164108169852565,1,0.777,292,3,5.96311194867027e-19,""
"tiny3x4","C = 3, R = 4",3,4,81,"mcar",500,5,4161605,"available",0.825352712419042,0.831007226475211,0.00565451405616912,0.0148311971914041,0.000219964410130313,0,0.779,296,3,8.13151629364128e-20,""
"tiny3x4","C = 3, R = 4",3,4,81,"mcar",500,5,4161605,"fiml",0.825352712419042,0.833182202889498,0.00782949047045634,0.0137168993139711,0.000188153326789621,1,0.779,296,3,1.35525271560688e-19,""
"tiny3x4","C = 3, R = 4",3,4,81,"mcar",500,6,4161606,"available",0.825352712419042,0.81390193611577,-0.0114507763032715,0.0159861305392095,0.000255556369616648,1,0.7665,283,3,5.42101086242752e-20,""
"tiny3x4","C = 3, R = 4",3,4,81,"mcar",500,6,4161606,"fiml",0.825352712419042,0.821192676975086,-0.00416003544395549,0.0147609821506411,0.000217886594051545,1,0.7665,283,3,5.42101086242752e-20,""
"tiny3x4","C = 3, R = 4",3,4,81,"mcar",500,7,4161607,"available",0.825352712419042,0.822471232255687,-0.00288148016335488,0.0167662070948892,0.000281105700348714,1,0.7845,299,3,8.13151629364128e-19,""
"tiny3x4","C = 3, R = 4",3,4,81,"mcar",500,7,4161607,"fiml",0.825352712419042,0.81497268235522,-0.010380030063822,0.0159146712420632,0.000253276760742954,2,0.7845,299,3,3.79470760369927e-19,""
"tiny3x4","C = 3, R = 4",3,4,81,"mcar",500,8,4161608,"available",0.825352712419042,0.842571023984746,0.0172183115657046,0.0142370987468672,0.000202694980728047,0,0.7855,299,3,4.33680868994202e-19,""
"tiny3x4","C = 3, R = 4",3,4,81,"mcar",500,8,4161608,"fiml",0.825352712419042,0.831229373967223,0.00587666154818145,0.0134325676557366,0.000180433873825942,1,0.7855,299,3,6.50521303491303e-19,""
"tiny3x4","C = 3, R = 4",3,4,81,"mar",150,1,5161601,"available",0.825352712419042,0.82759381520417,0.00224110278512779,0.0307259234289175,0.000944082370559699,0,0.695,53,3,1.19262238973405e-18,""
"tiny3x4","C = 3, R = 4",3,4,81,"mar",150,1,5161601,"fiml",0.825352712419042,0.836633430535108,0.0112807181160662,0.0273860062574333,0.000749993338732177,1,0.695,53,3,2.16840434497101e-19,""
"tiny3x4","C = 3, R = 4",3,4,81,"mar",150,2,5161602,"available",0.825352712419042,0.805399911325192,-0.0199528010938493,0.030052997065321,0.000903182632608191,1,0.683333333333333,50,3,1.40946282423116e-18,""
"tiny3x4","C = 3, R = 4",3,4,81,"mar",150,2,5161602,"fiml",0.825352712419042,0.855073202777398,0.0297204903583567,0.0290259851145318,0.000842507811869022,1,0.683333333333333,50,3,8.67361737988404e-19,""
"tiny3x4","C = 3, R = 4",3,4,81,"mar",150,3,5161603,"available",0.825352712419042,0.768977624461953,-0.0563750879570892,0.0349108833456122,0.00121876977597095,0,0.728333333333333,61,3,2.16840434497101e-19,""
"tiny3x4","C = 3, R = 4",3,4,81,"mar",150,3,5161603,"fiml",0.825352712419042,0.792402656525403,-0.0329500558936388,0.0492479216425557,0.00242535778611131,1,0.728333333333333,61,3,7.80625564189563e-18,""
"tiny3x4","C = 3, R = 4",3,4,81,"mar",150,4,5161604,"available",0.825352712419042,0.789505584855392,-0.0358471275636499,0.0353576683891626,0.00125016471391799,0,0.698333333333333,48,3,6.50521303491303e-19,""
"tiny3x4","C = 3, R = 4",3,4,81,"mar",150,4,5161604,"fiml",0.825352712419042,0.849212233988785,0.0238595215697436,0.0250628937292784,0.0006281486420851,0,0.698333333333333,48,3,2.16840434497101e-19,""
"tiny3x4","C = 3, R = 4",3,4,81,"mar",150,5,5161605,"available",0.825352712419042,0.83905324184536,0.0137005294263181,0.0310889051418447,0.000966520022918619,0,0.678333333333333,52,3,2.16840434497101e-18,""
"tiny3x4","C = 3, R = 4",3,4,81,"mar",150,5,5161605,"fiml",0.825352712419042,0.862760727678594,0.0374080152595524,0.0291504302513027,0.000849747583836062,0,0.678333333333333,52,3,1.0842021724855e-18,""
"tiny3x4","C = 3, R = 4",3,4,81,"mar",150,6,5161606,"available",0.825352712419042,0.826941303457359,0.00158859103831765,0.0297763281108783,0.000886629715766679,0,0.708333333333333,53,3,1.0842021724855e-18,""
"tiny3x4","C = 3, R = 4",3,4,81,"mar",150,6,5161606,"fiml",0.825352712419042,0.843846158036517,0.0184934456174752,0.0274835272017514,0.000755344267449407,0,0.708333333333333,53,3,8.67361737988404e-19,""
"tiny3x4","C = 3, R = 4",3,4,81,"mar",150,7,5161607,"available",0.825352712419042,0.821202544448448,-0.00415016797059353,0.0329090530650056,0.00108300577363536,0,0.718333333333333,58,3,4.33680868994202e-19,""
"tiny3x4","C = 3, R = 4",3,4,81,"mar",150,7,5161607,"fiml",0.825352712419042,0.836760030296503,0.0114073178774613,0.0299674705855947,0.000898049293298482,1,0.718333333333333,58,3,4.33680868994202e-19,""
"tiny3x4","C = 3, R = 4",3,4,81,"mar",150,8,5161608,"available",0.825352712419042,0.818504518893825,-0.00684819352521648,0.0329009908328525,0.00108247519778345,0,0.73,59,3,1.30104260698261e-18,""
"tiny3x4","C = 3, R = 4",3,4,81,"mar",150,8,5161608,"fiml",0.825352712419042,0.833939810740133,0.0085870983210915,0.0301523127357972,0.000909161963317316,2,0.73,59,3,1.84314369322536e-18,""
"tiny3x4","C = 3, R = 4",3,4,81,"mar",500,1,6161601,"available",0.825352712419042,0.7733399411316,-0.0520127712874415,0.0203801492175834,0.000415350482130966,0,0.675,170,3,5.42101086242752e-19,""
"tiny3x4","C = 3, R = 4",3,4,81,"mar",500,1,6161601,"fiml",0.825352712419042,0.826845791071319,0.00149307865227766,0.0175399013002591,0.00030764813762283,1,0.675,170,3,2.71050543121376e-19,""
"tiny3x4","C = 3, R = 4",3,4,81,"mar",500,2,6161602,"available",0.825352712419042,0.765736453110013,-0.0596162593090291,0.0205548458288026,0.000422501687045845,0,0.7175,203,3,7.58941520739853e-19,""
"tiny3x4","C = 3, R = 4",3,4,81,"mar",500,2,6161602,"fiml",0.825352712419042,0.792427862106497,-0.0329248503125444,0.0190892640733119,0.000364400002860637,1,0.7175,203,3,7.04731412115578e-19,""
"tiny3x4","C = 3, R = 4",3,4,81,"mar",500,3,6161603,"available",0.825352712419042,0.804195893261461,-0.0211568191575812,0.0171638492857255,0.000294597722303098,0,0.7115,201,3,1.0842021724855e-18,""
"tiny3x4","C = 3, R = 4",3,4,81,"mar",500,3,6161603,"fiml",0.825352712419042,0.84248732931302,0.017134616893978,0.0156189217269776,0.000243950715913453,2,0.7115,201,3,2.43945488809238e-19,""
"tiny3x4","C = 3, R = 4",3,4,81,"mar",500,4,6161604,"available",0.825352712419042,0.797987547608884,-0.027365164810158,0.0177139537763075,0.000313784158389158,0,0.709,190,3,7.58941520739853e-19,""
"tiny3x4","C = 3, R = 4",3,4,81,"mar",500,4,6161604,"fiml",0.825352712419042,0.830548094877925,0.00519538245888329,0.0164310778606035,0.000269980319661215,2,0.709,190,3,1.24683249835833e-18,""
"tiny3x4","C = 3, R = 4",3,4,81,"mar",500,5,6161605,"available",0.825352712419042,0.768575948764176,-0.0567767636548658,0.0210759813362299,0.000444196989285113,1,0.7135,192,3,1.02999206386123e-18,""
"tiny3x4","C = 3, R = 4",3,4,81,"mar",500,5,6161605,"fiml",0.825352712419042,0.813516402640736,-0.0118363097783059,0.0211505701998117,0.000447346619777162,4,0.7135,192,3,4.01154803819637e-18,""
"tiny3x4","C = 3, R = 4",3,4,81,"mar",500,6,6161606,"available",0.825352712419042,0.7785569236028,-0.0467957888162416,0.0197843720212764,0.000391421376276264,0,0.7195,194,3,7.58941520739853e-19,""
"tiny3x4","C = 3, R = 4",3,4,81,"mar",500,6,6161606,"fiml",0.825352712419042,0.830634500707451,0.00528178828840931,0.0166816369119369,0.000278277010061696,3,0.7195,194,3,5.42101086242752e-20,""
"tiny3x4","C = 3, R = 4",3,4,81,"mar",500,7,6161607,"available",0.825352712419042,0.795726098726083,-0.0296266136929589,0.0179234528613289,0.00032125016247228,0,0.6885,175,3,5.42101086242752e-20,""
"tiny3x4","C = 3, R = 4",3,4,81,"mar",500,7,6161607,"fiml",0.825352712419042,0.830607292109188,0.00525457969014587,0.0159139308531907,0.000253253195200134,1,0.6885,175,3,3.79470760369927e-19,""
"tiny3x4","C = 3, R = 4",3,4,81,"mar",500,8,6161608,"available",0.825352712419042,0.792988120977752,-0.0323645914412899,0.0186218206861154,0.000346772205665834,0,0.701,187,3,1.02999206386123e-18,""
"tiny3x4","C = 3, R = 4",3,4,81,"mar",500,8,6161608,"fiml",0.825352712419042,0.847682904877715,0.0223301924586736,0.0142770569251742,0.000203834354444664,1,0.701,187,3,3.25260651745651e-19,""
"ordinal4x5","C = 4, R = 5",4,5,1024,"complete",150,1,7161601,"available",0.848384020813531,0.854419188249087,0.0060351674355561,0.018018877450698,0.000324679944583271,0,1,150,4,7.58941520739853e-19,""
"ordinal4x5","C = 4, R = 5",4,5,1024,"complete",150,1,7161601,"fiml",0.848384020813531,0.854419188249087,0.00603516743555621,0.018018877450698,0.000324679944583272,3,1,150,4,7.58941520739853e-19,""
"ordinal4x5","C = 4, R = 5",4,5,1024,"complete",150,2,7161602,"available",0.848384020813531,0.882528880410236,0.0341448595967055,0.0146465000688864,0.00021451996426789,1,1,150,4,5.14996031930615e-19,""
"ordinal4x5","C = 4, R = 5",4,5,1024,"complete",150,2,7161602,"fiml",0.848384020813531,0.882528880410236,0.0341448595967055,0.0146465000688864,0.000214519964267891,2,1,150,4,5.42101086242752e-20,""
"ordinal4x5","C = 4, R = 5",4,5,1024,"complete",150,3,7161603,"available",0.848384020813531,0.82928407430599,-0.0190999465075403,0.0213256574281528,0.000454783664742927,0,1,150,4,0,""
"ordinal4x5","C = 4, R = 5",4,5,1024,"complete",150,3,7161603,"fiml",0.848384020813531,0.82928407430599,-0.0190999465075404,0.0213256574281528,0.00045478366474293,3,1,150,4,2.16840434497101e-19,""
"ordinal4x5","C = 4, R = 5",4,5,1024,"complete",150,4,7161604,"available",0.848384020813531,0.852804158168537,0.00442013735500624,0.0179299555220367,0.000321483305022213,0,1,150,4,5.42101086242752e-19,""
"ordinal4x5","C = 4, R = 5",4,5,1024,"complete",150,4,7161604,"fiml",0.848384020813531,0.852804158168537,0.0044201373550059,0.0179299555220367,0.000321483305022216,3,1,150,4,1.62630325872826e-19,""
"ordinal4x5","C = 4, R = 5",4,5,1024,"complete",150,5,7161605,"available",0.848384020813531,0.84427885676585,-0.00410516404768102,0.0199892086480596,0.000399568462375662,0,1,150,4,2.16840434497101e-19,""
"ordinal4x5","C = 4, R = 5",4,5,1024,"complete",150,5,7161605,"fiml",0.848384020813531,0.844278856765849,-0.00410516404768191,0.0199892086480597,0.000399568462375666,2,1,150,4,8.67361737988404e-19,""
"ordinal4x5","C = 4, R = 5",4,5,1024,"complete",150,6,7161606,"available",0.848384020813531,0.815120952655827,-0.0332630681577034,0.0249162142581414,0.00062081773295761,0,1,150,4,1.0842021724855e-19,""
"ordinal4x5","C = 4, R = 5",4,5,1024,"complete",150,6,7161606,"fiml",0.848384020813531,0.815120952655827,-0.033263068157704,0.0249162142581416,0.000620817732957618,3,1,150,4,1.0842021724855e-19,""
"ordinal4x5","C = 4, R = 5",4,5,1024,"complete",150,7,7161607,"available",0.848384020813531,0.879794144119434,0.031410123305903,0.0154495981513378,0.000238690083037822,1,1,150,4,2.98155597433514e-19,""
"ordinal4x5","C = 4, R = 5",4,5,1024,"complete",150,7,7161607,"fiml",0.848384020813531,0.879794144119434,0.0314101233059032,0.0154495981513379,0.000238690083037823,2,1,150,4,2.71050543121376e-20,""
"ordinal4x5","C = 4, R = 5",4,5,1024,"complete",150,8,7161608,"available",0.848384020813531,0.828794578659764,-0.0195894421537667,0.020640315968969,0.000426022643298877,0,1,150,4,5.42101086242752e-19,""
"ordinal4x5","C = 4, R = 5",4,5,1024,"complete",150,8,7161608,"fiml",0.848384020813531,0.828794578659765,-0.0195894421537657,0.020640315968969,0.000426022643298875,2,1,150,4,5.96311194867027e-19,""
"ordinal4x5","C = 4, R = 5",4,5,1024,"complete",500,1,8161601,"available",0.848384020813531,0.835578149188771,-0.0128058716247592,0.0118242887584035,0.000139813804642107,0,1,500,4,4.06575814682064e-19,""
"ordinal4x5","C = 4, R = 5",4,5,1024,"complete",500,1,8161601,"fiml",0.848384020813531,0.835578149188774,-0.0128058716247565,0.0118242887584033,0.000139813804642103,30,1,500,4,2.71050543121376e-20,""
"ordinal4x5","C = 4, R = 5",4,5,1024,"complete",500,2,8161602,"available",0.848384020813531,0.861036369946972,0.0126523491334409,0.00966128485285554,9.33404250080159e-05,0,1,500,4,1.76182853028894e-19,""
"ordinal4x5","C = 4, R = 5",4,5,1024,"complete",500,2,8161602,"fiml",0.848384020813531,0.861036369946974,0.0126523491334428,0.00966128485285542,9.33404250080136e-05,28,1,500,4,3.3881317890172e-19,""
"ordinal4x5","C = 4, R = 5",4,5,1024,"complete",500,3,8161603,"available",0.848384020813531,0.846855717662455,-0.0015283031510761,0.0103771784906696,0.000107685833427215,0,1,500,4,8.53809210832335e-19,""
"ordinal4x5","C = 4, R = 5",4,5,1024,"complete",500,3,8161603,"fiml",0.848384020813531,0.846855717662457,-0.00152830315107377,0.0103771784906694,0.000107685833427211,27.9999999999999,1,500,4,4.60785923306339e-19,""
"ordinal4x5","C = 4, R = 5",4,5,1024,"complete",500,4,8161604,"available",0.848384020813531,0.859409304492243,0.0110252836787122,0.00968990548816469,9.38942683695643e-05,0,1,500,4,4.06575814682064e-19,""
"ordinal4x5","C = 4, R = 5",4,5,1024,"complete",500,4,8161604,"fiml",0.848384020813531,0.859409304492246,0.0110252836787148,0.00968990548816453,9.38942683695611e-05,27,1,500,4,5.42101086242752e-20,""
"ordinal4x5","C = 4, R = 5",4,5,1024,"complete",500,5,8161605,"available",0.848384020813531,0.834944509371969,-0.0134395114415617,0.0117465678849398,0.000137981857075498,0,1,500,4,7.86046575051991e-19,""
"ordinal4x5","C = 4, R = 5",4,5,1024,"complete",500,5,8161605,"fiml",0.848384020813531,0.834944509371975,-0.0134395114415559,0.0117465678849395,0.000137981857075491,35,1,500,4,1.89735380184963e-19,""
"ordinal4x5","C = 4, R = 5",4,5,1024,"complete",500,6,8161606,"available",0.848384020813531,0.846045499991594,-0.00233852082193642,0.0107607662361629,0.000115794089989343,0,1,500,4,1.21972744404619e-19,""
"ordinal4x5","C = 4, R = 5",4,5,1024,"complete",500,6,8161606,"fiml",0.848384020813531,0.846045499991598,-0.00233852082193264,0.0107607662361627,0.000115794089989338,29,1,500,4,2.03287907341032e-19,""
"ordinal4x5","C = 4, R = 5",4,5,1024,"complete",500,7,8161607,"available",0.848384020813531,0.850846624371679,0.00246260355814787,0.0104418469540708,0.000109032167812239,0,1,500,4,7.72494047895922e-19,""
"ordinal4x5","C = 4, R = 5",4,5,1024,"complete",500,7,8161607,"fiml",0.848384020813531,0.850846624371683,0.0024626035581522,0.0104418469540706,0.000109032167812234,28.9999999999999,1,500,4,0,""
"ordinal4x5","C = 4, R = 5",4,5,1024,"complete",500,8,8161608,"available",0.848384020813531,0.843095587989714,-0.00528843282381686,0.0110891073799365,0.000122968302483762,0,1,500,4,5.96311194867027e-19,""
"ordinal4x5","C = 4, R = 5",4,5,1024,"complete",500,8,8161608,"fiml",0.848384020813531,0.843095587989718,-0.00528843282381319,0.0110891073799363,0.000122968302483757,36,1,500,4,2.16840434497101e-19,""
"ordinal4x5","C = 4, R = 5",4,5,1024,"mcar",150,1,9161601,"available",0.848384020813531,0.883334672436435,0.0349506516229042,0.0175017866923548,0.000306312537424687,0,0.770666666666667,85,4,2.71050543121376e-19,""
"ordinal4x5","C = 4, R = 5",4,5,1024,"mcar",150,1,9161601,"fiml",0.848384020813531,0.882938218302303,0.0345541974887722,0.016442470834051,0.000270354847128616,8.00000000000001,0.770666666666667,85,4,2.00577401909818e-18,""
"ordinal4x5","C = 4, R = 5",4,5,1024,"mcar",150,2,9161602,"available",0.848384020813531,0.807799299598171,-0.0405847212153593,0.0295942439308797,0.00087581927384041,0,0.766666666666667,78,4,1.0842021724855e-19,""
"ordinal4x5","C = 4, R = 5",4,5,1024,"mcar",150,2,9161602,"fiml",0.848384020813531,0.783301233468497,-0.0650827873450341,0.0370962112202101,0.00137612888689444,6.00000000000001,0.766666666666667,78,4,4.55364912443912e-18,""
"ordinal4x5","C = 4, R = 5",4,5,1024,"mcar",150,3,9161603,"available",0.848384020813531,0.84261345199208,-0.00577056882145022,0.0247405344684811,0.000612094045786099,0,0.730666666666667,72,4,1.0842021724855e-19,""
"ordinal4x5","C = 4, R = 5",4,5,1024,"mcar",150,3,9161603,"fiml",0.848384020813531,0.82879008849396,-0.0195939323195705,0.0308976389330431,0.000954664091636701,5,0.730666666666667,72,4,1.14925430283463e-17,""
"ordinal4x5","C = 4, R = 5",4,5,1024,"mcar",150,4,9161604,"available",0.848384020813531,0.830197521955765,-0.0181864988577657,0.0252879537645087,0.000639480605595929,1,0.796,88,4,3.25260651745651e-19,""
"ordinal4x5","C = 4, R = 5",4,5,1024,"mcar",150,4,9161604,"fiml",0.848384020813531,0.839402184707966,-0.00898183610556469,0.0227537799439764,0.000517734501738903,3,0.796,88,4,1.73472347597681e-18,""
"ordinal4x5","C = 4, R = 5",4,5,1024,"mcar",150,5,9161605,"available",0.848384020813531,0.817467390226593,-0.0309166305869381,0.0273544712617155,0.000748267098008017,0,0.785333333333333,88,4,0,""
"ordinal4x5","C = 4, R = 5",4,5,1024,"mcar",150,5,9161605,"fiml",0.848384020813531,0.831211409216281,-0.0171726115972501,0.0285186667964301,0.000813314355845807,4,0.785333333333333,88,4,1.95156391047391e-18,""
"ordinal4x5","C = 4, R = 5",4,5,1024,"mcar",150,6,9161606,"available",0.848384020813531,0.869462970037174,0.0210789492236434,0.0163468119716174,0.000267218261635415,0,0.796,84,4,4.33680868994202e-19,""
"ordinal4x5","C = 4, R = 5",4,5,1024,"mcar",150,6,9161606,"fiml",0.848384020813531,0.874100114170798,0.0257160933572673,0.0172359558091281,0.000297078172654218,3,0.796,84,4,1.62630325872826e-18,""
"ordinal4x5","C = 4, R = 5",4,5,1024,"mcar",150,7,9161607,"available",0.848384020813531,0.851386863808784,0.00300284299525289,0.022319236278757,0.000498148308066985,0,0.777333333333333,86,4,3.25260651745651e-19,""
"ordinal4x5","C = 4, R = 5",4,5,1024,"mcar",150,7,9161607,"fiml",0.848384020813531,0.830883494814449,-0.0175005259990821,0.0242138019173156,0.000586308203290998,3,0.777333333333333,86,4,1.51788304147971e-18,""
"ordinal4x5","C = 4, R = 5",4,5,1024,"mcar",150,8,9161608,"available",0.848384020813531,0.880400567419639,0.0320165466061086,0.0185000053944427,0.000342250199594409,0,0.786666666666667,88,4,4.87890977618477e-19,""
"ordinal4x5","C = 4, R = 5",4,5,1024,"mcar",150,8,9161608,"fiml",0.848384020813531,0.874388771670956,0.0260047508574248,0.0180046629570537,0.000324167888197101,3,0.786666666666667,88,4,9.75781955236954e-19,""
"ordinal4x5","C = 4, R = 5",4,5,1024,"mcar",500,1,10161601,"available",0.848384020813531,0.818850867836462,-0.0295331529770688,0.0144238716629172,0.000208048073748306,0,0.7796,295,4,1.02999206386123e-18,""
"ordinal4x5","C = 4, R = 5",4,5,1024,"mcar",500,1,10161601,"fiml",0.848384020813531,0.80946830979301,-0.0389157110205206,0.0168919339913974,0.000285337433969726,25,0.7796,295,4,2.38524477946811e-17,""
"ordinal4x5","C = 4, R = 5",4,5,1024,"mcar",500,2,10161602,"available",0.848384020813531,0.850900087792962,0.00251606697943108,0.0129797110861874,0.000168472899880896,1,0.7712,281,4,4.60785923306339e-19,""
"ordinal4x5","C = 4, R = 5",4,5,1024,"mcar",500,2,10161602,"fiml",0.848384020813531,0.832649585504006,-0.0157344353095251,0.0147760220563267,0.000218330827809052,23.9999999999999,0.7712,281,4,2.98155597433514e-19,""
"ordinal4x5","C = 4, R = 5",4,5,1024,"mcar",500,3,10161603,"available",0.848384020813531,0.849962402981512,0.00157838216798134,0.0120193845782856,0.000144465605640729,1,0.7836,300,4,2.43945488809238e-19,""
"ordinal4x5","C = 4, R = 5",4,5,1024,"mcar",500,3,10161603,"fiml",0.848384020813531,0.86165569133784,0.0132716705243097,0.0110591673822203,0.000122305183187965,24,0.7836,300,4,3.25260651745651e-19,""
"ordinal4x5","C = 4, R = 5",4,5,1024,"mcar",500,4,10161604,"available",0.848384020813531,0.838502929563479,-0.00988109125005199,0.0129239091774211,0.000167027428426229,0,0.788,289,4,3.79470760369927e-19,""
"ordinal4x5","C = 4, R = 5",4,5,1024,"mcar",500,4,10161604,"fiml",0.848384020813531,0.829625134572298,-0.018758886241233,0.0131798704538796,0.000173708985181047,18.9999999999999,0.788,289,4,2.71050543121376e-20,""
"ordinal4x5","C = 4, R = 5",4,5,1024,"mcar",500,5,10161605,"available",0.848384020813531,0.841995247268541,-0.0063887735449899,0.0135921221257594,0.000184745783881559,0,0.7688,278,4,1.62630325872826e-19,""
"ordinal4x5","C = 4, R = 5",4,5,1024,"mcar",500,5,10161605,"fiml",0.848384020813531,0.828782170055087,-0.0196018507584441,0.0158023476261487,0.000249714190497649,24,0.7688,278,4,8.02309607639273e-18,""
"ordinal4x5","C = 4, R = 5",4,5,1024,"mcar",500,6,10161606,"available",0.848384020813531,0.86926408868305,0.0208800678695198,0.0114749299206304,0.000131674016683378,1.00000000000011,0.7728,289,4,1.62630325872826e-19,""
"ordinal4x5","C = 4, R = 5",4,5,1024,"mcar",500,6,10161606,"fiml",0.848384020813531,0.866602215406002,0.0182181945924713,0.0108356937919632,0.00011741225995319,20.9999999999999,0.7728,289,4,8.40256683676266e-19,""
"ordinal4x5","C = 4, R = 5",4,5,1024,"mcar",500,7,10161607,"available",0.848384020813531,0.861915784350527,0.0135317635369964,0.0114314402971665,0.000130677827267682,0,0.7744,291,4,2.16840434497101e-19,""
"ordinal4x5","C = 4, R = 5",4,5,1024,"mcar",500,7,10161607,"fiml",0.848384020813531,0.858418395670885,0.0100343748573541,0.0117687795053468,0.000138504171045472,18.9999999999999,0.7744,291,4,5.14996031930615e-19,""
"ordinal4x5","C = 4, R = 5",4,5,1024,"mcar",500,8,10161608,"available",0.848384020813531,0.839781671800157,-0.00860234901337353,0.0130263142404802,0.000169684862691738,0,0.7836,293,4,1.0842021724855e-19,""
"ordinal4x5","C = 4, R = 5",4,5,1024,"mcar",500,8,10161608,"fiml",0.848384020813531,0.839983976877257,-0.00840004393627414,0.0139050218750638,0.000193349633346004,27.0000000000001,0.7836,293,4,2.14129929065887e-18,""
"ordinal4x5","C = 4, R = 5",4,5,1024,"mar",150,1,11161601,"available",0.848384020813531,0.85405396219616,0.00566994138262888,0.0240317434784344,0.000577524694613274,0,0.721333333333333,61,4,2.16840434497101e-19,""
"ordinal4x5","C = 4, R = 5",4,5,1024,"mar",150,1,11161601,"fiml",0.848384020813531,0.845825508237875,-0.00255851257565531,0.0238486938364472,0.000568760197704597,6.9999999999999,0.721333333333333,61,4,0,""
"ordinal4x5","C = 4, R = 5",4,5,1024,"mar",150,2,11161602,"available",0.848384020813531,0.794067952122842,-0.0543160686906883,0.0323183304120057,0.00104447448061957,0,0.72,58,4,2.16840434497101e-19,""
"ordinal4x5","C = 4, R = 5",4,5,1024,"mar",150,2,11161602,"fiml",0.848384020813531,0.806083443043958,-0.0423005777695731,0.0309516736106987,0.000958006099303221,4,0.72,58,4,2.38524477946811e-18,""
"ordinal4x5","C = 4, R = 5",4,5,1024,"mar",150,3,11161603,"available",0.848384020813531,0.799361548312857,-0.0490224725006733,0.0349685538466777,0.001222799758128,0,0.649333333333333,41,4,1.0842021724855e-18,""
"ordinal4x5","C = 4, R = 5",4,5,1024,"mar",150,3,11161603,"fiml",0.848384020813531,0.803202643518896,-0.0451813772946342,0.0342791235562707,0.00117505831178607,7.00000000000012,0.649333333333333,41,4,1.51788304147971e-18,""
"ordinal4x5","C = 4, R = 5",4,5,1024,"mar",150,4,11161604,"available",0.848384020813531,0.763906354823012,-0.0844776659905189,0.0397121231914122,0.0015770527283699,0,0.7,58,4,0,""
"ordinal4x5","C = 4, R = 5",4,5,1024,"mar",150,4,11161604,"fiml",0.848384020813531,0.753810236174958,-0.094573784638573,0.0441991109915223,0.0019535614124409,4.99999999999989,0.7,58,4,4.33680868994202e-18,""
"ordinal4x5","C = 4, R = 5",4,5,1024,"mar",150,5,11161605,"available",0.848384020813531,0.820091599908135,-0.0282924209053954,0.0285005235353045,0.000812279841786446,0,0.674666666666667,48,4,3.25260651745651e-19,""
"ordinal4x5","C = 4, R = 5",4,5,1024,"mar",150,5,11161605,"fiml",0.848384020813531,0.854149673049756,0.00576565223622572,0.025629176172089,0.000656854671259975,4.99999999999989,0.674666666666667,48,4,6.50521303491303e-19,""
"ordinal4x5","C = 4, R = 5",4,5,1024,"mar",150,6,11161606,"available",0.848384020813531,0.815596794422331,-0.0327872263911997,0.0280235586680892,0.00078531984042384,0,0.688,55,4,1.51788304147971e-18,""
"ordinal4x5","C = 4, R = 5",4,5,1024,"mar",150,6,11161606,"fiml",0.848384020813531,0.797242221559324,-0.0511417992542067,0.0322059998252901,0.00103722642474659,7.00000000000012,0.688,55,4,6.72205346941013e-18,""
"ordinal4x5","C = 4, R = 5",4,5,1024,"mar",150,7,11161607,"available",0.848384020813531,0.85756723744584,0.00918321663230937,0.0226836763179983,0.000514549171299716,0,0.673333333333333,46,4,1.30104260698261e-18,""
"ordinal4x5","C = 4, R = 5",4,5,1024,"mar",150,7,11161607,"fiml",0.848384020813531,0.833778009916125,-0.014606010897406,0.0265997426281696,0.000707546307884862,6.9999999999999,0.673333333333333,46,4,1.0842021724855e-18,""
"ordinal4x5","C = 4, R = 5",4,5,1024,"mar",150,8,11161608,"available",0.848384020813531,0.816986001885937,-0.031398018927594,0.0305419545276977,0.000932810986371954,0,0.689333333333333,48,4,7.58941520739853e-19,""
"ordinal4x5","C = 4, R = 5",4,5,1024,"mar",150,8,11161608,"fiml",0.848384020813531,0.797039076372809,-0.0513449444407215,0.0386725630288691,0.00149556713122186,4.99999999999989,0.689333333333333,48,4,6.28837260041593e-18,""
"ordinal4x5","C = 4, R = 5",4,5,1024,"mar",500,1,12161601,"available",0.848384020813531,0.844005712870754,-0.00437830794277705,0.0143949561488499,0.00020721476252731,0,0.6876,176,4,5.42101086242752e-20,""
"ordinal4x5","C = 4, R = 5",4,5,1024,"mar",500,1,12161601,"fiml",0.848384020813531,0.848701232223011,0.000317211409480156,0.0143285781772693,0.000205308152582119,17.0000000000001,0.6876,176,4,8.40256683676266e-19,""
"ordinal4x5","C = 4, R = 5",4,5,1024,"mar",500,2,12161602,"available",0.848384020813531,0.831823531105541,-0.0165604897079896,0.0145348502150744,0.000211261870774649,0,0.6848,180,4,1.62630325872826e-19,""
"ordinal4x5","C = 4, R = 5",4,5,1024,"mar",500,2,12161602,"fiml",0.848384020813531,0.853349278879704,0.00496525806617354,0.0122964993199855,0.000151203895526404,40,0.6848,180,4,2.43945488809238e-19,""
"ordinal4x5","C = 4, R = 5",4,5,1024,"mar",500,3,12161603,"available",0.848384020813531,0.835998363310362,-0.0123856575031684,0.0158633476449795,0.000251645798505478,0.99999999999989,0.6872,174,4,7.04731412115578e-19,""
"ordinal4x5","C = 4, R = 5",4,5,1024,"mar",500,3,12161603,"fiml",0.848384020813531,0.850693127428589,0.00230910661505845,0.0143936781923747,0.000207177971905643,30,0.6872,174,4,8.40256683676266e-19,""
"ordinal4x5","C = 4, R = 5",4,5,1024,"mar",500,4,12161604,"available",0.848384020813531,0.819919331660702,-0.0284646891528286,0.0162264135987504,0.000263296498277712,0.99999999999989,0.67,166,4,1.62630325872826e-19,""
"ordinal4x5","C = 4, R = 5",4,5,1024,"mar",500,4,12161604,"fiml",0.848384020813531,0.827950672222183,-0.0204333485913482,0.017133598796729,0.000293560207727274,26.9999999999999,0.67,166,4,1.95156391047391e-18,""
"ordinal4x5","C = 4, R = 5",4,5,1024,"mar",500,5,12161605,"available",0.848384020813531,0.808402220138622,-0.0399818006749092,0.0170243710550935,0.000289829209821504,0.99999999999989,0.6928,185,4,3.79470760369927e-19,""
"ordinal4x5","C = 4, R = 5",4,5,1024,"mar",500,5,12161605,"fiml",0.848384020813531,0.814728547059029,-0.0336554737545014,0.017074057555843,0.00029152344142024,31.0000000000001,0.6928,185,4,7.42678488152571e-18,""
"ordinal4x5","C = 4, R = 5",4,5,1024,"mar",500,6,12161606,"available",0.848384020813531,0.797083424712378,-0.0513005961011527,0.0169501956402247,0.000287309132241891,0,0.698,183,4,1.62630325872826e-19,""
"ordinal4x5","C = 4, R = 5",4,5,1024,"mar",500,6,12161606,"fiml",0.848384020813531,0.808213242946734,-0.0401707778667965,0.0179555741999998,0.000322402644851699,46.9999999999999,0.698,183,4,0,""
"ordinal4x5","C = 4, R = 5",4,5,1024,"mar",500,7,12161607,"available",0.848384020813531,0.819660418853563,-0.0287236019599679,0.0149154866410668,0.000222471741739841,0,0.6948,175,4,2.71050543121376e-19,""
"ordinal4x5","C = 4, R = 5",4,5,1024,"mar",500,7,12161607,"fiml",0.848384020813531,0.840296493601488,-0.00808752721204287,0.0142275016440559,0.000202421803031612,26.9999999999999,0.6948,175,4,1.57209315010398e-18,""
"ordinal4x5","C = 4, R = 5",4,5,1024,"mar",500,8,12161608,"available",0.848384020813531,0.842623416241963,-0.00576060457156802,0.0143696381050417,0.000206486499269866,1.00000000000011,0.6856,183,4,4.33680868994202e-19,""
"ordinal4x5","C = 4, R = 5",4,5,1024,"mar",500,8,12161608,"fiml",0.848384020813531,0.847267246692431,-0.00111677412109934,0.0157940177381117,0.000249450996311788,14.9999999999999,0.6856,183,4,3.08997619158369e-18,""
"paper5x6","C = 5, R = 6",5,6,15625,"complete",150,1,13161601,"available",0.853987551538603,0.8707881079981,0.0168005564594975,0.0153855112722496,0.00023671395710852,0.99999999999989,1,150,5,7.86046575051991e-19,""
"paper5x6","C = 5, R = 6",5,6,15625,"complete",150,1,13161601,"fiml",0.853987551538603,0.870788107998099,0.0168005564594962,0.0153855112722497,0.000236713957108523,4,1,150,5,3.79470760369927e-19,""
"paper5x6","C = 5, R = 6",5,6,15625,"complete",150,2,13161602,"available",0.853987551538603,0.873182686616963,0.0191951350783599,0.0154316202089899,0.000238134902274504,0,1,150,5,1.35525271560688e-19,""
"paper5x6","C = 5, R = 6",5,6,15625,"complete",150,2,13161602,"fiml",0.853987551538603,0.873182686616962,0.0191951350783586,0.01543162020899,0.000238134902274509,3.00000000000011,1,150,5,1.62630325872826e-19,""
"paper5x6","C = 5, R = 6",5,6,15625,"complete",150,3,13161603,"available",0.853987551538603,0.829340670214311,-0.0246468813242922,0.0216614452001288,0.000469218208158181,0,1,150,5,5.42101086242752e-19,""
"paper5x6","C = 5, R = 6",5,6,15625,"complete",150,3,13161603,"fiml",0.853987551538603,0.82934067021431,-0.0246468813242926,0.0216614452001288,0.000469218208158184,4,1,150,5,3.25260651745651e-19,""
"paper5x6","C = 5, R = 6",5,6,15625,"complete",150,4,13161604,"available",0.853987551538603,0.844810829452956,-0.00917672208564679,0.0189786806059298,0.000360190317541896,0,1,150,5,5.42101086242752e-20,""
"paper5x6","C = 5, R = 6",5,6,15625,"complete",150,4,13161604,"fiml",0.853987551538603,0.844810829452952,-0.00917672208565046,0.0189786806059302,0.000360190317541911,4,1,150,5,2.71050543121376e-19,""
"paper5x6","C = 5, R = 6",5,6,15625,"complete",150,5,13161605,"available",0.853987551538603,0.845579791794794,-0.00840775974380914,0.0187482497901914,0.00035149687019541,0,1,150,5,7.04731412115578e-19,""
"paper5x6","C = 5, R = 6",5,6,15625,"complete",150,5,13161605,"fiml",0.853987551538603,0.845579791794791,-0.00840775974381169,0.0187482497901916,0.00035149687019542,4,1,150,5,0,""
"paper5x6","C = 5, R = 6",5,6,15625,"complete",150,6,13161606,"available",0.853987551538603,0.849085321100917,-0.00490223043768578,0.019642057648214,0.000385810428655764,1.00000000000011,1,150,5,9.21571846612679e-19,""
"paper5x6","C = 5, R = 6",5,6,15625,"complete",150,6,13161606,"fiml",0.853987551538603,0.849085321100916,-0.00490223043768734,0.0196420576482143,0.000385810428655774,4,1,150,5,1.0842021724855e-19,""
"paper5x6","C = 5, R = 6",5,6,15625,"complete",150,7,13161607,"available",0.853987551538603,0.868720104714582,0.0147325531759791,0.0151041707839723,0.000228135975071401,0,1,150,5,8.40256683676266e-19,""
"paper5x6","C = 5, R = 6",5,6,15625,"complete",150,7,13161607,"fiml",0.853987551538603,0.86872010471458,0.0147325531759772,0.0151041707839725,0.000228135975071408,4,1,150,5,2.98155597433514e-19,""
"paper5x6","C = 5, R = 6",5,6,15625,"complete",150,8,13161608,"available",0.853987551538603,0.869162165669511,0.0151746141309081,0.0165630559325329,0.000274334821824215,0.99999999999989,1,150,5,8.67361737988404e-19,""
"paper5x6","C = 5, R = 6",5,6,15625,"complete",150,8,13161608,"fiml",0.853987551538603,0.869162165669511,0.0151746141309079,0.016563055932533,0.000274334821824218,4,1,150,5,1.0842021724855e-19,""
"paper5x6","C = 5, R = 6",5,6,15625,"complete",500,1,14161601,"available",0.853987551538603,0.843726782761804,-0.010260768776799,0.0104837542810458,0.000109909103825347,0,1,500,5,2.71050543121376e-20,""
"paper5x6","C = 5, R = 6",5,6,15625,"complete",500,1,14161601,"fiml",0.853987551538603,0.843726782761811,-0.0102607687767917,0.0104837542810454,0.000109909103825337,125,1,500,5,3.11708124589583e-19,""
"paper5x6","C = 5, R = 6",5,6,15625,"complete",500,2,14161602,"available",0.853987551538603,0.833267014883914,-0.0207205366546892,0.0114016426347292,0.000129997454770074,0,1,500,5,2.71050543121376e-20,""
"paper5x6","C = 5, R = 6",5,6,15625,"complete",500,2,14161602,"fiml",0.853987551538603,0.83326701488392,-0.020720536654683,0.0114016426347288,0.000129997454770064,122,1,500,5,1.89735380184963e-19,""
"paper5x6","C = 5, R = 6",5,6,15625,"complete",500,3,14161603,"available",0.853987551538603,0.851653314112598,-0.00233423742600469,0.01042862298802,0.00010875617742626,0,1,500,5,1.35525271560688e-20,""
"paper5x6","C = 5, R = 6",5,6,15625,"complete",500,3,14161603,"fiml",0.853987551538603,0.851653314112604,-0.00233423742599881,0.0104286229880196,0.000108756177426251,113,1,500,5,1.76182853028894e-19,""
"paper5x6","C = 5, R = 6",5,6,15625,"complete",500,4,14161604,"available",0.853987551538603,0.858313609109079,0.00432605757047611,0.00962887925168845,9.27153156435964e-05,0,1,500,5,5.55653613398821e-19,""
"paper5x6","C = 5, R = 6",5,6,15625,"complete",500,4,14161604,"fiml",0.853987551538603,0.858313609109085,0.00432605757048199,0.00962887925168803,9.27153156435882e-05,109,1,500,5,4.20128341838133e-19,""
"paper5x6","C = 5, R = 6",5,6,15625,"complete",500,5,14161605,"available",0.853987551538603,0.877722508798456,0.0237349572598535,0.00834159798279454,6.9582256906562e-05,0,1,500,5,6.7762635780344e-20,""
"paper5x6","C = 5, R = 6",5,6,15625,"complete",500,5,14161605,"fiml",0.853987551538603,0.877722508798463,0.0237349572598602,0.00834159798279414,6.95822569065553e-05,99.9999999999999,1,500,5,4.06575814682064e-20,""
"paper5x6","C = 5, R = 6",5,6,15625,"complete",500,6,14161606,"available",0.853987551538603,0.850690232119712,-0.00329731941889055,0.0100654766152417,0.000101313819491978,0,1,500,5,2.3039296165317e-19,""
"paper5x6","C = 5, R = 6",5,6,15625,"complete",500,6,14161606,"fiml",0.853987551538603,0.850690232119718,-0.00329731941888523,0.0100654766152414,0.000101313819491971,113,1,500,5,2.84603070277445e-19,""
"paper5x6","C = 5, R = 6",5,6,15625,"complete",500,7,14161607,"available",0.853987551538603,0.839638932629264,-0.014348618909339,0.0108280375846272,0.000117246397934099,0,1,500,5,2.43945488809238e-19,""
"paper5x6","C = 5, R = 6",5,6,15625,"complete",500,7,14161607,"fiml",0.853987551538603,0.839638932629271,-0.0143486189093321,0.0108280375846267,0.000117246397934088,124,1,500,5,5.42101086242752e-19,""
"paper5x6","C = 5, R = 6",5,6,15625,"complete",500,8,14161608,"available",0.853987551538603,0.853419782073585,-0.000567769465017798,0.0100920002981116,0.000101848470017085,0,1,500,5,6.7762635780344e-20,""
"paper5x6","C = 5, R = 6",5,6,15625,"complete",500,8,14161608,"fiml",0.853987551538603,0.853419782073594,-0.000567769465009249,0.010092000298111,0.000101848470017073,117,1,500,5,2.71050543121376e-20,""
"paper5x6","C = 5, R = 6",5,6,15625,"mcar",150,1,15161601,"available",0.853987551538603,0.854211730718356,0.000224179179753259,0.0202894946400443,0.000411663592748388,0,0.8,88,5,5.96311194867027e-19,""
"paper5x6","C = 5, R = 6",5,6,15625,"mcar",150,1,15161601,"fiml",0.853987551538603,0.837024365743938,-0.0169631857946647,0.0205505977542784,0.00042232706805815,27.0000000000001,0.8,88,5,5.42101086242752e-20,""
"paper5x6","C = 5, R = 6",5,6,15625,"mcar",150,2,15161602,"available",0.853987551538603,0.869340848980836,0.0153532974422326,0.020184709637605,0.000407422503154425,0,0.787777777777778,85,5,5.42101086242752e-19,""
"paper5x6","C = 5, R = 6",5,6,15625,"mcar",150,2,15161602,"fiml",0.853987551538603,0.841220031435714,-0.0127675201028894,0.0212403924254271,0.000451154270386141,35.0000000000001,0.787777777777778,85,5,2.16840434497101e-19,""
"paper5x6","C = 5, R = 6",5,6,15625,"mcar",150,3,15161603,"available",0.853987551538603,0.833311094382915,-0.0206764571556879,0.0209349587837942,0.000438272499279163,0,0.773333333333333,83,5,1.0842021724855e-19,""
"paper5x6","C = 5, R = 6",5,6,15625,"mcar",150,3,15161603,"fiml",0.853987551538603,0.840347685941153,-0.0136398655974498,0.021435085752218,0.000459462901204939,40,0.773333333333333,83,5,1.0842021724855e-19,""
"paper5x6","C = 5, R = 6",5,6,15625,"mcar",150,4,15161604,"available",0.853987551538603,0.805032520988381,-0.0489550305502222,0.0256346430098259,0.000657134922241216,0,0.774444444444444,79,5,9.75781955236954e-19,""
"paper5x6","C = 5, R = 6",5,6,15625,"mcar",150,4,15161604,"fiml",0.853987551538603,0.806791361692995,-0.0471961898456076,0.0254020621076866,0.000645264759322768,45.9999999999998,0.774444444444444,79,5,7.58941520739853e-19,""
"paper5x6","C = 5, R = 6",5,6,15625,"mcar",150,5,15161605,"available",0.853987551538603,0.824640408352348,-0.0293471431862548,0.0268251728300213,0.000719589897360511,0,0.804444444444444,91,5,7.58941520739853e-19,""
"paper5x6","C = 5, R = 6",5,6,15625,"mcar",150,5,15161605,"fiml",0.853987551538603,0.805504649685086,-0.0484829018535168,0.0517579057889626,0.00267888081165913,40.9999999999999,0.804444444444444,91,5,6.59194920871187e-17,""
"paper5x6","C = 5, R = 6",5,6,15625,"mcar",150,6,15161606,"available",0.853987551538603,0.846272367863849,-0.00771518367475421,0.0225989900733673,0.000510714352336153,0,0.762222222222222,82,5,8.67361737988404e-19,""
"paper5x6","C = 5, R = 6",5,6,15625,"mcar",150,6,15161606,"fiml",0.853987551538603,0.818018524572534,-0.0359690269660692,0.0271168026731102,0.000735320987212397,24,0.762222222222222,82,5,2.49366499671666e-18,""
"paper5x6","C = 5, R = 6",5,6,15625,"mcar",150,7,15161607,"available",0.853987551538603,0.844205808115101,-0.00978174342350224,0.0216201718239302,0.000467431829696263,0,0.767777777777778,79,5,3.25260651745651e-19,""
"paper5x6","C = 5, R = 6",5,6,15625,"mcar",150,7,15161607,"fiml",0.853987551538603,0.823941864401819,-0.0300456871367836,0.0239353094605729,0.000572899038973389,26.0000000000002,0.767777777777778,79,5,1.02999206386123e-17,""
"paper5x6","C = 5, R = 6",5,6,15625,"mcar",150,8,15161608,"available",0.853987551538603,0.840158544540318,-0.0138290069982852,0.0246509487465401,0.000607669274104545,0.99999999999989,0.777777777777778,83,5,1.0842021724855e-18,""
"paper5x6","C = 5, R = 6",5,6,15625,"mcar",150,8,15161608,"fiml",0.853987551538603,0.808664923719198,-0.0453226278194052,0.0374692361857348,0.00140394366034238,28,0.777777777777778,83,5,2.16840434497101e-19,""
"paper5x6","C = 5, R = 6",5,6,15625,"mcar",500,1,16161601,"available",0.853987551538603,0.861590550331021,0.00760299879241821,0.0108749586831858,0.000118264726360998,0,0.765333333333333,281,5,1.35525271560688e-20,""
"paper5x6","C = 5, R = 6",5,6,15625,"mcar",500,1,16161601,"fiml",0.853987551538603,0.843903418998279,-0.0100841325403239,0.0125517900496181,0.000157547433449691,124,0.765333333333333,281,5,8.94466792300541e-19,""
"paper5x6","C = 5, R = 6",5,6,15625,"mcar",500,2,16161602,"available",0.853987551538603,0.8433261175603,-0.0106614339783029,0.0122744222373416,0.000150661441260546,0,0.776666666666667,290,5,1.62630325872826e-19,""
"paper5x6","C = 5, R = 6",5,6,15625,"mcar",500,2,16161602,"fiml",0.853987551538603,0.828857399436253,-0.0251301521023503,0.015014539142416,0.000225436385659142,141,0.776666666666667,290,5,1.47451495458029e-17,""
"paper5x6","C = 5, R = 6",5,6,15625,"mcar",500,3,16161603,"available",0.853987551538603,0.828235376139823,-0.0257521753987802,0.0132464361403523,0.000175468070420431,0.99999999999989,0.774333333333333,293,5,2.43945488809238e-19,""
"paper5x6","C = 5, R = 6",5,6,15625,"mcar",500,3,16161603,"fiml",0.853987551538603,0.825358435516603,-0.0286291160220002,0.013870129184211,0.0001923804835867,135,0.774333333333333,293,5,2.00577401909818e-18,""
"paper5x6","C = 5, R = 6",5,6,15625,"mcar",500,4,16161604,"available",0.853987551538603,0.856729858162066,0.00274230662346286,0.0111303838871529,0.000123885445475394,0.99999999999989,0.773333333333333,286,5,8.13151629364128e-20,""
"paper5x6","C = 5, R = 6",5,6,15625,"mcar",500,4,16161604,"fiml",0.853987551538603,0.840489145696935,-0.0134984058416681,0.0134597573221602,0.000181165067171446,149,0.773333333333333,286,5,4.06575814682064e-19,""
"paper5x6","C = 5, R = 6",5,6,15625,"mcar",500,5,16161605,"available",0.853987551538603,0.833734009710091,-0.0202535418285117,0.0138596559521435,0.000192090063111787,1.00000000000033,0.796,297,5,8.13151629364128e-20,""
"paper5x6","C = 5, R = 6",5,6,15625,"mcar",500,5,16161605,"fiml",0.853987551538603,0.823492729740886,-0.0304948217977168,0.0151642316045652,0.000229953920156895,153,0.796,297,5,5.39390580811538e-18,""
"paper5x6","C = 5, R = 6",5,6,15625,"mcar",500,6,16161606,"available",0.853987551538603,0.861766661989879,0.00777911045127577,0.0107917996545253,0.000116462939783413,0.99999999999989,0.778666666666667,291,5,8.13151629364128e-20,""
"paper5x6","C = 5, R = 6",5,6,15625,"mcar",500,6,16161606,"fiml",0.853987551538603,0.844039722669386,-0.00994782886921719,0.0135960182934419,0.000184851713435607,156,0.778666666666667,291,5,5.0415401020576e-18,""
"paper5x6","C = 5, R = 6",5,6,15625,"mcar",500,7,16161607,"available",0.853987551538603,0.859727136220506,0.00573958468190261,0.0112241992405334,0.000125982648591191,0,0.772333333333333,283,5,2.71050543121376e-20,""
"paper5x6","C = 5, R = 6",5,6,15625,"mcar",500,7,16161607,"fiml",0.853987551538603,0.854098203129939,0.000110651591336386,0.0120411269914832,0.000144988739225026,154,0.772333333333333,283,5,1.0842021724855e-19,""
"paper5x6","C = 5, R = 6",5,6,15625,"mcar",500,8,16161608,"available",0.853987551538603,0.862791242607253,0.00880369106865053,0.0108647087039305,0.000118041895221262,0.99999999999989,0.769333333333333,288,5,2.71050543121376e-20,""
"paper5x6","C = 5, R = 6",5,6,15625,"mcar",500,8,16161608,"fiml",0.853987551538603,0.842152109863858,-0.0118354416747453,0.0136437827096922,0.000186152806629295,127,0.769333333333333,288,5,1.51788304147971e-18,""
"paper5x6","C = 5, R = 6",5,6,15625,"mar",150,1,17161601,"available",0.853987551538603,0.840681525707824,-0.013306025830779,0.0216270609649822,0.000467729765983055,0.99999999999989,0.685555555555556,56,5,5.42101086242752e-20,""
"paper5x6","C = 5, R = 6",5,6,15625,"mar",150,1,17161601,"fiml",0.853987551538603,0.787305473414116,-0.0666820781244865,0.0327912878856255,0.00107526856119797,95.0000000000002,0.685555555555556,56,5,1.0842021724855e-18,""
"paper5x6","C = 5, R = 6",5,6,15625,"mar",150,2,17161602,"available",0.853987551538603,0.832194983401482,-0.0217925681371206,0.0234117755785836,0.000548111235741963,0,0.682222222222222,54,5,1.0842021724855e-19,""
"paper5x6","C = 5, R = 6",5,6,15625,"mar",150,2,17161602,"fiml",0.853987551538603,0.840099651225551,-0.0138879003130522,0.0265704449655238,0.00070598854566593,61.9999999999998,0.682222222222222,54,5,1.84314369322536e-18,""
"paper5x6","C = 5, R = 6",5,6,15625,"mar",150,3,17161603,"available",0.853987551538603,0.834605742797599,-0.0193818087410041,0.024260224857868,0.000588558510154316,0,0.654444444444444,46,5,5.42101086242752e-19,""
"paper5x6","C = 5, R = 6",5,6,15625,"mar",150,3,17161603,"fiml",0.853987551538603,0.822638885134936,-0.0313486664036666,0.0285640140067448,0.000815902896177514,29.0000000000008,0.654444444444444,46,5,1.40946282423116e-18,""
"paper5x6","C = 5, R = 6",5,6,15625,"mar",150,4,17161604,"available",0.853987551538603,0.822547370943243,-0.0314401805953604,0.0229889455586851,0.000528491617900188,0,0.697777777777778,53,5,5.42101086242752e-19,""
"paper5x6","C = 5, R = 6",5,6,15625,"mar",150,4,17161604,"fiml",0.853987551538603,0.82366459686718,-0.0303229546714231,0.0268360829539695,0.000720175348312332,88.0000000000001,0.697777777777778,53,5,8.67361737988404e-19,""
"paper5x6","C = 5, R = 6",5,6,15625,"mar",150,5,17161605,"available",0.853987551538603,0.799357089213546,-0.0546304623250573,0.0274966253209018,0.000756064404038057,0,0.667777777777778,45,5,7.58941520739853e-19,""
"paper5x6","C = 5, R = 6",5,6,15625,"mar",150,5,17161605,"fiml",0.853987551538603,0.717829593988496,-0.136157957550107,0.0419348011440695,0.00175852754699265,62.0000000000003,0.667777777777778,45,5,3.25260651745651e-18,""
"paper5x6","C = 5, R = 6",5,6,15625,"mar",150,6,17161606,"available",0.853987551538603,0.878486730389509,0.0244991788509057,0.0168666871814725,0.000284485136477649,0,0.652222222222222,41,5,1.0842021724855e-19,""
"paper5x6","C = 5, R = 6",5,6,15625,"mar",150,6,17161606,"fiml",0.853987551538603,0.829214652433344,-0.0247728991052587,0.0262950298671257,0.000691428595713033,36.9999999999999,0.652222222222222,41,5,1.62630325872826e-18,""
"paper5x6","C = 5, R = 6",5,6,15625,"mar",150,7,17161607,"available",0.853987551538603,0.859665070650679,0.0056775191120757,0.0202250163936621,0.0004090512881239,0,0.644444444444444,45,5,4.87890977618477e-19,""
"paper5x6","C = 5, R = 6",5,6,15625,"mar",150,7,17161607,"fiml",0.853987551538603,0.807454874271064,-0.0465326772675387,0.0274802922997228,0.000755166464878207,96.0000000000001,0.644444444444444,45,5,4.11996825544492e-18,""
"paper5x6","C = 5, R = 6",5,6,15625,"mar",150,8,17161608,"available",0.853987551538603,0.852241880168136,-0.00174567137046688,0.0240340033908715,0.000577633318992424,0,0.661111111111111,44,5,7.58941520739853e-19,""
"paper5x6","C = 5, R = 6",5,6,15625,"mar",150,8,17161608,"fiml",0.853987551538603,0.820473703288527,-0.0335138482500763,0.0288083837087149,0.00082992297190855,66.0000000000007,0.661111111111111,44,5,2.38524477946811e-18,""
"paper5x6","C = 5, R = 6",5,6,15625,"mar",500,1,18161601,"available",0.853987551538603,0.835155341980857,-0.0188322095577462,0.0149974594774386,0.000224923790777412,1.00000000000033,0.673333333333333,168,5,3.79470760369927e-19,""
"paper5x6","C = 5, R = 6",5,6,15625,"mar",500,1,18161601,"fiml",0.853987551538603,0.82721943245288,-0.026768119085723,0.0166453575819445,0.000277067929030798,281,0.673333333333333,168,5,2.22261445359528e-18,""
"paper5x6","C = 5, R = 6",5,6,15625,"mar",500,2,18161602,"available",0.853987551538603,0.831613432974886,-0.0223741185637174,0.0144342651767616,0.000208348011193072,0,0.684,183,5,1.35525271560688e-19,""
"paper5x6","C = 5, R = 6",5,6,15625,"mar",500,2,18161602,"fiml",0.853987551538603,0.834623933780921,-0.0193636177576817,0.0156271734774809,0.000244208550895283,257.000000000001,0.684,183,5,3.03576608295941e-18,""
"paper5x6","C = 5, R = 6",5,6,15625,"mar",500,3,18161603,"available",0.853987551538603,0.846089574838364,-0.00789797670023862,0.012644077869597,0.000159872705172433,0,0.684,184,5,4.60785923306339e-19,""
"paper5x6","C = 5, R = 6",5,6,15625,"mar",500,3,18161603,"fiml",0.853987551538603,0.84451687964418,-0.00947067189442341,0.0140043918397717,0.000196122990801864,145,0.684,184,5,2.43945488809238e-19,""
"paper5x6","C = 5, R = 6",5,6,15625,"mar",500,4,18161604,"available",0.853987551538603,0.840595846068102,-0.0133917054705007,0.0141092798245139,0.000199071777166436,1.00000000000033,0.666666666666667,182,5,3.52365706057789e-19,""
"paper5x6","C = 5, R = 6",5,6,15625,"mar",500,4,18161604,"fiml",0.853987551538603,0.849231755347826,-0.0047557961907766,0.0139442749572951,0.000194442804084648,189.999999999999,0.666666666666667,182,5,9.21571846612679e-19,""
"paper5x6","C = 5, R = 6",5,6,15625,"mar",500,5,18161605,"available",0.853987551538603,0.84017935893818,-0.0138081926004233,0.0130544404255469,0.000170418414824153,0,0.679333333333333,179,5,8.13151629364128e-20,""
"paper5x6","C = 5, R = 6",5,6,15625,"mar",500,5,18161605,"fiml",0.853987551538603,0.854673317349196,0.000685765810592875,0.0145037184315785,0.000210357848342509,141,0.679333333333333,179,5,1.35525271560688e-18,""
"paper5x6","C = 5, R = 6",5,6,15625,"mar",500,6,18161606,"available",0.853987551538603,0.844765601903647,-0.00922194963495582,0.0131358482969393,0.000172550510480204,0,0.68,178,5,1.62630325872826e-19,""
"paper5x6","C = 5, R = 6",5,6,15625,"mar",500,6,18161606,"fiml",0.853987551538603,0.851342609214791,-0.00264494232381207,0.0134756955131265,0.000181594369562497,157,0.68,178,5,6.50521303491303e-19,""
"paper5x6","C = 5, R = 6",5,6,15625,"mar",500,7,18161607,"available",0.853987551538603,0.854976973221377,0.000989421682774383,0.0135373829939216,0.000183260738324118,0,0.674333333333333,181,5,8.13151629364128e-20,""
"paper5x6","C = 5, R = 6",5,6,15625,"mar",500,7,18161607,"fiml",0.853987551538603,0.84730835851836,-0.00667919302024278,0.013826090832558,0.000191160787710144,153,0.674333333333333,181,5,1.76182853028894e-18,""
"paper5x6","C = 5, R = 6",5,6,15625,"mar",500,8,18161608,"available",0.853987551538603,0.862104046033393,0.00811649449479024,0.0112625308603377,0.00012684460138006,0,0.684333333333333,179,5,1.62630325872826e-19,""
"paper5x6","C = 5, R = 6",5,6,15625,"mar",500,8,18161608,"fiml",0.853987551538603,0.858013583012519,0.004026031473916,0.0129837168869436,0.000168576904200304,142,0.684333333333333,179,5,1.92445885616177e-18,""
