"dgp","method","n","b","truth","est","se"
"A","ipw",500,1,0.843045749937839,0.827582283373068,0.0146424379452876
"A","fiml",500,1,0.843045749937839,0.812218220218342,0.023679748421895
"A","ipw",500,2,0.843045749937839,0.831833310240156,0.0144195402582665
"A","fiml",500,2,0.843045749937839,0.809612537757417,0.0154022212754381
"A","ipw",500,3,0.843045749937839,0.870267195383157,0.013521793547968
"A","fiml",500,3,0.843045749937839,0.857638369724459,0.0240199858580579
"A","ipw",500,4,0.843045749937839,0.868577633164583,0.0134532258436065
"A","fiml",500,4,0.843045749937839,0.853915596310334,0.0142708856135136
"A","ipw",500,5,0.843045749937839,0.861530107352448,0.0141003291768144
"A","fiml",500,5,0.843045749937839,0.838776181100515,0.0226723116741097
"A","ipw",500,6,0.843045749937839,0.844275582960316,0.0148123152653944
"A","fiml",500,6,0.843045749937839,0.837468236683761,0.0143893276398655
"A","ipw",500,7,0.843045749937839,0.845982103586913,0.0148103543348159
"A","fiml",500,7,0.843045749937839,0.826482429102388,0.0156571695015204
"A","ipw",500,8,0.843045749937839,0.84960399767269,0.014340621876395
"A","fiml",500,8,0.843045749937839,0.831049996760353,0.0161479174095536
"A","ipw",500,9,0.843045749937839,0.845086747559936,0.0138923317390346
"A","fiml",500,9,0.843045749937839,0.836779297731408,0.0146459518277676
"A","ipw",500,10,0.843045749937839,0.851277681718331,0.0144360802123624
"A","fiml",500,10,0.843045749937839,0.827813477455177,0.0272158475650481
"A","ipw",500,11,0.843045749937839,0.822745922291142,0.0154831879073033
"A","fiml",500,11,0.843045749937839,0.814975765209705,0.0157592775741284
"A","ipw",500,12,0.843045749937839,0.828027162899032,0.0143787926583227
"A","fiml",500,12,0.843045749937839,0.796856220535996,0.0173915125812647
"A","ipw",500,13,0.843045749937839,0.825831285119722,0.0145093514616982
"A","fiml",500,13,0.843045749937839,0.812114324138795,0.0153892428013666
"A","ipw",500,14,0.843045749937839,0.832457102962927,0.0144762017792199
"A","fiml",500,14,0.843045749937839,0.820930876108848,0.0452082409538344
"A","ipw",500,15,0.843045749937839,0.849062183420454,0.0133792619275916
"A","fiml",500,15,0.843045749937839,0.827362582328104,0.0149352727200421
"A","ipw",500,16,0.843045749937839,0.84743679754899,0.01403845170764
"A","fiml",500,16,0.843045749937839,0.824362284578317,0.0269669409801767
"A","ipw",500,17,0.843045749937839,0.857623984299758,0.0142315159512861
"A","fiml",500,17,0.843045749937839,0.842564405193423,0.0481120262856615
"A","ipw",500,18,0.843045749937839,0.838612379359863,0.0141396557012684
"A","fiml",500,18,0.843045749937839,0.823152504827331,0.0151132329954665
"A","ipw",500,19,0.843045749937839,0.848424587742421,0.0141696433651941
"A","fiml",500,19,0.843045749937839,0.831584363898926,0.0151357490046021
"A","ipw",500,20,0.843045749937839,0.851611080806297,0.0137280410830938
"A","fiml",500,20,0.843045749937839,0.846487095680184,0.0131790947957691
"A","ipw",500,21,0.843045749937839,0.85956789283085,0.0144293975524572
"A","fiml",500,21,0.843045749937839,0.840873835971185,0.0145077907666223
"A","ipw",500,22,0.843045749937839,0.838434702159115,0.0141521696017676
"A","fiml",500,22,0.843045749937839,0.811508335542227,0.0173453943033501
"A","ipw",500,23,0.843045749937839,0.833381049762753,0.0152316569877576
"A","fiml",500,23,0.843045749937839,0.82320250983169,0.0154679227127634
"A","ipw",500,24,0.843045749937839,0.817308719201628,0.0153594539121665
"A","fiml",500,24,0.843045749937839,0.803720441903474,0.0211224660685104
"A","ipw",500,25,0.843045749937839,0.837400895412172,0.0144899124069449
"A","fiml",500,25,0.843045749937839,0.819718559900364,0.0209438870114857
"A","ipw",500,26,0.843045749937839,0.860965006407122,0.0126204035839245
"A","fiml",500,26,0.843045749937839,0.84256520648419,0.01384132788406
"A","ipw",500,27,0.843045749937839,0.831965189591985,0.0149624320435606
"A","fiml",500,27,0.843045749937839,0.807123776110043,0.016335484045116
"A","ipw",500,28,0.843045749937839,0.847954668974319,0.0147438815378161
"A","fiml",500,28,0.843045749937839,0.829718953009152,0.0145816579433598
"A","ipw",500,29,0.843045749937839,0.859320209850623,0.0134920754817343
"A","fiml",500,29,0.843045749937839,0.846477792156807,0.0141735444014082
"A","ipw",500,30,0.843045749937839,0.829318564990274,0.014553725974781
"A","fiml",500,30,0.843045749937839,0.816198508896333,0.0149848313217007
"A","ipw",500,31,0.843045749937839,0.835692172027535,0.014599772501207
"A","fiml",500,31,0.843045749937839,0.818820990898754,0.0153228894338593
"A","ipw",500,32,0.843045749937839,0.858770863035073,0.0136459277620198
"A","fiml",500,32,0.843045749937839,0.850867891453405,0.0201403596296972
"A","ipw",500,33,0.843045749937839,0.823017795783004,0.0154109761398407
"A","fiml",500,33,0.843045749937839,0.805249885714057,0.0525738459433748
"A","ipw",500,34,0.843045749937839,0.83191344692165,0.0154303138967459
"A","fiml",500,34,0.843045749937839,0.816521318042463,0.02704746264408
"A","ipw",500,35,0.843045749937839,0.844372302279354,0.01548024894584
"A","fiml",500,35,0.843045749937839,0.824602907456524,0.0159249602744772
"A","ipw",500,36,0.843045749937839,0.863095782435655,0.0133927262651009
"A","fiml",500,36,0.843045749937839,0.860503313952605,0.0375584662198101
"A","ipw",500,37,0.843045749937839,0.858647934520497,0.0136039163613179
"A","fiml",500,37,0.843045749937839,0.840048183192104,0.0151421585790146
"A","ipw",500,38,0.843045749937839,0.842698830828137,0.0144396628334879
"A","fiml",500,38,0.843045749937839,0.814417614356126,0.0176059724700733
"A","ipw",500,39,0.843045749937839,0.852221426640996,0.0144332364531898
"A","fiml",500,39,0.843045749937839,0.84654861109276,0.0170850996402387
"A","ipw",500,40,0.843045749937839,0.864275417517339,0.0129010602943177
"A","fiml",500,40,0.843045749937839,0.834610732206978,0.0153250825388351
"A","ipw",500,41,0.843045749937839,0.847532658674839,0.0145389370938495
"A","fiml",500,41,0.843045749937839,0.835694395096247,0.0204246649408883
"A","ipw",500,42,0.843045749937839,0.854646251092651,0.013940272219206
"A","fiml",500,42,0.843045749937839,0.830413461370961,0.0200321236217012
"A","ipw",500,43,0.843045749937839,0.866051370978678,0.0138561536811809
"A","fiml",500,43,0.843045749937839,0.854421202059656,0.0174340004743196
"A","ipw",500,44,0.843045749937839,0.858274810884807,0.0142435048429429
"A","fiml",500,44,0.843045749937839,0.848999590405343,0.0148269692205557
"A","ipw",500,45,0.843045749937839,0.830919964468552,0.0149214262184845
"A","fiml",500,45,0.843045749937839,0.810860244273629,0.0218087077419772
"A","ipw",500,46,0.843045749937839,0.855750677186326,0.0144445719722846
"A","fiml",500,46,0.843045749937839,0.841978703589042,0.0140883922758674
"A","ipw",500,47,0.843045749937839,0.828482146659859,0.0150558687155683
"A","fiml",500,47,0.843045749937839,0.82365034002966,0.0146225712329951
"A","ipw",500,48,0.843045749937839,0.846327811765975,0.0146764401384047
"A","fiml",500,48,0.843045749937839,0.822117653311493,0.0170533092054234
"A","ipw",500,49,0.843045749937839,0.835097135333635,0.0151591301104221
"A","fiml",500,49,0.843045749937839,0.808814166718379,0.0170807225691002
"A","ipw",500,50,0.843045749937839,0.822448741662178,0.0157853676278292
"A","fiml",500,50,0.843045749937839,0.798011188900179,0.0187156686389976
"A","ipw",2000,1,0.843045749937839,0.844611803291883,0.00710468375923061
"A","fiml",2000,1,0.843045749937839,0.840031961543263,0.00705604253553322
"A","ipw",2000,2,0.843045749937839,0.843643089224275,0.00723308568570457
"A","fiml",2000,2,0.843045749937839,0.834749348315734,0.00774133715585519
"A","ipw",2000,3,0.843045749937839,0.84256377788351,0.00727499518342241
"A","fiml",2000,3,0.843045749937839,0.83807415132472,0.00725665787559438
"A","ipw",2000,4,0.843045749937839,0.84723586554519,0.00703505425097582
"A","fiml",2000,4,0.843045749937839,0.837217587927244,0.00740279106752488
"A","ipw",2000,5,0.843045749937839,0.843782482388998,0.00717236348552169
"A","fiml",2000,5,0.843045749937839,0.834386848526217,0.00757002726684127
"A","ipw",2000,6,0.843045749937839,0.838761288534694,0.00715568748600815
"A","fiml",2000,6,0.843045749937839,0.82810167934004,0.00856599444195936
"A","ipw",2000,7,0.843045749937839,0.823174121010675,0.0076150664635014
"A","fiml",2000,7,0.843045749937839,0.817737442234888,0.00748594171785357
"A","ipw",2000,8,0.843045749937839,0.834586236352202,0.00740392443443589
"A","fiml",2000,8,0.843045749937839,0.825062574260776,0.00765080900941526
"A","ipw",2000,9,0.843045749937839,0.839761509571568,0.00719644991455074
"A","fiml",2000,9,0.843045749937839,0.833382263043583,0.0074363922363025
"A","ipw",2000,10,0.843045749937839,0.843647557279487,0.00699037363414916
"A","fiml",2000,10,0.843045749937839,0.827828285585331,0.00737015126055641
"A","ipw",2000,11,0.843045749937839,0.845065802346345,0.00712550972028864
"A","fiml",2000,11,0.843045749937839,0.830804720496822,0.00756220677719364
"A","ipw",2000,12,0.843045749937839,0.828633320900985,0.00743942721476543
"A","fiml",2000,12,0.843045749937839,0.827801919530009,0.00733807057912601
"A","ipw",2000,13,0.843045749937839,0.851976654071908,0.0071277049736587
"A","fiml",2000,13,0.843045749937839,0.84672890276354,0.00731512276786116
"A","ipw",2000,14,0.843045749937839,0.847735501535613,0.00695979269226898
"A","fiml",2000,14,0.843045749937839,0.838073877025966,0.00851229196582107
"A","ipw",2000,15,0.843045749937839,0.840429603890367,0.00728738991599647
"A","fiml",2000,15,0.843045749937839,0.836082627914007,0.00737799955731692
"A","ipw",2000,16,0.843045749937839,0.850755986117834,0.00712257048758499
"A","fiml",2000,16,0.843045749937839,0.846465284000776,0.00731156755127854
"A","ipw",2000,17,0.843045749937839,0.843637031141523,0.00716986815879592
"A","fiml",2000,17,0.843045749937839,0.838989537918848,0.00766603308129284
"A","ipw",2000,18,0.843045749937839,0.851692165913659,0.00693346136362345
"A","fiml",2000,18,0.843045749937839,0.840046829074316,0.00729199587317154
"A","ipw",2000,19,0.843045749937839,0.851930231980237,0.00709901010303655
"A","fiml",2000,19,0.843045749937839,0.846608789462554,0.00736524644222824
"A","ipw",2000,20,0.843045749937839,0.837365041058385,0.00723053686264572
"A","fiml",2000,20,0.843045749937839,0.830959957272656,0.00743528601717118
"A","ipw",2000,21,0.843045749937839,0.836797311860226,0.00730408349042526
"A","fiml",2000,21,0.843045749937839,0.821461707922782,0.00781917878824717
"A","ipw",2000,22,0.843045749937839,0.854713582443094,0.006853139683528
"A","fiml",2000,22,0.843045749937839,0.845379042149868,0.00698176116208922
"A","ipw",2000,23,0.843045749937839,0.850470841745954,0.0067133520090635
"A","fiml",2000,23,0.843045749937839,0.841433108202704,0.00709455073050929
"A","ipw",2000,24,0.843045749937839,0.846476366793129,0.00713522210412776
"A","fiml",2000,24,0.843045749937839,0.841582540156665,0.00739076584528572
"A","ipw",2000,25,0.843045749937839,0.834001296317751,0.00751100478376251
"A","fiml",2000,25,0.843045749937839,0.829346527158459,0.00749332833648234
"A","ipw",2000,26,0.843045749937839,0.848230772208317,0.0069740386071783
"A","fiml",2000,26,0.843045749937839,0.839834034425465,0.00711000389745123
"A","ipw",2000,27,0.843045749937839,0.840574841289839,0.00727811786357878
"A","fiml",2000,27,0.843045749937839,0.833288857661493,0.00721251698834114
"A","ipw",2000,28,0.843045749937839,0.841863125484552,0.00713801854748862
"A","fiml",2000,28,0.843045749937839,0.829132102771342,0.00769344641187917
"A","ipw",2000,29,0.843045749937839,0.838721216299954,0.00726374241852476
"A","fiml",2000,29,0.843045749937839,0.832949137799087,0.00731649235330727
"A","ipw",2000,30,0.843045749937839,0.84681047342196,0.0070421149223536
"A","fiml",2000,30,0.843045749937839,0.837268460625389,0.0078351047459912
"A","ipw",2000,31,0.843045749937839,0.835540924636109,0.00738408475867898
"A","fiml",2000,31,0.843045749937839,0.825564484186336,0.00761938055452752
"A","ipw",2000,32,0.843045749937839,0.841075438166635,0.00723012583322392
"A","fiml",2000,32,0.843045749937839,0.832015926935228,0.00744489520608148
"A","ipw",2000,33,0.843045749937839,0.837558926764238,0.00706574314555102
"A","fiml",2000,33,0.843045749937839,0.831034078446533,0.00722187530666983
"A","ipw",2000,34,0.843045749937839,0.837264639289387,0.00721961607548209
"A","fiml",2000,34,0.843045749937839,0.827826599663073,0.00751005060060945
"A","ipw",2000,35,0.843045749937839,0.847927759635163,0.00715241427382893
"A","fiml",2000,35,0.843045749937839,0.832785896407844,0.00747692106932526
"A","ipw",2000,36,0.843045749937839,0.84423229449099,0.00722861765026637
"A","fiml",2000,36,0.843045749937839,0.83351240341661,0.00735591240331839
"A","ipw",2000,37,0.843045749937839,0.838119361327635,0.00721188441188676
"A","fiml",2000,37,0.843045749937839,0.829748635536857,0.00765012144692142
"A","ipw",2000,38,0.843045749937839,0.839815827695707,0.00709695516905764
"A","fiml",2000,38,0.843045749937839,0.830149347592321,0.00798895201308348
"A","ipw",2000,39,0.843045749937839,0.84109532779654,0.007224237537206
"A","fiml",2000,39,0.843045749937839,0.831721951485102,0.00767258136488404
"A","ipw",2000,40,0.843045749937839,0.84037201515761,0.0069881039988544
"A","fiml",2000,40,0.843045749937839,0.830430416964873,0.00729908177983469
"A","ipw",2000,41,0.843045749937839,0.860184221914028,0.00676529496341494
"A","fiml",2000,41,0.843045749937839,0.849787124059613,0.00757002397121175
"A","ipw",2000,42,0.843045749937839,0.837522543460272,0.00734791346864616
"A","fiml",2000,42,0.843045749937839,0.826631529667118,0.00792673405346623
"A","ipw",2000,43,0.843045749937839,0.841791129459828,0.00725900538131806
"A","fiml",2000,43,0.843045749937839,0.835193943177513,0.00732869012659918
"A","ipw",2000,44,0.843045749937839,0.845190632148436,0.00698769391846454
"A","fiml",2000,44,0.843045749937839,0.830359078730304,0.00746686531845617
"A","ipw",2000,45,0.843045749937839,0.849011734600741,0.00716030016528685
"A","fiml",2000,45,0.843045749937839,0.840873908072503,0.00729086660276304
"A","ipw",2000,46,0.843045749937839,0.835789142073036,0.00721358287746264
"A","fiml",2000,46,0.843045749937839,0.826093451006285,0.00752526629107515
"A","ipw",2000,47,0.843045749937839,0.850656276525147,0.00690442426166777
"A","fiml",2000,47,0.843045749937839,0.842126140104458,0.00735257069144605
"A","ipw",2000,48,0.843045749937839,0.844251197687016,0.00710876906833405
"A","fiml",2000,48,0.843045749937839,0.83458843044627,0.0071570363470425
"A","ipw",2000,49,0.843045749937839,0.848662681308982,0.00713257929572495
"A","fiml",2000,49,0.843045749937839,0.836081991177523,0.00739692112563601
"A","ipw",2000,50,0.843045749937839,0.846824877113829,0.0071886691521628
"A","fiml",2000,50,0.843045749937839,0.841252961621108,0.00708758012813239
"A","ipw",8000,1,0.843045749937839,0.840599572323278,0.00367757221894595
"A","fiml",8000,1,0.843045749937839,0.837178248310143,0.00393485037629942
"A","ipw",8000,2,0.843045749937839,0.842784724187588,0.00353901908634313
"A","fiml",8000,2,0.843045749937839,0.839433212826044,0.00378526224117393
"A","ipw",8000,3,0.843045749937839,0.842113722488987,0.00364890672370524
"A","fiml",8000,3,0.843045749937839,0.840269325002813,0.00365017697711774
"A","ipw",8000,4,0.843045749937839,0.838181551315413,0.00358368814056142
"A","fiml",8000,4,0.843045749937839,0.835306160463636,0.00358077531241827
"A","ipw",8000,5,0.843045749937839,0.843464197647674,0.00361385810270059
"A","fiml",8000,5,0.843045749937839,0.840351586935997,0.00363370597955694
"A","ipw",8000,6,0.843045749937839,0.84085952817092,0.00362484160091053
"A","fiml",8000,6,0.843045749937839,0.837418978013874,0.003905804197068
"A","ipw",8000,7,0.843045749937839,0.83991158918435,0.00356303229482725
"A","fiml",8000,7,0.843045749937839,0.839152840974869,0.00357633506312688
"A","ipw",8000,8,0.843045749937839,0.843973726371997,0.00361006949095937
"A","fiml",8000,8,0.843045749937839,0.843575671371965,0.00355044957838143
"A","ipw",8000,9,0.843045749937839,0.846493752936225,0.00355452210653883
"A","fiml",8000,9,0.843045749937839,0.845508528342671,0.00360224279973818
"A","ipw",8000,10,0.843045749937839,0.844616106488135,0.00351654960807837
"A","fiml",8000,10,0.843045749937839,0.841011563208485,0.00354723258306129
"A","ipw",8000,11,0.843045749937839,0.841342489861272,0.00359827507402589
"A","fiml",8000,11,0.843045749937839,0.839006660564275,0.00362621954410495
"A","ipw",8000,12,0.843045749937839,0.845955166253242,0.00353628301070558
"A","fiml",8000,12,0.843045749937839,0.844674367751924,0.00361584463480867
"A","ipw",8000,13,0.843045749937839,0.842535658662674,0.00357772922596883
"A","fiml",8000,13,0.843045749937839,0.84021608133501,0.00347275303015041
"A","ipw",8000,14,0.843045749937839,0.841378920967765,0.0035974343045729
"A","fiml",8000,14,0.843045749937839,0.839664977705167,0.00366166963317406
"A","ipw",8000,15,0.843045749937839,0.843204620252854,0.00362411138681944
"A","fiml",8000,15,0.843045749937839,0.843536873792473,0.00364713775292784
"A","ipw",8000,16,0.843045749937839,0.845766004176336,0.00355817130802572
"A","fiml",8000,16,0.843045749937839,0.844007365317244,0.0035925807759847
"A","ipw",8000,17,0.843045749937839,0.842023323556044,0.00362018911414556
"A","fiml",8000,17,0.843045749937839,0.842948427341697,0.00369323873152368
"A","ipw",8000,18,0.843045749937839,0.838769689386525,0.00358957071477811
"A","fiml",8000,18,0.843045749937839,0.835944281414561,0.0038341144348681
"A","ipw",8000,19,0.843045749937839,0.843888496000363,0.00354225155304609
"A","fiml",8000,19,0.843045749937839,0.841627454643389,0.00376299229381557
"A","ipw",8000,20,0.843045749937839,0.841630880644015,0.00357519464157485
"A","fiml",8000,20,0.843045749937839,0.839299108261654,0.00358327271106308
"A","ipw",8000,21,0.843045749937839,0.846362458882295,0.00356224728138674
"A","fiml",8000,21,0.843045749937839,0.84316441685577,0.00363687533394256
"A","ipw",8000,22,0.843045749937839,0.842204305014462,0.0035329988899086
"A","fiml",8000,22,0.843045749937839,0.839984188438781,0.00348579376166555
"A","ipw",8000,23,0.843045749937839,0.848628270280296,0.00346728248708052
"A","fiml",8000,23,0.843045749937839,0.847281632615255,0.00343710732890483
"A","ipw",8000,24,0.843045749937839,0.847762780820634,0.00354190620857503
"A","fiml",8000,24,0.843045749937839,0.845027308672907,0.00355052521712425
"A","ipw",8000,25,0.843045749937839,0.838398924333119,0.00367319593825604
"A","fiml",8000,25,0.843045749937839,0.839910840659065,0.00379822872487374
"A","ipw",8000,26,0.843045749937839,0.836746763812173,0.00367695413388388
"A","fiml",8000,26,0.843045749937839,0.835080435109996,0.00390918790341633
"A","ipw",8000,27,0.843045749937839,0.841885661074055,0.00361682581901374
"A","fiml",8000,27,0.843045749937839,0.840425335876863,0.00359091808336098
"A","ipw",8000,28,0.843045749937839,0.843544841305633,0.00360881552337893
"A","fiml",8000,28,0.843045749937839,0.842236803631678,0.00357801571351918
"A","ipw",8000,29,0.843045749937839,0.840253970542185,0.00356283292149628
"A","fiml",8000,29,0.843045749937839,0.837816102871124,0.00366505280747378
"A","ipw",8000,30,0.843045749937839,0.85071210605497,0.0035387887533853
"A","fiml",8000,30,0.843045749937839,0.847862703931256,0.00366052806597169
"A","ipw",8000,31,0.843045749937839,0.841732217764934,0.00358457818590023
"A","fiml",8000,31,0.843045749937839,0.83947598304563,0.00363534418286758
"A","ipw",8000,32,0.843045749937839,0.845903250472177,0.00351966053102806
"A","fiml",8000,32,0.843045749937839,0.846474228316485,0.00346183998976244
"A","ipw",8000,33,0.843045749937839,0.850299671491812,0.00348588234660131
"A","fiml",8000,33,0.843045749937839,0.848113201294533,0.00365517246824059
"A","ipw",8000,34,0.843045749937839,0.842105393357133,0.00366469461256235
"A","fiml",8000,34,0.843045749937839,0.841432608541993,0.00370652198081979
"A","ipw",8000,35,0.843045749937839,0.841702029015568,0.00353002804330159
"A","fiml",8000,35,0.843045749937839,0.836969777737808,0.00364072007704907
"A","ipw",8000,36,0.843045749937839,0.844615814014369,0.00353938938765181
"A","fiml",8000,36,0.843045749937839,0.842388072860992,0.00431090504037644
"A","ipw",8000,37,0.843045749937839,0.845280867662988,0.00355366519212973
"A","fiml",8000,37,0.843045749937839,0.844183242604316,0.00364649470759396
"A","ipw",8000,38,0.843045749937839,0.84437808263641,0.00350935643027316
"A","fiml",8000,38,0.843045749937839,0.843969757176938,0.00371449708496031
"A","ipw",8000,39,0.843045749937839,0.846078892023584,0.00358996971538775
"A","fiml",8000,39,0.843045749937839,0.844041402596901,0.00355428765041191
"A","ipw",8000,40,0.843045749937839,0.841585971860749,0.00361153409503436
"A","fiml",8000,40,0.843045749937839,0.838379251923955,0.00405653022505484
"A","ipw",8000,41,0.843045749937839,0.837487747150176,0.00364465875949292
"A","fiml",8000,41,0.843045749937839,0.837170347576577,0.00357646749288981
"A","ipw",8000,42,0.843045749937839,0.842211612937984,0.00357377499569444
"A","fiml",8000,42,0.843045749937839,0.839774372952525,0.00385295261265365
"A","ipw",8000,43,0.843045749937839,0.84682903727483,0.00353238752996681
"A","fiml",8000,43,0.843045749937839,0.84348867923079,0.0039480589096954
"A","ipw",8000,44,0.843045749937839,0.845592869695791,0.00358609959847938
"A","fiml",8000,44,0.843045749937839,0.841307563482295,0.00385174000320806
"A","ipw",8000,45,0.843045749937839,0.839587055053358,0.00364748875210263
"A","fiml",8000,45,0.843045749937839,0.839044029549352,0.00372945795662437
"A","ipw",8000,46,0.843045749937839,0.847977251860079,0.0034785251811196
"A","fiml",8000,46,0.843045749937839,0.84388469799193,0.00361770694457077
"A","ipw",8000,47,0.843045749937839,0.844616403517225,0.0035214367259947
"A","fiml",8000,47,0.843045749937839,0.842871716629649,0.00349540493101489
"A","ipw",8000,48,0.843045749937839,0.837118353926378,0.00364672912451352
"A","fiml",8000,48,0.843045749937839,0.835345589970292,0.00369363632246526
"A","ipw",8000,49,0.843045749937839,0.844802259386988,0.00352715481507941
"A","fiml",8000,49,0.843045749937839,0.84362580183265,0.0035219306642029
"A","ipw",8000,50,0.843045749937839,0.842491185985564,0.0035834754865078
"A","fiml",8000,50,0.843045749937839,0.840270902662982,0.00402221870080071
"B","ipw",500,1,0.694887512467808,0.674002840980455,0.0329336155171183
"B","fiml",500,1,0.694887512467808,0.691481966279581,0.0324546825066758
"B","ipw",500,2,0.694887512467808,0.684170135749834,0.0319312397595233
"B","fiml",500,2,0.694887512467808,0.663418402026408,0.0289201169443391
"B","ipw",500,3,0.694887512467808,0.659793850540531,0.0292714009908384
"B","fiml",500,3,0.694887512467808,0.65453015391583,0.0294240162206519
"B","ipw",500,4,0.694887512467808,0.678953811824998,0.0289620855028241
"B","fiml",500,4,0.694887512467808,0.682599109454966,0.0265592391796552
"B","ipw",500,5,0.694887512467808,0.679653205846846,0.0274764030525535
"B","fiml",500,5,0.694887512467808,0.647526339030077,0.0276377585246421
"B","ipw",500,6,0.694887512467808,0.671575094048,0.0301146421338478
"B","fiml",500,6,0.694887512467808,0.64371638274948,0.0288479147443612
"B","ipw",500,7,0.694887512467808,0.699257835065624,0.0310693559423132
"B","fiml",500,7,0.694887512467808,0.699811455202667,0.0288874476282596
"B","ipw",500,8,0.694887512467808,0.696637408441723,0.0292866541747322
"B","fiml",500,8,0.694887512467808,0.679238697504823,0.0275967819827407
"B","ipw",500,9,0.694887512467808,0.632947139728101,0.0310078671395174
"B","fiml",500,9,0.694887512467808,0.632047606446936,0.0334585470473087
"B","ipw",500,10,0.694887512467808,0.726140506235444,0.0301777591330093
"B","fiml",500,10,0.694887512467808,0.718887228150675,0.0274163248584491
"B","ipw",500,11,0.694887512467808,0.748073193938695,0.0309393945550788
"B","fiml",500,11,0.694887512467808,0.750376357021454,0.0264449093339813
"B","ipw",500,12,0.694887512467808,0.645666233894125,0.0330144404033177
"B","fiml",500,12,0.694887512467808,0.634278794529196,0.030188248084895
"B","ipw",500,13,0.694887512467808,0.710482259337383,0.0302036685685322
"B","fiml",500,13,0.694887512467808,0.689266457773118,0.0286506859724702
"B","ipw",500,14,0.694887512467808,0.722674277767245,0.0293522100881567
"B","fiml",500,14,0.694887512467808,0.70988637164515,0.03274445340871
"B","ipw",500,15,0.694887512467808,0.672981894279292,0.0317123803176705
"B","fiml",500,15,0.694887512467808,0.674322291152928,0.0305836555633299
"B","ipw",500,16,0.694887512467808,0.672038804177268,0.0307947169266782
"B","fiml",500,16,0.694887512467808,0.667225735188969,0.0311150118513111
"B","ipw",500,17,0.694887512467808,0.727627991516849,0.0297396207465993
"B","fiml",500,17,0.694887512467808,0.709697307909497,0.027578939360002
"B","ipw",500,18,0.694887512467808,0.708908000416923,0.0279126818012675
"B","fiml",500,18,0.694887512467808,0.678254996648624,0.0281875986418372
"B","ipw",500,19,0.694887512467808,0.679315781392527,0.0292040469692578
"B","fiml",500,19,0.694887512467808,0.65572664712112,0.0319239264917882
"B","ipw",500,20,0.694887512467808,0.72851032804403,0.0319543585932109
"B","fiml",500,20,0.694887512467808,0.748530354684108,0.0302673791155309
"B","ipw",500,21,0.694887512467808,0.701574815791883,0.0291393727193178
"B","fiml",500,21,0.694887512467808,0.680230991810665,0.0377847856727346
"B","ipw",500,22,0.694887512467808,0.699725377859813,0.0338326455444322
"B","fiml",500,22,0.694887512467808,0.712899368976161,0.0273426446623445
"B","ipw",500,23,0.694887512467808,0.608825564806979,0.0342509079291597
"B","fiml",500,23,0.694887512467808,0.646285118605855,0.0289643295125299
"B","ipw",500,24,0.694887512467808,0.666741299463029,0.033930739443526
"B","fiml",500,24,0.694887512467808,0.682932040556456,0.0303207410592743
"B","ipw",500,25,0.694887512467808,0.656440904879286,0.0295841340389662
"B","fiml",500,25,0.694887512467808,0.65749339287446,0.0278067115688398
"B","ipw",500,26,0.694887512467808,0.716997550998086,0.0285539343006246
"B","fiml",500,26,0.694887512467808,0.70278254382482,0.0273394017594818
"B","ipw",500,27,0.694887512467808,0.709663613982518,0.0300826564581536
"B","fiml",500,27,0.694887512467808,0.728681594196549,0.026958045238715
"B","ipw",500,28,0.694887512467808,0.707977190235362,0.029136631693216
"B","fiml",500,28,0.694887512467808,0.686524360875067,0.0270236430401374
"B","ipw",500,29,0.694887512467808,0.687380503417318,0.0296758196645816
"B","fiml",500,29,0.694887512467808,0.661140879646144,0.030049416655823
"B","ipw",500,30,0.694887512467808,0.652902712361949,0.0307463717170132
"B","fiml",500,30,0.694887512467808,0.660380999964639,0.026831107439933
"B","ipw",500,31,0.694887512467808,0.676346535081775,0.0294419939159275
"B","fiml",500,31,0.694887512467808,0.668325663017577,0.0279907731439616
"B","ipw",500,32,0.694887512467808,0.712634484097594,0.0323494213223472
"B","fiml",500,32,0.694887512467808,0.737127022978103,0.0351197482885483
"B","ipw",500,33,0.694887512467808,0.698589039948251,0.029418619738639
"B","fiml",500,33,0.694887512467808,0.691787858921729,0.0370794817281383
"B","ipw",500,34,0.694887512467808,0.705768654313443,0.0309469774861308
"B","fiml",500,34,0.694887512467808,0.69261227459488,0.0287425201022076
"B","ipw",500,35,0.694887512467808,0.7068278126818,0.0282565758595378
"B","fiml",500,35,0.694887512467808,0.67419503697451,0.0278401705978038
"B","ipw",500,36,0.694887512467808,0.687557795809695,0.0329919620802475
"B","fiml",500,36,0.694887512467808,0.704283905272068,0.0281513581663865
"B","ipw",500,37,0.694887512467808,0.692956831982768,0.0302697333445405
"B","fiml",500,37,0.694887512467808,0.690449777275609,0.0374379043511309
"B","ipw",500,38,0.694887512467808,0.668549444671687,0.0303815218714279
"B","fiml",500,38,0.694887512467808,0.651934130933701,0.0314061449807017
"B","ipw",500,39,0.694887512467808,0.681757066865264,0.0311120944126957
"B","fiml",500,39,0.694887512467808,0.676440952610045,0.0310095597828681
"B","ipw",500,40,0.694887512467808,0.749424535539141,0.0267684868581113
"B","fiml",500,40,0.694887512467808,0.715056886400864,0.0296088111140318
"B","ipw",500,41,0.694887512467808,0.715610850622212,0.0351040758132413
"B","fiml",500,41,0.694887512467808,0.711770983446851,0.0323820249578662
"B","ipw",500,42,0.694887512467808,0.681424036399595,0.0291263495167045
"B","fiml",500,42,0.694887512467808,0.668115844884592,0.028330347660137
"B","ipw",500,43,0.694887512467808,0.746049805172451,0.0284231506448975
"B","fiml",500,43,0.694887512467808,0.694588323771014,0.0285705120001105
"B","ipw",500,44,0.694887512467808,0.68627257449805,0.0316114751624875
"B","fiml",500,44,0.694887512467808,0.647426053702336,0.0309120536731278
"B","ipw",500,45,0.694887512467808,0.731081956136409,0.0286580064718598
"B","fiml",500,45,0.694887512467808,0.692380736665491,0.0289674996403888
"B","ipw",500,46,0.694887512467808,0.653378904837762,0.0290537272709768
"B","fiml",500,46,0.694887512467808,0.669208120181698,0.0456605355770701
"B","ipw",500,47,0.694887512467808,0.763699750110127,0.0278372833326825
"B","fiml",500,47,0.694887512467808,0.73945402430245,0.0279974150612598
"B","ipw",500,48,0.694887512467808,0.74403370198777,0.0277856263317103
"B","fiml",500,48,0.694887512467808,0.724597206697289,0.0290163493388749
"B","ipw",500,49,0.694887512467808,0.735979078229712,0.0292452793076331
"B","fiml",500,49,0.694887512467808,0.727812013989289,0.0282525640189012
"B","ipw",500,50,0.694887512467808,0.673467542888366,0.0295154359007017
"B","fiml",500,50,0.694887512467808,0.657278152623378,0.0309165273151297
"B","ipw",2000,1,0.694887512467808,0.668046243602715,0.0156216478594377
"B","fiml",2000,1,0.694887512467808,0.653386158306474,0.0144906834424936
"B","ipw",2000,2,0.694887512467808,0.688319029259509,0.0157983501833793
"B","fiml",2000,2,0.694887512467808,0.688355362174906,0.0148235510202608
"B","ipw",2000,3,0.694887512467808,0.6880926768627,0.0153799902694381
"B","fiml",2000,3,0.694887512467808,0.684709223357605,0.0171357148232089
"B","ipw",2000,4,0.694887512467808,0.666131626638005,0.0147822174231565
"B","fiml",2000,4,0.694887512467808,0.653603042464084,0.0169951732343175
"B","ipw",2000,5,0.694887512467808,0.673202691544043,0.0160383417782592
"B","fiml",2000,5,0.694887512467808,0.676621164605605,0.0158001823125637
"B","ipw",2000,6,0.694887512467808,0.678758532992151,0.0147603521302906
"B","fiml",2000,6,0.694887512467808,0.666128536913148,0.0147622234632654
"B","ipw",2000,7,0.694887512467808,0.691418102689519,0.0145475799633659
"B","fiml",2000,7,0.694887512467808,0.694883470077019,0.0142782561260763
"B","ipw",2000,8,0.694887512467808,0.71975884135851,0.0148204074258059
"B","fiml",2000,8,0.694887512467808,0.704782019463972,0.014513960981189
"B","ipw",2000,9,0.694887512467808,0.687952195947336,0.0153570858058594
"B","fiml",2000,9,0.694887512467808,0.681330157187333,0.0146616617859976
"B","ipw",2000,10,0.694887512467808,0.6816460860489,0.0158413397046692
"B","fiml",2000,10,0.694887512467808,0.66971810705231,0.0146475253651833
"B","ipw",2000,11,0.694887512467808,0.703235114391097,0.0151640192598853
"B","fiml",2000,11,0.694887512467808,0.690591348628399,0.0150844241767517
"B","ipw",2000,12,0.694887512467808,0.71096290751025,0.0152950034351299
"B","fiml",2000,12,0.694887512467808,0.702716742400953,0.0134469821634737
"B","ipw",2000,13,0.694887512467808,0.693507050871957,0.0144104502984605
"B","fiml",2000,13,0.694887512467808,0.677587386188179,0.0140224449540093
"B","ipw",2000,14,0.694887512467808,0.703206385701883,0.0139615562558391
"B","fiml",2000,14,0.694887512467808,0.688408092428161,0.0143017899535401
"B","ipw",2000,15,0.694887512467808,0.713137126513887,0.0144043309391855
"B","fiml",2000,15,0.694887512467808,0.702758260313778,0.0172827006072228
"B","ipw",2000,16,0.694887512467808,0.681749461140134,0.0153453799489145
"B","fiml",2000,16,0.694887512467808,0.65035221165361,0.0155803963521108
"B","ipw",2000,17,0.694887512467808,0.696565142156908,0.0149631596853174
"B","fiml",2000,17,0.694887512467808,0.681322909842382,0.0154036882803742
"B","ipw",2000,18,0.694887512467808,0.679775059893752,0.0156667012103408
"B","fiml",2000,18,0.694887512467808,0.685941660903791,0.0161231847232271
"B","ipw",2000,19,0.694887512467808,0.701846604865735,0.0153318025986265
"B","fiml",2000,19,0.694887512467808,0.697526904265524,0.0153481139349916
"B","ipw",2000,20,0.694887512467808,0.697472554673863,0.0148189596623966
"B","fiml",2000,20,0.694887512467808,0.684038933913417,0.0153631789512249
"B","ipw",2000,21,0.694887512467808,0.723848485573128,0.0151338698989712
"B","fiml",2000,21,0.694887512467808,0.70428630599367,0.0143356584910536
"B","ipw",2000,22,0.694887512467808,0.686993483331861,0.0142132306606686
"B","fiml",2000,22,0.694887512467808,0.678221381518261,0.0157319186331188
"B","ipw",2000,23,0.694887512467808,0.676394195302787,0.0161345477484803
"B","fiml",2000,23,0.694887512467808,0.679845473059698,0.0149801908455878
"B","ipw",2000,24,0.694887512467808,0.708725825067372,0.0139701294099777
"B","fiml",2000,24,0.694887512467808,0.685120963380629,0.0170733390207848
"B","ipw",2000,25,0.694887512467808,0.678282031701876,0.0152810441608946
"B","fiml",2000,25,0.694887512467808,0.669038818992435,0.0171936838936615
"B","ipw",2000,26,0.694887512467808,0.691661387672882,0.0155424657591761
"B","fiml",2000,26,0.694887512467808,0.685229223713186,0.0151951622890625
"B","ipw",2000,27,0.694887512467808,0.692485950098899,0.0148345906269106
"B","fiml",2000,27,0.694887512467808,0.679268826315567,0.0156177588412204
"B","ipw",2000,28,0.694887512467808,0.705162003401547,0.015993222659294
"B","fiml",2000,28,0.694887512467808,0.684081772917015,0.015250331417545
"B","ipw",2000,29,0.694887512467808,0.719381067822794,0.0141146144742892
"B","fiml",2000,29,0.694887512467808,0.701256243392585,0.0149763010017277
"B","ipw",2000,30,0.694887512467808,0.689956229026331,0.0144114012534243
"B","fiml",2000,30,0.694887512467808,0.687139181940495,0.01691128150571
"B","ipw",2000,31,0.694887512467808,0.707311270062843,0.0145014802729319
"B","fiml",2000,31,0.694887512467808,0.695214045065637,0.0149053053745927
"B","ipw",2000,32,0.694887512467808,0.682007388926217,0.0147138999785548
"B","fiml",2000,32,0.694887512467808,0.678970410844912,0.0155339767347126
"B","ipw",2000,33,0.694887512467808,0.663453755687829,0.0156103642205448
"B","fiml",2000,33,0.694887512467808,0.654408260275157,0.0129969099321446
"B","ipw",2000,34,0.694887512467808,0.694263633899294,0.0142287607499318
"B","fiml",2000,34,0.694887512467808,0.672857848135815,0.0156879032711387
"B","ipw",2000,35,0.694887512467808,0.701767535598113,0.0148335057245027
"B","fiml",2000,35,0.694887512467808,0.689160616738849,0.0144579095978612
"B","ipw",2000,36,0.694887512467808,0.702077589548789,0.0145490734332179
"B","fiml",2000,36,0.694887512467808,0.695827925460004,0.0146713983409705
"B","ipw",2000,37,0.694887512467808,0.672436306081068,0.0151850648241918
"B","fiml",2000,37,0.694887512467808,0.664151616576647,0.0170271906900069
"B","ipw",2000,38,0.694887512467808,0.681486382624806,0.0147080168592271
"B","fiml",2000,38,0.694887512467808,0.67332252183395,0.0147829373083579
"B","ipw",2000,39,0.694887512467808,0.715108008039177,0.0146503785325751
"B","fiml",2000,39,0.694887512467808,0.69852526564142,0.013444065868556
"B","ipw",2000,40,0.694887512467808,0.692990103160414,0.0150033422311333
"B","fiml",2000,40,0.694887512467808,0.688440906114579,0.0150073635874636
"B","ipw",2000,41,0.694887512467808,0.703353463035995,0.015454841325664
"B","fiml",2000,41,0.694887512467808,0.708993726544398,0.0161492524593152
"B","ipw",2000,42,0.694887512467808,0.726646279331587,0.014626324518653
"B","fiml",2000,42,0.694887512467808,0.704759073973674,0.0154615423454591
"B","ipw",2000,43,0.694887512467808,0.675233375189348,0.0157050784341581
"B","fiml",2000,43,0.694887512467808,0.661990819883322,0.016074983661364
"B","ipw",2000,44,0.694887512467808,0.694446228411224,0.0153318035828784
"B","fiml",2000,44,0.694887512467808,0.686817487146397,0.0148809352691959
"B","ipw",2000,45,0.694887512467808,0.698514994154012,0.0157910873072279
"B","fiml",2000,45,0.694887512467808,0.684305262539272,0.0148112387642072
"B","ipw",2000,46,0.694887512467808,0.68625943841892,0.015548443235577
"B","fiml",2000,46,0.694887512467808,0.670078471505347,0.0185409362756026
"B","ipw",2000,47,0.694887512467808,0.702642336288602,0.0149303777495692
"B","fiml",2000,47,0.694887512467808,0.689434584289472,0.015147820072659
"B","ipw",2000,48,0.694887512467808,0.705572398809983,0.0149985442403341
"B","fiml",2000,48,0.694887512467808,0.698936667438061,0.015325226346294
"B","ipw",2000,49,0.694887512467808,0.701690706342934,0.0152160457863407
"B","fiml",2000,49,0.694887512467808,0.680139503604043,0.0177979165039051
"B","ipw",2000,50,0.694887512467808,0.689782597337415,0.0151532117594488
"B","fiml",2000,50,0.694887512467808,0.658286760161729,0.0148686710615371
"B","ipw",8000,1,0.694887512467808,0.684793308201046,0.00748935364281885
"B","fiml",8000,1,0.694887512467808,0.680291769637528,0.00726136417327998
"B","ipw",8000,2,0.694887512467808,0.675640054533935,0.00757144790789244
"B","fiml",8000,2,0.694887512467808,0.671475252980654,0.00787712413966895
"B","ipw",8000,3,0.694887512467808,0.688073687882888,0.00743323538729811
"B","fiml",8000,3,0.694887512467808,0.684297851562681,0.00804708506888158
"B","ipw",8000,4,0.694887512467808,0.704244889952454,0.00738040067209406
"B","fiml",8000,4,0.694887512467808,0.700560951235685,0.0076643503556834
"B","ipw",8000,5,0.694887512467808,0.690523806413658,0.0077719475330657
"B","fiml",8000,5,0.694887512467808,0.688984782480859,0.00789054772775363
"B","ipw",8000,6,0.694887512467808,0.686634083869271,0.00761776112015393
"B","fiml",8000,6,0.694887512467808,0.686860175160165,0.00728384493466628
"B","ipw",8000,7,0.694887512467808,0.689311774667375,0.00769799714992688
"B","fiml",8000,7,0.694887512467808,0.683327549189711,0.00848018175455571
"B","ipw",8000,8,0.694887512467808,0.680041347795312,0.00757235220420543
"B","fiml",8000,8,0.694887512467808,0.673423500395826,0.00830331803725576
"B","ipw",8000,9,0.694887512467808,0.697394634321928,0.0073229497334933
"B","fiml",8000,9,0.694887512467808,0.690587283165135,0.00870216017545076
"B","ipw",8000,10,0.694887512467808,0.68244367059007,0.00758081801934957
"B","fiml",8000,10,0.694887512467808,0.683247094571781,0.00888424190710323
"B","ipw",8000,11,0.694887512467808,0.696291993157481,0.0074883111592003
"B","fiml",8000,11,0.694887512467808,0.691098438156356,0.00766044310787644
"B","ipw",8000,12,0.694887512467808,0.688605804159768,0.00761251567032327
"B","fiml",8000,12,0.694887512467808,0.684141307712374,0.00825538257437698
"B","ipw",8000,13,0.694887512467808,0.701829888343794,0.00749872392928906
"B","fiml",8000,13,0.694887512467808,0.698425689330108,0.00770659434295344
"B","ipw",8000,14,0.694887512467808,0.698065735453302,0.00735788742234617
"B","fiml",8000,14,0.694887512467808,0.69203573298132,0.00748915666280061
"B","ipw",8000,15,0.694887512467808,0.691183528019577,0.00752885646665169
"B","fiml",8000,15,0.694887512467808,0.683716027845446,0.0073004056369307
"B","ipw",8000,16,0.694887512467808,0.700158826378759,0.0076112834892147
"B","fiml",8000,16,0.694887512467808,0.697551438842206,0.00732819351547231
"B","ipw",8000,17,0.694887512467808,0.689334226355327,0.00755193503158671
"B","fiml",8000,17,0.694887512467808,0.685018090606718,0.00750095227573303
"B","ipw",8000,18,0.694887512467808,0.68851906480876,0.00759795991228034
"B","fiml",8000,18,0.694887512467808,0.68629270790143,0.00713498460716753
"B","ipw",8000,19,0.694887512467808,0.696524672460358,0.00771405315022592
"B","fiml",8000,19,0.694887512467808,0.691605683029743,0.00803368161871758
"B","ipw",8000,20,0.694887512467808,0.693325537489843,0.00742537233565498
"B","fiml",8000,20,0.694887512467808,0.683713703610213,0.00741487557932371
"B","ipw",8000,21,0.694887512467808,0.695927486403997,0.00753082322296106
"B","fiml",8000,21,0.694887512467808,0.689577875264773,0.00829765732735857
"B","ipw",8000,22,0.694887512467808,0.704004692115815,0.00754610051087469
"B","fiml",8000,22,0.694887512467808,0.698111659190267,0.00715779049785964
"B","ipw",8000,23,0.694887512467808,0.705895796512006,0.00749743222703548
"B","fiml",8000,23,0.694887512467808,0.699074712964546,0.00834683991058569
"B","ipw",8000,24,0.694887512467808,0.679594324916533,0.00764422398353128
"B","fiml",8000,24,0.694887512467808,0.681094778656029,0.00728963842344353
"B","ipw",8000,25,0.694887512467808,0.686657270684758,0.00759171146464787
"B","fiml",8000,25,0.694887512467808,0.684574933712652,0.00786446057715922
"B","ipw",8000,26,0.694887512467808,0.694688730125875,0.0075243684048796
"B","fiml",8000,26,0.694887512467808,0.688218037269803,0.007190355580367
"B","ipw",8000,27,0.694887512467808,0.687003154923927,0.00779244586945079
"B","fiml",8000,27,0.694887512467808,0.682383549076321,0.00736615148727893
"B","ipw",8000,28,0.694887512467808,0.69350570647317,0.00753946324526465
"B","fiml",8000,28,0.694887512467808,0.689198036584146,0.00947656155069414
"B","ipw",8000,29,0.694887512467808,0.700325216178713,0.00741326818580112
"B","fiml",8000,29,0.694887512467808,0.698570628193859,0.00710745978247738
"B","ipw",8000,30,0.694887512467808,0.696004708492588,0.00748712627620544
"B","fiml",8000,30,0.694887512467808,0.687726540042882,0.00756791042717541
"B","ipw",8000,31,0.694887512467808,0.699835815171623,0.00737915347699377
"B","fiml",8000,31,0.694887512467808,0.693427700664521,0.00875259837819685
"B","ipw",8000,32,0.694887512467808,0.701137653625743,0.00743775457079064
"B","fiml",8000,32,0.694887512467808,0.694455705506736,0.00731696143458053
"B","ipw",8000,33,0.694887512467808,0.70329674602012,0.00751467256919267
"B","fiml",8000,33,0.694887512467808,0.697037408561738,0.00761556730224971
"B","ipw",8000,34,0.694887512467808,0.693900289292565,0.00770969933116774
"B","fiml",8000,34,0.694887512467808,0.694102548702691,0.00804796948466789
"B","ipw",8000,35,0.694887512467808,0.680872897607901,0.00775746953731004
"B","fiml",8000,35,0.694887512467808,0.682528557211625,0.00735479558669296
"B","ipw",8000,36,0.694887512467808,0.6870781334706,0.00760719601808842
"B","fiml",8000,36,0.694887512467808,0.684874948368018,0.00808983022183249
"B","ipw",8000,37,0.694887512467808,0.684965592195141,0.00754148410789244
"B","fiml",8000,37,0.694887512467808,0.689687337640845,0.00713182148525003
"B","ipw",8000,38,0.694887512467808,0.694600054426549,0.00736166583996214
"B","fiml",8000,38,0.694887512467808,0.695266248609657,0.00821100321733487
"B","ipw",8000,39,0.694887512467808,0.684477568983496,0.00754260860065701
"B","fiml",8000,39,0.694887512467808,0.681044163708803,0.00813363732067285
"B","ipw",8000,40,0.694887512467808,0.694357104101023,0.00750740408752171
"B","fiml",8000,40,0.694887512467808,0.695247723557154,0.00726301595484818
"B","ipw",8000,41,0.694887512467808,0.6838512227364,0.00754300712500205
"B","fiml",8000,41,0.694887512467808,0.68298307796489,0.00775688404233075
"B","ipw",8000,42,0.694887512467808,0.695664934002659,0.00753864899469697
"B","fiml",8000,42,0.694887512467808,0.69331860579309,0.00755569879079728
"B","ipw",8000,43,0.694887512467808,0.683803264874442,0.00774201893865956
"B","fiml",8000,43,0.694887512467808,0.683131678377874,0.00708942333849206
"B","ipw",8000,44,0.694887512467808,0.688171594975941,0.00750907646847725
"B","fiml",8000,44,0.694887512467808,0.690151940263706,0.00749277732818178
"B","ipw",8000,45,0.694887512467808,0.7063012298354,0.00745423475625009
"B","fiml",8000,45,0.694887512467808,0.702311817090297,0.00753970735385904
"B","ipw",8000,46,0.694887512467808,0.694390552837853,0.00760712946481917
"B","fiml",8000,46,0.694887512467808,0.692304761286789,0.00812414600071715
"B","ipw",8000,47,0.694887512467808,0.709920204791252,0.00739281570117719
"B","fiml",8000,47,0.694887512467808,0.705741479093393,0.00797297231788226
"B","ipw",8000,48,0.694887512467808,0.69190622264967,0.00753034232380764
"B","fiml",8000,48,0.694887512467808,0.687639619689906,0.00796137159105527
"B","ipw",8000,49,0.694887512467808,0.694599792773557,0.00746813072196024
"B","fiml",8000,49,0.694887512467808,0.692632171810775,0.00712400657787185
"B","ipw",8000,50,0.694887512467808,0.702761506542539,0.00765801898981252
"B","fiml",8000,50,0.694887512467808,0.691503474167326,0.00811672993662009
"C","ipw",500,1,0.669554550836491,0.793669410515884,0.015833759313923
"C","fiml",500,1,0.669554550836491,0.680084428266793,0.0235573565149062
"C","ipw",500,2,0.669554550836491,0.772870235386752,0.0171577121129574
"C","fiml",500,2,0.669554550836491,0.689983317449066,0.0236931996795474
"C","ipw",500,3,0.669554550836491,0.782492147254577,0.0163954621644545
"C","fiml",500,3,0.669554550836491,0.689981697946812,0.0238904855339833
"C","ipw",500,4,0.669554550836491,0.787766609782055,0.0157842485325941
"C","fiml",500,4,0.669554550836491,0.705611692324285,0.0207330398884856
"C","ipw",500,5,0.669554550836491,0.770827787646724,0.0168156762625021
"C","fiml",500,5,0.669554550836491,0.652419455272318,0.0246565151752306
"C","ipw",500,6,0.669554550836491,0.793169009236231,0.0156993735506063
"C","fiml",500,6,0.669554550836491,0.721880483026188,0.0211111244420236
"C","ipw",500,7,0.669554550836491,0.790836837571068,0.015587610622493
"C","fiml",500,7,0.669554550836491,0.669993531975708,0.0249898585363862
"C","ipw",500,8,0.669554550836491,0.809325233651868,0.0149589440990585
"C","fiml",500,8,0.669554550836491,0.696085442312425,0.0237882528160339
"C","ipw",500,9,0.669554550836491,0.783292161451614,0.0164775669304959
"C","fiml",500,9,0.669554550836491,0.685123980681726,0.0227073802436231
"C","ipw",500,10,0.669554550836491,0.788373179894215,0.0157352912420305
"C","fiml",500,10,0.669554550836491,0.693238114529535,0.0215390400852217
"C","ipw",500,11,0.669554550836491,0.757565151666444,0.0169075993743685
"C","fiml",500,11,0.669554550836491,0.672471443372228,0.0314728869954957
"C","ipw",500,12,0.669554550836491,0.778048177151594,0.0151614761030123
"C","fiml",500,12,0.669554550836491,0.670682705641662,0.0287296480225214
"C","ipw",500,13,0.669554550836491,0.773097454265321,0.016142324952322
"C","fiml",500,13,0.669554550836491,0.69248807265558,0.0294872391954751
"C","ipw",500,14,0.669554550836491,0.79650227881171,0.0160293637593547
"C","fiml",500,14,0.669554550836491,0.670014734679134,0.0226148875540876
"C","ipw",500,15,0.669554550836491,0.778016315186983,0.0165946387524155
"C","fiml",500,15,0.669554550836491,0.672678763961608,0.0224320984571923
"C","ipw",500,16,0.669554550836491,0.791913084408616,0.0160681643522375
"C","fiml",500,16,0.669554550836491,0.680265408371935,0.0244686956295446
"C","ipw",500,17,0.669554550836491,0.801205063508209,0.0149459501434999
"C","fiml",500,17,0.669554550836491,0.671214845686153,0.023311084156176
"C","ipw",500,18,0.669554550836491,0.757188159504868,0.0166683802779916
"C","fiml",500,18,0.669554550836491,0.68964407618271,0.022496128494781
"C","ipw",500,19,0.669554550836491,0.765496652609424,0.0167438892454247
"C","fiml",500,19,0.669554550836491,0.655327599630482,0.0222471007017077
"C","ipw",500,20,0.669554550836491,0.762447526709995,0.0168156735021358
"C","fiml",500,20,0.669554550836491,0.679522248800786,0.0215797072532045
"C","ipw",500,21,0.669554550836491,0.802154955394734,0.0153660138269081
"C","fiml",500,21,0.669554550836491,0.703178419934807,0.0262574463971878
"C","ipw",500,22,0.669554550836491,0.785359603276249,0.0163776532952805
"C","fiml",500,22,0.669554550836491,0.671723525340897,0.0216776038394544
"C","ipw",500,23,0.669554550836491,0.810523624906668,0.0156607159795126
"C","fiml",500,23,0.669554550836491,0.687268761720868,0.0239433853044659
"C","ipw",500,24,0.669554550836491,0.780850941517141,0.0156234500617502
"C","fiml",500,24,0.669554550836491,0.638855058900525,0.0247769636899313
"C","ipw",500,25,0.669554550836491,0.799047151791242,0.0154670887932409
"C","fiml",500,25,0.669554550836491,0.679152107998731,0.0225951313118499
"C","ipw",500,26,0.669554550836491,0.822234086378744,0.0148031626159854
"C","fiml",500,26,0.669554550836491,0.732176871519885,0.0209231242484614
"C","ipw",500,27,0.669554550836491,0.760929054572237,0.0168742526655578
"C","fiml",500,27,0.669554550836491,0.674127442884038,0.0262992238263125
"C","ipw",500,28,0.669554550836491,0.784554538626336,0.0158933605736437
"C","fiml",500,28,0.669554550836491,0.669756116601915,0.0237371828614383
"C","ipw",500,29,0.669554550836491,0.774698157141696,0.0162590524965814
"C","fiml",500,29,0.669554550836491,0.659962558470623,0.024305763764796
"C","ipw",500,30,0.669554550836491,0.762325651794431,0.015912795156983
"C","fiml",500,30,0.669554550836491,0.671811644090629,0.0339253255809816
"C","ipw",500,31,0.669554550836491,0.777230147052175,0.0162343889261091
"C","fiml",500,31,0.669554550836491,0.679039789467,0.0218509368526266
"C","ipw",500,32,0.669554550836491,0.803266724839096,0.0156699352023604
"C","fiml",500,32,0.669554550836491,0.701026387067958,0.022376351688388
"C","ipw",500,33,0.669554550836491,0.788205864365019,0.0164007261754164
"C","fiml",500,33,0.669554550836491,0.685410492120251,0.0263074372983302
"C","ipw",500,34,0.669554550836491,0.751873400466814,0.0173382582079291
"C","fiml",500,34,0.669554550836491,0.639395676313795,0.023959522167282
"C","ipw",500,35,0.669554550836491,0.793627684887898,0.0156244724498149
"C","fiml",500,35,0.669554550836491,0.693619196140456,0.023263068567962
"C","ipw",500,36,0.669554550836491,0.767033891726102,0.016346490668839
"C","fiml",500,36,0.669554550836491,0.67213109334914,0.0218980587746763
"C","ipw",500,37,0.669554550836491,0.754538827869286,0.0168325142911553
"C","fiml",500,37,0.669554550836491,0.65940289608137,0.0279788158212776
"C","ipw",500,38,0.669554550836491,0.768727844346068,0.0167386153478755
"C","fiml",500,38,0.669554550836491,0.654063093137021,0.0237551502923483
"C","ipw",500,39,0.669554550836491,0.77914401682062,0.016308782112827
"C","fiml",500,39,0.669554550836491,0.689992481997425,0.0249955224612676
"C","ipw",500,40,0.669554550836491,0.778210420050361,0.0151480914670557
"C","fiml",500,40,0.669554550836491,0.671554564722235,0.0239876312371796
"C","ipw",500,41,0.669554550836491,0.772756685706299,0.01782662464007
"C","fiml",500,41,0.669554550836491,0.680140954636364,0.0235043513057741
"C","ipw",500,42,0.669554550836491,0.787528588340838,0.0156603566377873
"C","fiml",500,42,0.669554550836491,0.700356410075607,0.023161350419038
"C","ipw",500,43,0.669554550836491,0.79886152535221,0.0151632995555667
"C","fiml",500,43,0.669554550836491,0.699211301579663,0.0283150638294913
"C","ipw",500,44,0.669554550836491,0.761365494882047,0.0172687715010394
"C","fiml",500,44,0.669554550836491,0.649915102926352,0.0255192242288523
"C","ipw",500,45,0.669554550836491,0.794164803696176,0.0150466600677329
"C","fiml",500,45,0.669554550836491,0.697461214307068,0.0226962406086368
"C","ipw",500,46,0.669554550836491,0.755538828060491,0.0184282244444022
"C","fiml",500,46,0.669554550836491,0.644673728081626,0.0246656453344273
"C","ipw",500,47,0.669554550836491,0.790095552646981,0.0151762240016156
"C","fiml",500,47,0.669554550836491,0.692243677118105,0.0224316999966001
"C","ipw",500,48,0.669554550836491,0.781271737702857,0.0171648161005936
"C","fiml",500,48,0.669554550836491,0.703364315499497,0.0219681674501388
"C","ipw",500,49,0.669554550836491,0.82619653282053,0.0147162211151789
"C","fiml",500,49,0.669554550836491,0.734976284006562,0.0212527474375998
"C","ipw",500,50,0.669554550836491,0.789880684372856,0.0167679074458132
"C","fiml",500,50,0.669554550836491,0.68438653882011,0.0230277850162681
"C","ipw",2000,1,0.669554550836491,0.802688600661622,0.00770003304459932
"C","fiml",2000,1,0.669554550836491,0.7193520982724,0.0102099063927886
"C","ipw",2000,2,0.669554550836491,0.776698447594571,0.00818343729673563
"C","fiml",2000,2,0.669554550836491,0.69593703888435,0.0105553974088377
"C","ipw",2000,3,0.669554550836491,0.778487108674803,0.00803763497057475
"C","fiml",2000,3,0.669554550836491,0.6953414540932,0.0105038081839816
"C","ipw",2000,4,0.669554550836491,0.774854553307685,0.00798329295319023
"C","fiml",2000,4,0.669554550836491,0.690302877724775,0.0105262258463487
"C","ipw",2000,5,0.669554550836491,0.794724999601485,0.00781946935893637
"C","fiml",2000,5,0.669554550836491,0.699710670682471,0.0108125545714953
"C","ipw",2000,6,0.669554550836491,0.79675450723318,0.00782135986998612
"C","fiml",2000,6,0.669554550836491,0.7274122237953,0.0103498127345427
"C","ipw",2000,7,0.669554550836491,0.776731323786018,0.00803487125447526
"C","fiml",2000,7,0.669554550836491,0.701218450106936,0.0104799666350169
"C","ipw",2000,8,0.669554550836491,0.798573377871565,0.00761691964689422
"C","fiml",2000,8,0.669554550836491,0.719687155995444,0.010088599891584
"C","ipw",2000,9,0.669554550836491,0.770230201538658,0.00834749131610004
"C","fiml",2000,9,0.669554550836491,0.693551458960213,0.010444121467073
"C","ipw",2000,10,0.669554550836491,0.790169826315774,0.00795289809537964
"C","fiml",2000,10,0.669554550836491,0.708542548192849,0.0104963405562918
"C","ipw",2000,11,0.669554550836491,0.792497595215925,0.0078287433085303
"C","fiml",2000,11,0.669554550836491,0.718173019182176,0.0102114519469457
"C","ipw",2000,12,0.669554550836491,0.778518197246669,0.00813518395198303
"C","fiml",2000,12,0.669554550836491,0.698340202311038,0.0105832615336862
"C","ipw",2000,13,0.669554550836491,0.76644467659581,0.00832357157714232
"C","fiml",2000,13,0.669554550836491,0.679500523742941,0.0110652600047327
"C","ipw",2000,14,0.669554550836491,0.795359508353939,0.00784625783745243
"C","fiml",2000,14,0.669554550836491,0.710262917125124,0.0104183115765597
"C","ipw",2000,15,0.669554550836491,0.805026526207346,0.00787895087987801
"C","fiml",2000,15,0.669554550836491,0.718794085943744,0.0105179466732442
"C","ipw",2000,16,0.669554550836491,0.772556804230821,0.00835790584917315
"C","fiml",2000,16,0.669554550836491,0.698116113786067,0.0105801240019322
"C","ipw",2000,17,0.669554550836491,0.791045288485142,0.00806867934589639
"C","fiml",2000,17,0.669554550836491,0.720734438784303,0.0102225665445568
"C","ipw",2000,18,0.669554550836491,0.794053043160322,0.00776004800727695
"C","fiml",2000,18,0.669554550836491,0.708706466458344,0.0103052832378181
"C","ipw",2000,19,0.669554550836491,0.791968625341477,0.00780213432219393
"C","fiml",2000,19,0.669554550836491,0.715690947668478,0.0101330799577456
"C","ipw",2000,20,0.669554550836491,0.777689465334294,0.00820103341180391
"C","fiml",2000,20,0.669554550836491,0.695599255764449,0.0106748800736856
"C","ipw",2000,21,0.669554550836491,0.802413080739859,0.00782809970207989
"C","fiml",2000,21,0.669554550836491,0.718734504347091,0.0104311325776689
"C","ipw",2000,22,0.669554550836491,0.799692550501344,0.00769239495150839
"C","fiml",2000,22,0.669554550836491,0.717947630616438,0.0106829503745089
"C","ipw",2000,23,0.669554550836491,0.789083819860685,0.00799249697912587
"C","fiml",2000,23,0.669554550836491,0.707354012552605,0.0108266428123643
"C","ipw",2000,24,0.669554550836491,0.784611316037819,0.00798925387860216
"C","fiml",2000,24,0.669554550836491,0.694847366290957,0.010766570554767
"C","ipw",2000,25,0.669554550836491,0.79105113113249,0.00794447679950121
"C","fiml",2000,25,0.669554550836491,0.704346173714333,0.0103897562707852
"C","ipw",2000,26,0.669554550836491,0.794725406857638,0.00800047848512663
"C","fiml",2000,26,0.669554550836491,0.709849456484506,0.0104814363083321
"C","ipw",2000,27,0.669554550836491,0.777115154487181,0.00798987654329289
"C","fiml",2000,27,0.669554550836491,0.700300748971176,0.0103729041719064
"C","ipw",2000,28,0.669554550836491,0.784123927338765,0.00818172290152497
"C","fiml",2000,28,0.669554550836491,0.705282629418935,0.0104536672598702
"C","ipw",2000,29,0.669554550836491,0.778909745651767,0.00830364072063943
"C","fiml",2000,29,0.669554550836491,0.691668503608783,0.0110497198570597
"C","ipw",2000,30,0.669554550836491,0.763098692055604,0.00848073236999571
"C","fiml",2000,30,0.669554550836491,0.668935110896556,0.0107690725690807
"C","ipw",2000,31,0.669554550836491,0.793384952061176,0.00791910218821721
"C","fiml",2000,31,0.669554550836491,0.712461457086825,0.0103781637333381
"C","ipw",2000,32,0.669554550836491,0.788293966864081,0.00806028939102363
"C","fiml",2000,32,0.669554550836491,0.695248002565355,0.0109846130620201
"C","ipw",2000,33,0.669554550836491,0.789231261071705,0.0078324478894412
"C","fiml",2000,33,0.669554550836491,0.702273903410006,0.0108748112360751
"C","ipw",2000,34,0.669554550836491,0.785299341369936,0.00822512653537122
"C","fiml",2000,34,0.669554550836491,0.699823162796416,0.0107342781245716
"C","ipw",2000,35,0.669554550836491,0.79741145483898,0.00773170897189068
"C","fiml",2000,35,0.669554550836491,0.715182338588038,0.0103497269861354
"C","ipw",2000,36,0.669554550836491,0.775177440603969,0.00804096374246783
"C","fiml",2000,36,0.669554550836491,0.687011688570889,0.0107259427393292
"C","ipw",2000,37,0.669554550836491,0.788635120101493,0.00801414105185129
"C","fiml",2000,37,0.669554550836491,0.707995139875652,0.0103919315998251
"C","ipw",2000,38,0.669554550836491,0.783223297766426,0.00805713242850226
"C","fiml",2000,38,0.669554550836491,0.68951533737665,0.0110703681280904
"C","ipw",2000,39,0.669554550836491,0.779045614232438,0.00818835640861404
"C","fiml",2000,39,0.669554550836491,0.692549447626952,0.0108214387923947
"C","ipw",2000,40,0.669554550836491,0.791814952374036,0.00794511891833586
"C","fiml",2000,40,0.669554550836491,0.709418445123488,0.0107078038638188
"C","ipw",2000,41,0.669554550836491,0.784158871838231,0.00778952009651205
"C","fiml",2000,41,0.669554550836491,0.7055546688621,0.0105126233669933
"C","ipw",2000,42,0.669554550836491,0.790214712217151,0.00802985979312793
"C","fiml",2000,42,0.669554550836491,0.702865454182143,0.0107248655718626
"C","ipw",2000,43,0.669554550836491,0.780168167982819,0.00814890191424847
"C","fiml",2000,43,0.669554550836491,0.694443440963909,0.0105661407059745
"C","ipw",2000,44,0.669554550836491,0.793282201952136,0.00793336484582949
"C","fiml",2000,44,0.669554550836491,0.716979293894886,0.0102491383569189
"C","ipw",2000,45,0.669554550836491,0.783241580424543,0.0078670441941776
"C","fiml",2000,45,0.669554550836491,0.706649460646013,0.0104921968084839
"C","ipw",2000,46,0.669554550836491,0.779921629819095,0.00820605990129493
"C","fiml",2000,46,0.669554550836491,0.700410134525142,0.0111277342591585
"C","ipw",2000,47,0.669554550836491,0.779622091860335,0.00821823403755299
"C","fiml",2000,47,0.669554550836491,0.699826715498455,0.0104955567691286
"C","ipw",2000,48,0.669554550836491,0.792421836016314,0.00803937434130911
"C","fiml",2000,48,0.669554550836491,0.708744193479812,0.0107610874051415
"C","ipw",2000,49,0.669554550836491,0.793496295193129,0.00797942542004511
"C","fiml",2000,49,0.669554550836491,0.694924807453959,0.0108499636978382
"C","ipw",2000,50,0.669554550836491,0.784538318644038,0.00796844234491462
"C","fiml",2000,50,0.669554550836491,0.69993089157245,0.0106527708736858
"C","ipw",8000,1,0.669554550836491,0.786199590320966,0.00401922691076476
"C","fiml",8000,1,0.669554550836491,0.708835516086763,0.00506412305494964
"C","ipw",8000,2,0.669554550836491,0.788269377046786,0.00400892182280164
"C","fiml",8000,2,0.669554550836491,0.708753414661273,0.00512638821346217
"C","ipw",8000,3,0.669554550836491,0.788331807572083,0.00405348662250815
"C","fiml",8000,3,0.669554550836491,0.712243691107967,0.0051269337325498
"C","ipw",8000,4,0.669554550836491,0.790461409676081,0.00389363082061463
"C","fiml",8000,4,0.669554550836491,0.716519739500839,0.00497512730177265
"C","ipw",8000,5,0.669554550836491,0.78872686214725,0.00406607605285414
"C","fiml",8000,5,0.669554550836491,0.710294858965131,0.00509198065719866
"C","ipw",8000,6,0.669554550836491,0.786292331154015,0.00400643521495234
"C","fiml",8000,6,0.669554550836491,0.709037850281453,0.00503367902111266
"C","ipw",8000,7,0.669554550836491,0.780003822099912,0.00403976292437794
"C","fiml",8000,7,0.669554550836491,0.703847518017742,0.00506188239142948
"C","ipw",8000,8,0.669554550836491,0.783935663852707,0.00397422823385998
"C","fiml",8000,8,0.669554550836491,0.706524432685286,0.00510660397466824
"C","ipw",8000,9,0.669554550836491,0.787382406533843,0.00394828100811804
"C","fiml",8000,9,0.669554550836491,0.708974128746882,0.00507395894667992
"C","ipw",8000,10,0.669554550836491,0.792848709793454,0.00394935079388444
"C","fiml",8000,10,0.669554550836491,0.718046504093288,0.00506026039129212
"C","ipw",8000,11,0.669554550836491,0.789521267755012,0.00395446520596357
"C","fiml",8000,11,0.669554550836491,0.716663830161029,0.00498800857179158
"C","ipw",8000,12,0.669554550836491,0.782926154516272,0.00405376039061282
"C","fiml",8000,12,0.669554550836491,0.705905935923077,0.00510935359540021
"C","ipw",8000,13,0.669554550836491,0.782340751687747,0.00398355376220878
"C","fiml",8000,13,0.669554550836491,0.70294191899382,0.00505800238602989
"C","ipw",8000,14,0.669554550836491,0.781305550780837,0.00404518831624943
"C","fiml",8000,14,0.669554550836491,0.707690373053276,0.00508572313937296
"C","ipw",8000,15,0.669554550836491,0.782309312538233,0.0040403051885201
"C","fiml",8000,15,0.669554550836491,0.70080457725426,0.00515118767778009
"C","ipw",8000,16,0.669554550836491,0.788907406068788,0.00398188527109612
"C","fiml",8000,16,0.669554550836491,0.717086163434535,0.00501053980811706
"C","ipw",8000,17,0.669554550836491,0.78743704806681,0.00399184481425469
"C","fiml",8000,17,0.669554550836491,0.712260250364953,0.0050665797797818
"C","ipw",8000,18,0.669554550836491,0.782129606176476,0.00403582022541643
"C","fiml",8000,18,0.669554550836491,0.704769577301277,0.00514456480578044
"C","ipw",8000,19,0.669554550836491,0.7959664839236,0.00398696556296804
"C","fiml",8000,19,0.669554550836491,0.719394120272524,0.00508324760112279
"C","ipw",8000,20,0.669554550836491,0.782129184037417,0.00405485649657172
"C","fiml",8000,20,0.669554550836491,0.706615711906587,0.00509443166672274
"C","ipw",8000,21,0.669554550836491,0.788162435393013,0.00394966875438406
"C","fiml",8000,21,0.669554550836491,0.711154707600195,0.00507762120876597
"C","ipw",8000,22,0.669554550836491,0.785137170071625,0.00397899549626844
"C","fiml",8000,22,0.669554550836491,0.703035816557657,0.00510713722199715
"C","ipw",8000,23,0.669554550836491,0.780179338882309,0.0040281907327566
"C","fiml",8000,23,0.669554550836491,0.706856384760827,0.00503314101961073
"C","ipw",8000,24,0.669554550836491,0.787115221557311,0.0039575526665907
"C","fiml",8000,24,0.669554550836491,0.710706407624396,0.00505994616019616
"C","ipw",8000,25,0.669554550836491,0.79107617152792,0.0039846813790102
"C","fiml",8000,25,0.669554550836491,0.710416031110122,0.00507077557202743
"C","ipw",8000,26,0.669554550836491,0.78454872757391,0.00402338439506159
"C","fiml",8000,26,0.669554550836491,0.709464736321574,0.00508425040329894
"C","ipw",8000,27,0.669554550836491,0.783910964043977,0.00402854281986015
"C","fiml",8000,27,0.669554550836491,0.710716189848505,0.00502301901477883
"C","ipw",8000,28,0.669554550836491,0.782923860885605,0.0040195083794751
"C","fiml",8000,28,0.669554550836491,0.700294129508093,0.00520831268993397
"C","ipw",8000,29,0.669554550836491,0.789047454205561,0.00396417699570731
"C","fiml",8000,29,0.669554550836491,0.713305249653613,0.00507778012953116
"C","ipw",8000,30,0.669554550836491,0.781634199822807,0.0040204892726102
"C","fiml",8000,30,0.669554550836491,0.708011294602188,0.0050597274049815
"C","ipw",8000,31,0.669554550836491,0.785254773561215,0.00403686125316267
"C","fiml",8000,31,0.669554550836491,0.704688335643645,0.00515826294350617
"C","ipw",8000,32,0.669554550836491,0.787149868491038,0.00398027638374588
"C","fiml",8000,32,0.669554550836491,0.707918366210236,0.00513688011500601
"C","ipw",8000,33,0.669554550836491,0.789410429647102,0.00394633583750812
"C","fiml",8000,33,0.669554550836491,0.71556239626835,0.00496910003302643
"C","ipw",8000,34,0.669554550836491,0.785363463037506,0.00402013071375369
"C","fiml",8000,34,0.669554550836491,0.703674927247331,0.00510988493063089
"C","ipw",8000,35,0.669554550836491,0.78425367071473,0.00402764659668809
"C","fiml",8000,35,0.669554550836491,0.703654339352659,0.00515619100113652
"C","ipw",8000,36,0.669554550836491,0.790706796444476,0.00397597860024116
"C","fiml",8000,36,0.669554550836491,0.710479100244676,0.0051332052664778
"C","ipw",8000,37,0.669554550836491,0.785126136874848,0.00398018137835858
"C","fiml",8000,37,0.669554550836491,0.707973091415486,0.00509666281645356
"C","ipw",8000,38,0.669554550836491,0.784670386296501,0.00400445863145425
"C","fiml",8000,38,0.669554550836491,0.711843650777119,0.00507801171553078
"C","ipw",8000,39,0.669554550836491,0.778357775863055,0.00401135714006357
"C","fiml",8000,39,0.669554550836491,0.693878683978685,0.00516543717868632
"C","ipw",8000,40,0.669554550836491,0.782015748255478,0.00408711035426816
"C","fiml",8000,40,0.669554550836491,0.702251799690816,0.0051698369712691
"C","ipw",8000,41,0.669554550836491,0.779971445698857,0.00400171654782686
"C","fiml",8000,41,0.669554550836491,0.704840386716982,0.00506031859172105
"C","ipw",8000,42,0.669554550836491,0.783615495590993,0.00408877337448412
"C","fiml",8000,42,0.669554550836491,0.708977352178993,0.00509600095567216
"C","ipw",8000,43,0.669554550836491,0.787787333401725,0.00403687146252089
"C","fiml",8000,43,0.669554550836491,0.707412614285235,0.00509535415211371
"C","ipw",8000,44,0.669554550836491,0.787892495511323,0.00396761722015945
"C","fiml",8000,44,0.669554550836491,0.712572664421885,0.00505718863024555
"C","ipw",8000,45,0.669554550836491,0.790172981680666,0.00395215688459912
"C","fiml",8000,45,0.669554550836491,0.713516217465355,0.00507220831286472
"C","ipw",8000,46,0.669554550836491,0.78119537888311,0.00407981638130293
"C","fiml",8000,46,0.669554550836491,0.711121258459155,0.0050929905284177
"C","ipw",8000,47,0.669554550836491,0.789732708443026,0.00397615803947263
"C","fiml",8000,47,0.669554550836491,0.716270417836777,0.00501183706764039
"C","ipw",8000,48,0.669554550836491,0.791129663491793,0.00398169239560459
"C","fiml",8000,48,0.669554550836491,0.71364191159006,0.0050401814784295
"C","ipw",8000,49,0.669554550836491,0.787146564598426,0.00402075053413815
"C","fiml",8000,49,0.669554550836491,0.706747921745735,0.00516177195904295
"C","ipw",8000,50,0.669554550836491,0.777966109640224,0.00405973621269119
"C","fiml",8000,50,0.669554550836491,0.700973722207639,0.00507716844976596
