"cell","b","kappa_AC","kappa_IPW","delta","se","z","var_AC","var_IPW","cov_AC_IPW","reject_05"
"null",1,0.840805727017714,0.841377312032948,-0.0005715850152338,0.000416996888575204,-1.3707176981267,0.000232706072172484,0.000231725201041226,0.000232128693404314,FALSE
"null",2,0.821775235473088,0.822897119689129,-0.0011218842160412,0.000543884332086568,-2.06272574857449,0.000232707590391321,0.00023053838565928,0.000231475082941956,TRUE
"null",3,0.835060287281933,0.83466102074416,0.000399266537773002,0.00053351524923756,0.748369495236713,0.000221832143683622,0.000223133321818744,0.000222340413490598,FALSE
"null",4,0.836508225388927,0.836536150990223,-2.79256012967188e-05,0.000344329063038294,-0.081101493583808,0.000250655308793351,0.000251498507010616,0.000251017626650157,FALSE
"null",5,0.833185444377708,0.832673889448045,0.000511554929663371,0.000731916373685577,0.69892538007782,0.000221783356991244,0.000223766345158707,0.000222507000285941,FALSE
"null",6,0.841874469986591,0.840920640162626,0.000953829823964525,0.000638444020689365,1.4939913180401,0.000215680017136424,0.000219445503104333,0.000217358954736601,FALSE
"null",7,0.8571394204961,0.857656048626415,-0.000516628130315278,0.000621333507029775,-0.831482809908271,0.000209250409241035,0.000209494813027059,0.000209179583470568,FALSE
"null",8,0.819279046111229,0.818871208071317,0.000407838039911845,0.0005146182133227,0.792506035257838,0.000257961359248846,0.00025984981254219,0.000258773169942777,FALSE
"null",9,0.832830432467821,0.832810728702359,1.97037654617871e-05,0.000459742933653939,0.042858223627682,0.0002230238658056,0.000223233148200823,0.000223022825220689,FALSE
"null",10,0.85070799892709,0.850524587973918,0.000183410953172425,0.000437363373396202,0.419355996246799,0.000218933952253719,0.000219770211816023,0.000219256438674677,FALSE
"null",11,0.80764291502962,0.807406009933959,0.000236905095660989,0.000267659450759275,0.885098938180421,0.000255772839141722,0.000256045227719551,0.000255873212639846,FALSE
"null",12,0.840505147708649,0.83983959258685,0.000665555121799333,0.000468839729371339,1.41957918688283,0.000249801436897423,0.000252370012520244,0.000250975819362915,FALSE
"null",13,0.819891512923044,0.819537620475655,0.000353892447389037,0.000647784665342026,0.546311863066694,0.000255507026789069,0.000257475636521661,0.000256281519169038,FALSE
"null",14,0.829795469102945,0.829637687411161,0.000157781691783487,0.000459928008740248,0.343057367207651,0.000229641123895469,0.000230373827347315,0.00022990170873478,FALSE
"null",15,0.809836375088797,0.809834307151591,2.0679372055854e-06,0.000264903709747568,0.00780637314424922,0.000259027512376533,0.000259154385399545,0.00025905586190032,FALSE
"null",16,0.817708571521406,0.817578641429424,0.000129930091982589,0.000502976789000624,0.258322242345913,0.000268419763952392,0.000269480472738106,0.000268823625520113,FALSE
"null",17,0.848147966518788,0.848825731923739,-0.000677765404951458,0.000373414335612009,-1.81504923703754,0.000233884273990856,0.000231862591446476,0.000232803713585645,FALSE
"null",18,0.850571903912639,0.849728896034414,0.000843007878225666,0.00074362314013685,1.13364933489096,0.000222869757104566,0.000224902150369748,0.000223609466049884,FALSE
"null",19,0.829260854676348,0.8287184203894,0.000542434286947335,0.000270314821016784,2.00667608570991,0.000212949374399561,0.000214361243867851,0.000213618774082475,TRUE
"null",20,0.827502901975316,0.827701854901237,-0.000198952925921314,0.000382342010879148,-0.520353296944394,0.00023757897439858,0.000236779395511963,0.00023710609224863,FALSE
"null",21,0.85562891718296,0.855835161047608,-0.000206243864648403,0.000610208811744621,-0.3379889976658,0.000191332145569803,0.000191089697491233,0.000191024744133552,FALSE
"null",22,0.81709541049429,0.817075054968044,2.03555262466848e-05,0.000414700128020594,0.0490849287745432,0.000268993689374875,0.000269188254331155,0.000269004983754925,FALSE
"null",23,0.836039402823261,0.836582180605837,-0.000542777782576165,0.000570989517698032,-0.950591500811427,0.000227730827514727,0.000226955442700546,0.000227180120592976,FALSE
"null",24,0.838888749570793,0.838448482577176,0.0004402669936171,0.000443141662088397,0.993512980797721,0.000214019479545927,0.00021517333694656,0.000214498220979904,FALSE
"null",25,0.857416895598567,0.857188345722819,0.000228549875747497,0.000498563582692564,0.45841670687855,0.000225312577569307,0.00022622356782738,0.00022564378987535,FALSE
"null",26,0.842694458096702,0.842342565560382,0.000351892536319731,0.000349839120195839,1.00586960121196,0.000227095975172601,0.000229425503998293,0.000228199545880438,FALSE
"null",27,0.850277508829354,0.850194860716114,8.26481132394363e-05,0.000413439066915689,0.199903975828899,0.000200859628052141,0.000201657537456097,0.000201173116823093,FALSE
"null",28,0.846961333124539,0.84698951510056,-2.81819760210578e-05,0.000358078297339855,-0.0787033903769655,0.000233615970474435,0.000234762846877389,0.0002341252986424,FALSE
"null",29,0.826107989269177,0.826037519564295,7.04697048816705e-05,0.000453210461577247,0.155490022530425,0.000235077694090803,0.000235840278837759,0.00023535628660304,FALSE
"null",30,0.856806405920687,0.855991969656662,0.000814436264025664,0.000702551458232539,1.15925496201318,0.000236080292308804,0.00024201326279305,0.000238799988275195,FALSE
"null",31,0.81064027103187,0.810514730256671,0.00012554077519944,0.000537976904193294,0.233357183590791,0.000251931343273111,0.000252184864868774,0.00025191339449622,FALSE
"null",32,0.852796608460444,0.852981877070425,-0.000185268609981026,0.000678778979209698,-0.272943941482593,0.00022249775059527,0.000221684174290264,0.000221860591991458,FALSE
"null",33,0.812206436381679,0.81220979985355,-3.36347187113173e-06,0.0003479048236585,-0.00966779315032804,0.000240284561796443,0.000240450155787169,0.000240306839908644,FALSE
"null",34,0.834505284346698,0.834887567300348,-0.000382282953650503,0.000420129771394183,-0.909916363179676,0.000225531954841969,0.000225192291622988,0.000225273868720073,FALSE
"null",35,0.82716330277371,0.827174972722522,-1.16699488119654e-05,0.000301978058616738,-0.0386450223086457,0.000246606005490528,0.000246856331105202,0.000246685572923922,FALSE
"null",36,0.810778000914758,0.81111496426651,-0.000336963351752373,0.000262112828836005,-1.28556604134474,0.000263134543935288,0.000262594833182821,0.000262830336991535,FALSE
"null",37,0.843334883849204,0.844022246938449,-0.000687363089245552,0.000549779207044623,-1.25025297508162,0.000251579397364651,0.000251013630907971,0.000251145385548062,FALSE
"null",38,0.830579298788936,0.830512637984061,6.66608048746076e-05,0.000314605861308773,0.211886722635414,0.000226387314164348,0.0002266137339205,0.000226451035618439,FALSE
"null",39,0.824606581758853,0.824460631621117,0.00014595013773655,0.00059744488068077,0.24429054872852,0.000235296582551396,0.000236911186882539,0.000235925414524242,FALSE
"null",40,0.841149918068438,0.840814570961438,0.000335347107000894,0.000615568322274329,0.544776420206116,0.000216005033902796,0.000217412388113886,0.000216519248828647,FALSE
"null",41,0.846730058526431,0.847083865571967,-0.000353807045536225,0.00036219942219403,-0.976829403517633,0.000237950809548201,0.000237825535421296,0.000237822578274029,FALSE
"null",42,0.831516758782781,0.830684252454215,0.000832506328565907,0.00046122345014662,1.80499566598632,0.000259289556233571,0.000262026592544301,0.000260551710853453,FALSE
"null",43,0.85772715916512,0.858289981174431,-0.000562822009311015,0.000319555885376192,-1.76126316261846,0.000202308305638743,0.000201495105495574,0.000201850647585219,FALSE
"null",44,0.847911559392407,0.848144701768958,-0.000233142376550366,0.000447587091465825,-0.520887177033718,0.000215151011275486,0.000215056850806333,0.000215003763938686,FALSE
"null",45,0.837477615699879,0.837382515466865,9.51002330130679e-05,0.000446911074053648,0.212794532367421,0.000224295038393896,0.000224883651822017,0.0002244894803539,FALSE
"null",46,0.851358874861245,0.850985468640283,0.000373406220962491,0.000349244469520536,1.06918291784298,0.000197645236075083,0.00019895060417132,0.000198236934273456,FALSE
"null",47,0.825870391253478,0.826079629661638,-0.000209238408160339,0.000608242187743613,-0.344005089381498,0.000227831418586498,0.000228208231374826,0.000227834845701186,FALSE
"null",48,0.831886778012574,0.831595142144445,0.000291635868128859,0.000549681178879355,0.530554582064138,0.000246313682520412,0.000246227467571788,0.000246119500346893,FALSE
"null",49,0.856509693663491,0.856778884814203,-0.000269191150711445,0.000362809687140512,-0.741962412396091,0.000189376327166646,0.000189079221004141,0.000189161958650852,FALSE
"null",50,0.833497212034371,0.833258326791295,0.000238885243075582,0.000371734188206383,0.642623817379303,0.000249809282239106,0.000250431606222473,0.000250051351077449,FALSE
"null",51,0.816911210416726,0.817378668633265,-0.000467458216538819,0.000640023703987048,-0.730376412040324,0.00025422902273812,0.000252723277593721,0.000253271334995088,FALSE
"null",52,0.82472534240911,0.824373090213565,0.000352252195545244,0.000334469631567749,1.05316645309215,0.000238369018136334,0.000239295922888538,0.000238776535545215,FALSE
"null",53,0.833575728623628,0.834042402646301,-0.000466674022673308,0.00056807668301373,-0.821498288219707,0.000223232582957359,0.000223297272085941,0.000223103571962758,FALSE
"null",54,0.859937298250233,0.861152932003439,-0.00121563375320644,0.000603889796105157,-2.01300595083205,0.000210908828017703,0.000206793574308798,0.000208668859720331,TRUE
"null",55,0.847922917948983,0.84700025937181,0.000922658577172553,0.000491497158622647,1.87724091784818,0.000218982939856094,0.00022197123770259,0.000220356304050875,FALSE
"null",56,0.849405938414499,0.849271455268814,0.000134483145684317,0.00045434692991771,0.2959921963348,0.000209657266010228,0.000209832999818889,0.000209641917348195,FALSE
"null",57,0.860518598500287,0.86065190043072,-0.000133301930433927,0.000537138426402213,-0.248170534599044,0.000197689503660067,0.000197984161985224,0.000197692573978087,FALSE
"null",58,0.845043160671268,0.845004092633063,3.90680382054143e-05,0.000266337229687936,0.146686357934975,0.000230701252789386,0.000230629656122276,0.000230629986695872,FALSE
"null",59,0.8516956242965,0.852329044233007,-0.000633419936506563,0.000619317853325413,-1.02277034822334,0.000212598261461973,0.000210978581911349,0.000211596644384937,FALSE
"null",60,0.842758922965813,0.841789370499544,0.000969552466268953,0.000635601056087581,1.52541040796407,0.000229581846633389,0.000234277457406035,0.000231727657668462,FALSE
"null",61,0.866135851751264,0.866127830708678,8.02104258590397e-06,0.000408286409877201,0.0196456271672536,0.000213335954294422,0.000213722256341486,0.000213445756421709,FALSE
"null",62,0.850459767314284,0.849427023738359,0.00103274357592453,0.000526219012316046,1.96257366562854,0.000229493280847522,0.000231812861071532,0.000230514617735065,TRUE
"null",63,0.838864705248948,0.838999626376013,-0.000134921127064924,0.000360935498047321,-0.373809524956271,0.000228832898954543,0.000228724445919381,0.000228713535220087,FALSE
"null",64,0.840889139158189,0.839531764416933,0.00135737474125663,0.000600957521851268,2.25868666569843,0.000246500952459988,0.000250211039744556,0.000248175421130737,TRUE
"null",65,0.826244866754517,0.826727763688951,-0.000482896934434374,0.000583213487456273,-0.827993427484956,0.000231461934753448,0.000230233897925748,0.000230677847353623,FALSE
"null",66,0.837063280738743,0.837254337302019,-0.000191056563275338,0.000277051197104503,-0.689607427335072,0.000231061034293596,0.000230925404580241,0.00023095484075401,FALSE
"null",67,0.801617304703423,0.802260171467022,-0.000642866763598815,0.000525259667213846,-1.22390277366773,0.000261879318287554,0.000259952243929186,0.000260777832249369,FALSE
"null",68,0.841473900820256,0.841545174665674,-7.12738454180517e-05,0.000437972570883645,-0.162735865568592,0.000220725383778604,0.000221133421166378,0.000220833492486068,FALSE
"null",69,0.830351493779039,0.830441836874266,-9.03430952277073e-05,0.000478134654126348,-0.188949063716754,0.000228289354684143,0.000228552932391926,0.000228306837164296,FALSE
"null",70,0.830287714526844,0.83071703998438,-0.000429325457536378,0.000505942228682096,-0.848566166644573,0.000229342380525504,0.000229490046620275,0.000229288224803508,FALSE
"null",71,0.83599897450393,0.835730490521957,0.000268483981972878,0.000242734335031901,1.10608160126005,0.000213832822548627,0.000214880099463148,0.000214327001027186,FALSE
"null",72,0.807573645151059,0.80701204552828,0.000561599622779463,0.000409313556872232,1.37205233823899,0.000293199451018317,0.00029529672046435,0.000294164316947414,FALSE
"null",73,0.845643645838462,0.845593940442086,4.9705396375832e-05,0.000492816641027816,0.100859817298715,0.000220263845529836,0.000220071521057788,0.000220046249172975,FALSE
"null",74,0.837935719969833,0.837668702827972,0.000267017141861059,0.000492170098729368,0.542530199519262,0.00022910269096631,0.000230495984983106,0.000229678222271666,FALSE
"null",75,0.844339325832769,0.843505674837262,0.000833650995507029,0.000455354312350425,1.83077435064561,0.000240206521713901,0.000243089971689523,0.000241544572926824,FALSE
"null",76,0.821855610149876,0.822647064357372,-0.000791454207496045,0.000285996078037588,-2.76736035307458,0.000243648763510658,0.00024162891559987,0.000242597942676938,TRUE
"null",77,0.806061397822218,0.805198095108906,0.00086330271331192,0.000499253254346941,1.72918795379948,0.000265313719687957,0.000267777370597994,0.000266420918236987,FALSE
"null",78,0.841107424404022,0.840383447576733,0.000723976827289197,0.000898832121186719,0.80546390168315,0.000241669858832512,0.000244135209731712,0.000242498584691074,FALSE
"null",79,0.834646779545122,0.8353952668222,-0.000748487277077881,0.000646533536856075,-1.15769288739078,0.000216154394409475,0.000215884004554495,0.000215810196674845,FALSE
"null",80,0.867604928364911,0.868307095128447,-0.000702166763535739,0.00055176579695834,-1.27258117013867,0.000200650959448855,0.000200955016368699,0.00020065076516143,FALSE
"null",81,0.821877636401953,0.82183070854098,4.69278609732671e-05,0.000621210802817011,0.0755425706707978,0.000230417984374735,0.000230855559838062,0.00023044382067563,FALSE
"null",82,0.816600328289112,0.816113809923514,0.000486518365598099,0.000367265084218007,1.32470628574456,0.000266373990753963,0.000267494144766167,0.000266866625939022,FALSE
"null",83,0.845851692734839,0.846189462993061,-0.000337770258222236,0.000566881238738819,-0.595839542994399,0.000210853216753297,0.000210452894386554,0.000210492378400508,FALSE
"null",84,0.848039332763791,0.847619332524461,0.000420000239329865,0.000683091346407903,0.61485223248468,0.000218773285854481,0.000222512004015784,0.000220409338041364,FALSE
"null",85,0.853330742814352,0.85343410056464,-0.000103357750287247,0.00058318236043762,-0.177230583945796,0.000220298780131022,0.0002191945492496,0.000219576613857548,FALSE
"null",86,0.844947755854649,0.845596271763033,-0.000648515908384439,0.000441298280814022,-1.46956364114581,0.000203107594599327,0.000202386788872282,0.00020264981964948,FALSE
"null",87,0.815353081411069,0.815360867743197,-7.78633212838997e-06,0.000382943208715713,-0.0203328638585946,0.000263180016990888,0.000262962159713678,0.000262997765601732,FALSE
"null",88,0.848400742735911,0.848590613043303,-0.00018987030739126,0.000776815270954135,-0.244421440322677,0.000213960162312443,0.000214743915181863,0.00021405031776456,FALSE
"null",89,0.877849171916213,0.877903395968069,-5.42240518555115e-05,0.000332706646006203,-0.16297856537107,0.000169447106025165,0.000169626134428708,0.000169481273370788,FALSE
"null",90,0.830953936197254,0.830731371143376,0.000222565053877744,0.000422255271604261,0.527086501566124,0.000238161142593164,0.000239276027110188,0.000238629435094478,FALSE
"null",91,0.873167793254255,0.873706118377725,-0.000538325123469852,0.000497293876434448,-1.08250905345868,0.000192882824989868,0.000192731902333888,0.000192683713062108,FALSE
"null",92,0.84840559495842,0.848853149476071,-0.000447554517650772,0.00052524179582071,-0.852092352916148,0.000211329409285335,0.000210643076036523,0.000210848303188891,FALSE
"null",93,0.846761813744849,0.846473736638964,0.00028807710588441,0.000641798406955383,0.44885917877393,0.000214703062784168,0.000215323286505515,0.000214807222047256,FALSE
"null",94,0.830951351445378,0.831411829835038,-0.00046047838965968,0.000246106529153719,-1.87105312176445,0.000228858793396784,0.000227948214562634,0.000228373219767863,FALSE
"null",95,0.821408712045011,0.820962093116839,0.000446618928171993,0.000379726344579393,1.17615997559162,0.000244066050373837,0.000246051843531884,0.000244986850904476,FALSE
"null",96,0.833547246170951,0.833420896512281,0.000126349658670866,0.000344818160787473,0.36642402587589,0.000218506527240499,0.000218577483313759,0.000218482555495125,FALSE
"null",97,0.844342768043878,0.844486861066012,-0.000144093022133251,0.000282469776715801,-0.510118370214972,0.00021292339139759,0.000212671635336501,0.000212757618779667,FALSE
"null",98,0.843323812838294,0.842805083024659,0.000518729813634766,0.000586234253166064,0.884850741547891,0.00024666630391876,0.000248687349605945,0.00024750499146256,FALSE
"null",99,0.816993237901536,0.816459263555382,0.000533974346153876,0.000468399463263115,1.13999777547551,0.000237850613420964,0.000240252059535561,0.00023894163744967,FALSE
"null",100,0.862180186703939,0.86257568121823,-0.000395494514290662,0.000305557849779208,-1.29433596478193,0.000201753235152866,0.000200754209518903,0.000201207039536104,FALSE
"null",101,0.82295137228361,0.82305168192344,-0.000100309639830432,0.000512916544874048,-0.195567175270323,0.000240446901413747,0.000240459563663401,0.000240321690847571,FALSE
"null",102,0.854921149097262,0.853582051306027,0.00133909779123509,0.000636048451157348,2.10533928476436,0.000191944778114397,0.000196178161486801,0.000193859190984489,TRUE
"null",103,0.821634837873841,0.821608988845668,2.58490281725976e-05,0.000483949337191294,0.0534126739848805,0.000258317768127787,0.00025925462512988,0.00025866909314835,FALSE
"null",104,0.822994638046992,0.823025027072544,-3.03890255527461e-05,0.00022887858980615,-0.132773561644557,0.000258225662972823,0.0002584454145738,0.000258309346068876,FALSE
"null",105,0.818453518361453,0.818941354829821,-0.000487836468367919,0.000299038928770628,-1.63134769902184,0.000240357094795631,0.000239227254491338,0.000239747462503024,FALSE
"null",106,0.838934887020414,0.840003312564923,-0.00106842554450837,0.000639175109559039,-1.67156938455483,0.000220352626103774,0.000218372006188891,0.000219158043735993,FALSE
"null",107,0.816128657505473,0.816484794379767,-0.000356136874293478,0.000446983397986252,-0.79675638043369,0.000258168074680165,0.000257683501375254,0.000257825890948672,FALSE
"null",108,0.847881771892688,0.847914764841135,-3.29929484469416e-05,0.000324059121491881,-0.101811509872183,0.00021345940686587,0.000213149735507403,0.000213252064029525,FALSE
"null",109,0.823855702152754,0.823799402770309,5.62993824446689e-05,0.000349359976682734,0.161150063551202,0.000241256479379161,0.000241049331746015,0.000241091879365934,FALSE
"null",110,0.811459559317676,0.810129957569108,0.00132960174856722,0.000589560175901787,2.25524348983286,0.000246101581058847,0.000248428872663703,0.00024709143626077,TRUE
"null",111,0.85297691128584,0.852912066965546,6.48443202937443e-05,0.000339258719226882,0.19113530948155,0.000201021715548275,0.000201858614252868,0.000201382616661286,FALSE
"null",112,0.827361053911245,0.82707179586178,0.000289258049465779,0.000523406513762889,0.552645108266301,0.000253788037518632,0.000254935657385331,0.000254224870262657,FALSE
"null",113,0.848403004849279,0.847556671833959,0.000846333015320222,0.000694172447859058,1.21919707117511,0.000213865762911003,0.000217823866598351,0.000215603877060994,FALSE
"null",114,0.850093828288217,0.850254235754043,-0.00016040746582624,0.000596921038900201,-0.268724764873061,0.000213791951059715,0.000213453167747128,0.00021344440204008,FALSE
"null",115,0.805729481437371,0.805894431812472,-0.000164950375101336,0.000524121229856073,-0.314717980698153,0.000270951668924777,0.000271630861281121,0.000271153913571156,FALSE
"null",116,0.829225904918233,0.828939124729143,0.000286780189089786,0.000345657570145342,0.829665581949213,0.000230077386076487,0.00023137507240969,0.000230666489665189,FALSE
"null",117,0.855194149589721,0.854400023259091,0.000794126330630363,0.000544458567501105,1.45856154725447,0.000182955539017376,0.000184426982767549,0.0001835430433266,FALSE
"null",118,0.829423933963852,0.829180636079698,0.000243297884153559,0.000599803854723671,0.40562907730169,0.00023611659385287,0.000236831688068022,0.000236294258628375,FALSE
"null",119,0.818638111042024,0.818321517637774,0.000316593404250054,0.00041399788690477,0.764722270968689,0.00024764407432722,0.000248755492643005,0.000248114086359932,FALSE
"null",120,0.854963561255802,0.855021349853388,-5.77885975858727e-05,0.000459845462403285,-0.125669604923038,0.000216976074366568,0.000216727876144267,0.000216746246330771,FALSE
"null",121,0.819800324668595,0.820243429336312,-0.000443104667716798,0.000526464632494079,-0.841660845511368,0.000250977528959044,0.000249632212952746,0.000250166288451261,FALSE
"null",122,0.8338087577354,0.833524981925747,0.000283775809652775,0.000339510196776465,0.835838841799544,0.000244840938099557,0.000245949819922218,0.00024533774542403,FALSE
"null",123,0.817700368219849,0.81722171806982,0.000478650150028903,0.000457072097442249,1.04720929741151,0.000226689939383937,0.000227864244623131,0.000227172634552404,FALSE
"null",124,0.826034917246992,0.826399618886801,-0.000364701639809284,0.000597026239550992,-0.6108636700517,0.000255267904309537,0.000255094402745263,0.000255002933362044,FALSE
"null",125,0.82917817014324,0.829551368205292,-0.000373198062051827,0.000351866311207068,-1.06062458998016,0.000251566626259954,0.000250945775699627,0.000251194296029309,FALSE
"null",126,0.803060280488759,0.802623483139194,0.00043679734956481,0.000646473245036644,0.675661913185674,0.000285609531273727,0.000286855275729351,0.000286023439673265,FALSE
"null",127,0.864833567068342,0.865346568128643,-0.000513001060300722,0.000507724542594569,-1.01039248108667,0.000208364419421179,0.000206689360932719,0.000207397998071373,FALSE
"null",128,0.852490571330771,0.852321036452806,0.000169534877965227,0.000536639252818084,0.315919637027928,0.000215894986076469,0.00021651041875633,0.000216058711572567,FALSE
"null",129,0.825910708036193,0.825942127015728,-3.14189795351805e-05,0.000677761099742967,-0.0463570121494075,0.000231971343302025,0.00023286776066344,0.00023218987192857,FALSE
"null",130,0.838876709487898,0.839272897283073,-0.000396187795175029,0.000325596914735078,-1.21680451271286,0.000230396538682408,0.000229244627274984,0.000229767576303254,FALSE
"null",131,0.84565670486,0.844735158678449,0.000921546181551158,0.000533557057670156,1.72717456981116,0.000220611735934647,0.000222619064013224,0.000221473058407041,FALSE
"null",132,0.831854761777704,0.831717598960475,0.000137162817228642,0.000454029960083377,0.302100806747321,0.00022425434822991,0.000224745924485968,0.000224397064755612,FALSE
"null",133,0.813379015948704,0.813901435257471,-0.000522419308766731,0.000593311814830701,-0.880513914788299,0.000253497208592342,0.000253527915409381,0.000253336552546053,FALSE
"null",134,0.847698176043736,0.847679487408617,1.86886351192239e-05,0.000525410882615497,0.0355695622941646,0.000225524702820341,0.000226305474691311,0.000225777060458041,FALSE
"null",135,0.827808729604767,0.827850974418697,-4.22448139301146e-05,0.000331123299710974,-0.127580312128409,0.000234013718821367,0.000234710950726739,0.000234307513454247,FALSE
"null",136,0.840178770321321,0.840681162345579,-0.000502392024257725,0.000568145156500062,-0.884267019633863,0.000214031868506492,0.00021401682206479,0.000213862950826214,FALSE
"null",137,0.826470784365462,0.826280748420848,0.000190035944613864,0.000321445437990631,0.591191916742659,0.000249473122539728,0.000249471968086429,0.000249420881728276,FALSE
"null",138,0.836017674286878,0.83637156367357,-0.000353889386691897,0.000275643028603185,-1.28386844566766,0.00022431520294119,0.000224048540516102,0.000224143882189037,FALSE
"null",139,0.832997041188389,0.832782680639326,0.000214360549062209,0.000403189966491888,0.531661417389269,0.00022580512252262,0.000227326477107109,0.000226484518740324,FALSE
"null",140,0.856955809311826,0.85719091603983,-0.000235106728004308,0.000401277323961407,-0.585895872917354,0.000196309270604687,0.000195598452994455,0.000195873350054208,FALSE
"null",141,0.827658222612285,0.82761311707887,4.51055334149686e-05,0.000771713803135482,0.0584485248698472,0.000242555260692655,0.000243696838168187,0.000242828278333446,FALSE
"null",142,0.850130485154228,0.850198559107976,-6.80739537485264e-05,0.000470671484155046,-0.144631565837759,0.000201678839134069,0.000201784646532795,0.000201620977010434,FALSE
"null",143,0.825243161465612,0.824280667255386,0.000962494210225984,0.000593367539276742,1.62208773907513,0.00023243383103051,0.000234735953568626,0.000233408849781234,FALSE
"null",144,0.820942161846135,0.820033560109518,0.000908601736616887,0.000712239135034709,1.27569757392313,0.000241563860862852,0.000243454043325356,0.000242255309801366,FALSE
"null",145,0.820403997048072,0.820355081261032,4.891578704036e-05,0.00047291167111153,0.10343535596275,0.000239347342876731,0.000239994909905804,0.00023955930366693,FALSE
"null",146,0.825769466256047,0.825353648519111,0.000415817736935664,0.000507432844047612,0.819453730308101,0.000230071695291739,0.000231872488820753,0.000230843348010637,FALSE
"null",147,0.842699829862021,0.842584710019869,0.00011511984215129,0.000222589749322752,0.517183933678669,0.000243694056060297,0.000244353057799724,0.000243998783831758,FALSE
"null",148,0.851980735461621,0.852118162684022,-0.00013742722240051,0.000313498566839903,-0.438366349759715,0.000215952513242161,0.000215258954572798,0.000215556593231774,FALSE
"null",149,0.82905398927506,0.8291550639504,-0.000101074675340262,0.00038016401204438,-0.265871234882862,0.0002670418940168,0.000267069901791604,0.000266983635566175,FALSE
"null",150,0.836411013725968,0.836307957354317,0.000103056371650756,0.00040314760553425,0.255629378014501,0.000220215921593304,0.000221107398283078,0.000220580395942267,FALSE
"null",151,0.854691420753442,0.855012929165457,-0.000321508412014615,0.000512900259701099,-0.626843925175588,0.000225018280832101,0.000224159442624744,0.000224457328390222,FALSE
"null",152,0.869273045302697,0.869247302461485,2.57428412125948e-05,0.000420411786562986,0.0612324440831015,0.000200733102920755,0.000201365366951775,0.000200960861901125,FALSE
"null",153,0.846466878802217,0.846607892004928,-0.00014101320271076,0.000563401653958787,-0.250288939906228,0.000213332406809899,0.000213570028807191,0.000213292507096703,FALSE
"null",154,0.82863596230548,0.828704914512671,-6.89522071908311e-05,0.000409702290806509,-0.168298319872942,0.000222910338408059,0.000223202205991949,0.000222972344216458,FALSE
"null",155,0.854931798243375,0.854692658959977,0.000239139283398471,0.00047598682882291,0.502407354400645,0.000241040030622615,0.000241330893175575,0.000241072180168489,FALSE
"null",156,0.834969254259044,0.835986786196204,-0.00101753193716003,0.000698381371340191,-1.45698608083917,0.000239681131704444,0.000239678687383687,0.000239436041274148,FALSE
"null",157,0.83411385702941,0.833896967083276,0.000216889946134224,0.000329330174900105,0.658579026959837,0.000220758317031955,0.000221281835194116,0.000220965846930986,FALSE
"null",158,0.826367971649668,0.826218235442042,0.000149736207625706,0.000661342088147107,0.226412639251835,0.000249489177287544,0.000251054491413132,0.00025005314767156,FALSE
"null",159,0.835822116175454,0.835686249894678,0.000135866280775776,0.000311755027183476,0.435811034077777,0.000239539219918813,0.000239841937026988,0.000239641982874413,FALSE
"null",160,0.833485001048736,0.833959235125233,-0.000474234076496494,0.000422976260482773,-1.12118367105335,0.000233192210508637,0.000232270790474983,0.000232642046033344,FALSE
"null",161,0.852789086211964,0.851588264121111,0.00120082209085393,0.000555871039767725,2.16025301723885,0.000210801852027184,0.000214870770206263,0.000212681814810297,TRUE
"null",162,0.808170731166474,0.807788636702272,0.000382094464202121,0.000522435161425729,0.731372029323949,0.000251291383746068,0.000252174861518688,0.000251596653383431,FALSE
"null",163,0.852930627354715,0.852026578209883,0.00090404914483222,0.000493601867469972,1.83153509824842,0.00020641985481295,0.000208451667367593,0.000207313939688486,FALSE
"null",164,0.847404318920505,0.847530576771599,-0.000126257851093325,0.000361759588625916,-0.349010378889735,0.000205367174890539,0.000205040199754198,0.000205138252322387,FALSE
"null",165,0.845956111660356,0.846813078190178,-0.000856966529822589,0.000656884150538232,-1.3045930992861,0.000240319309547523,0.000238661060611484,0.000239274436685889,FALSE
"null",166,0.842962650078029,0.843030139434241,-6.7489356211814e-05,0.000274838300120015,-0.245560230078352,0.000237757761814193,0.000237879130087899,0.00023778067790544,FALSE
"null",167,0.814712131389583,0.814911318403244,-0.000199187013660507,0.000602350296091003,-0.330683017760837,0.000245430326207622,0.000245010924153978,0.0002450392122412,FALSE
"null",168,0.849077533860627,0.848758357997466,0.000319175863160659,0.000467840310081259,0.682232497463122,0.000221625893730705,0.000223027271151645,0.000222217145163306,FALSE
"null",169,0.829038436845874,0.829749583687698,-0.000711146841824162,0.000690108368945072,-1.03048575242067,0.000253851525541781,0.000254254260827632,0.000253814768404262,FALSE
"null",170,0.832173791497013,0.83227421163833,-0.000100420141317392,0.000281356937459081,-0.356913684888245,0.000249989433065176,0.000250770384086913,0.000250340327712916,FALSE
"null",171,0.82562170278729,0.825739586193928,-0.000117883406637764,0.000809677771326436,-0.145592988732597,0.000248247016295873,0.000247494283676384,0.000247542860939439,FALSE
"null",172,0.816038120941875,0.815618263759254,0.000419857182620165,0.000263172800781412,1.59536692763662,0.000267585445714986,0.00026944266300051,0.000268479424396212,FALSE
"null",173,0.836126118726684,0.836034460929331,9.16577973526511e-05,0.000370988362231171,0.247063807612211,0.000236170110795974,0.000236309567539548,0.000236171022985305,FALSE
"null",174,0.840023366543579,0.839115799398521,0.000907567145058019,0.000627088398374471,1.44727146509264,0.000217148978042299,0.000220475860705275,0.000218615799444099,FALSE
"null",175,0.815548066655226,0.81579728728773,-0.000249220632503988,0.0004232521770278,-0.588823037495254,0.000262716490289481,0.000262845594031703,0.000262691470957913,FALSE
"null",176,0.826744904951768,0.826970402089982,-0.000225497138213959,0.000461307427499364,-0.488821824171193,0.000257439141009578,0.00025803382834406,0.000257630082405486,FALSE
"null",177,0.840141094714454,0.840018940298973,0.000122154415480802,0.000299904584125227,0.407310931365409,0.000209400642303072,0.000210031946063301,0.000209671322803397,FALSE
"null",178,0.815721199367807,0.815418543170712,0.00030265619709513,0.000401099951336003,0.754565529332598,0.000282701344428574,0.000283180332966723,0.000282860398112168,FALSE
"null",179,0.838855612759063,0.839265257731364,-0.000409644972301004,0.000418452354297261,-0.978952485496115,0.000222209903807936,0.000222128864333659,0.000222081832884389,FALSE
"null",180,0.811720048280849,0.810227620449354,0.00149242783149539,0.000942965038387783,1.5826968877309,0.000277127820584783,0.000285138958310586,0.000280688797915874,FALSE
"null",181,0.847979927978588,0.848048036483604,-6.8108505015485e-05,0.000335968678912283,-0.202722781290179,0.000225296402059058,0.000225003869037653,0.00022509369807175,FALSE
"null",182,0.810247852730636,0.809833523601068,0.000414329129567959,0.000390166838153301,1.06192810114007,0.000277851375631511,0.00027810226108237,0.000277900703276144,FALSE
"null",183,0.849302301149147,0.848852160605678,0.000450140543469701,0.000411280382365433,1.09448581252713,0.00021073356307876,0.000211925133422996,0.000211244772474419,FALSE
"null",184,0.852202811166345,0.851614398103278,0.000588413063066562,0.000446954281144284,1.31649497026881,0.000208996708419784,0.000210887899126407,0.000209842419708379,FALSE
"null",185,0.849971353659441,0.850412555995263,-0.000441202335822455,0.000556363984131735,-0.793010238631815,0.000220582167934723,0.00022035624665925,0.000220314436855567,FALSE
"null",186,0.845516593893355,0.846021270493474,-0.000504676600118992,0.000545953699314302,-0.924394505894634,0.000210089645239694,0.000210089082680013,0.000209940331238956,FALSE
"null",187,0.857749031703431,0.857601169507486,0.000147862195944204,0.000603024037130771,0.245201164198598,0.000195252592659972,0.000196138169125137,0.000195513561897876,FALSE
"null",188,0.844711031439836,0.844917043074739,-0.000206011634902858,0.000468008128746362,-0.440188155395281,0.000205273637716765,0.000205449258765672,0.000205251932436932,FALSE
"null",189,0.826244425135494,0.826569917575283,-0.00032549243978941,0.000487752151660651,-0.667331632840993,0.000240812421108773,0.00024040588711227,0.000240490203029797,FALSE
"null",190,0.822784613569078,0.822713208463532,7.14051055451526e-05,0.000544672837171824,0.131097239796129,0.000250482421093169,0.00025088248993001,0.000250534121261813,FALSE
"null",191,0.834530129577353,0.834596156466663,-6.60268893095672e-05,0.000540198888545297,-0.1222269995545,0.000236672293929729,0.00023670470013767,0.000236542589614107,FALSE
"null",192,0.848629660167005,0.848712320718776,-8.26605517709744e-05,0.000431402108241239,-0.191609058444264,0.00023259166566789,0.00023270946165973,0.000232557509774312,FALSE
"null",193,0.845746304087478,0.845545576842613,0.000200727244865195,0.000732884738657459,0.273886512131361,0.000204214997949866,0.00020623121995973,0.000204954548934719,FALSE
"null",194,0.832149303301971,0.831405820776145,0.000743482525826122,0.000733629139373965,1.01343101837608,0.000235090750705573,0.000237740132501071,0.000236146335746252,FALSE
"null",195,0.846977703665525,0.84674789445607,0.000229809209455145,0.000440518327850825,0.521679110552164,0.00021265812947322,0.000213010380186541,0.000212737226631294,FALSE
"null",196,0.824914888150929,0.82434489834966,0.000569989801268767,0.00043335499623672,1.31529532650735,0.000252336884852938,0.000253416455779047,0.000252782772039611,FALSE
"null",197,0.822281065521076,0.822896904813778,-0.00061583929270137,0.000661512551502627,-0.930956323205796,0.000277604753573289,0.000276291498947,0.000276729326832247,FALSE
"null",198,0.837094446746696,0.83789596378209,-0.000801517035393218,0.000490704564743626,-1.63340040623421,0.000234812071224273,0.000234185591051096,0.000234378435652754,FALSE
"null",199,0.837278422387736,0.837206387278353,7.20351093829175e-05,0.000472839464359729,0.152345806161633,0.000229192120196112,0.000230410250635724,0.00022968939683639,FALSE
"null",200,0.850275441655461,0.849863196438246,0.000412245217215723,0.000561969555483077,0.733572153853337,0.000211531693753065,0.000212005243564297,0.000211610563768036,FALSE
"nonexch",1,0.772268582847435,0.69888431536298,0.0733842674844548,0.0101026673148101,7.26385074334541,0.000275003186072438,0.000535865073578648,0.000354402186388677,TRUE
"nonexch",2,0.797717597594784,0.711986039136612,0.0857315584581724,0.0113282641363725,7.56793427714203,0.000281565785335327,0.000641345251779205,0.000397290734385554,TRUE
"nonexch",3,0.759061752649509,0.672635682693286,0.086426069956223,0.0103971584792566,8.31247019352949,0.000305101087341849,0.00060907459829316,0.000403037390596115,TRUE
"nonexch",4,0.737516549628,0.645584844255413,0.0919317053725872,0.0107238773922787,8.57261809415862,0.00030365879636008,0.000593032821932693,0.000390845035984073,TRUE
"nonexch",5,0.750289701446033,0.652814264979958,0.097475436466075,0.0102979375493379,9.46552996646815,0.000334420484218569,0.000664337909936044,0.000446355438192275,TRUE
"nonexch",6,0.790809382003358,0.711720521035706,0.0790888609676522,0.0117449032689315,6.73388781130822,0.000299091738904165,0.000651524437444618,0.000406336711776112,TRUE
"nonexch",7,0.744894514683365,0.633810808472308,0.111083706211057,0.0123658858425167,8.98307712247567,0.000303623335364833,0.000663603030797882,0.000407155616746281,TRUE
"nonexch",8,0.782293967658826,0.685485948148303,0.0968080195105231,0.0106749207990386,9.06873421667371,0.000263439726055505,0.000568957807367341,0.00035922179967855,TRUE
"nonexch",9,0.720711840045089,0.638376772886285,0.0823350671588041,0.00979613707376835,8.40485045674557,0.000308432926207699,0.000586284261928694,0.000399376443284167,TRUE
"nonexch",10,0.769635570909232,0.676397153767524,0.0932384171417079,0.00973608471238652,9.57658236304039,0.00027770088557763,0.000569416811143999,0.000376163175597431,TRUE
"nonexch",11,0.76194851345692,0.649593132040132,0.112355381416789,0.0139211751069532,8.07082595783677,0.000332351821646922,0.000784488759002659,0.000461520732145564,TRUE
"nonexch",12,0.785016187036626,0.681724282964244,0.103291904072381,0.0133726897569,7.72409335370137,0.000309624607729686,0.000769302168797413,0.000450048972596401,TRUE
"nonexch",13,0.815604691393406,0.744695564964214,0.0709091264291917,0.0106001788075973,6.68942738761826,0.000227083255807748,0.000499139247294087,0.0003069293561744,TRUE
"nonexch",14,0.754993014117295,0.632046713731766,0.122946300385528,0.012399170812466,9.91568728627556,0.00030329618232538,0.00069331783026403,0.000421437287876351,TRUE
"nonexch",15,0.790286002156434,0.713221751905646,0.0770642502507879,0.0108783828957944,7.08416416198967,0.000265540940496456,0.000547176677350589,0.000347189201709766,TRUE
"nonexch",16,0.763543198981527,0.650855848811215,0.112687350170313,0.0135698566065621,8.30424030537061,0.000292766294432462,0.000720703896409947,0.000414664591259876,TRUE
"nonexch",17,0.779853128531973,0.692708886142551,0.0871442423894219,0.0107697556928507,8.09157095803673,0.000266109287045482,0.000584277514279673,0.000367199581820732,TRUE
"nonexch",18,0.779407156675281,0.687803670319433,0.0916034863558485,0.0115785131483512,7.91150687330633,0.00026690105124049,0.000606092717823854,0.000369465901168901,TRUE
"nonexch",19,0.817085270290417,0.728561406236639,0.0885238640537782,0.0114405914686993,7.73769995161293,0.000241643369971833,0.000595014034964059,0.000352885135891108,TRUE
"nonexch",20,0.785189745809107,0.698941033045331,0.0862487127637757,0.011453335882984,7.53044472326299,0.00028263966277289,0.000614808682854147,0.000383134721389294,TRUE
"nonexch",21,0.733866048525036,0.61778670366354,0.116079344861497,0.0121539251172787,9.55077012087824,0.000327959153823987,0.00071080127518625,0.00044552126662691,TRUE
"nonexch",22,0.750435534595195,0.655898881398168,0.0945366531970274,0.0109624567443145,8.62367399954008,0.000316568475522532,0.000642375515190819,0.000419384266421193,TRUE
"nonexch",23,0.769999907581692,0.680699275954003,0.0893006316276885,0.0108274218405224,8.24763576620566,0.000293520575727001,0.000625441105839924,0.000400864308927152,TRUE
"nonexch",24,0.741163857301153,0.638754465137703,0.10240939216345,0.0119797153496817,8.54856640363919,0.000338453244348876,0.000719915804344451,0.000457427734416963,TRUE
"nonexch",25,0.786150751975615,0.700566813408573,0.0855839385670422,0.0113981122818061,7.50860637718517,0.000272110340832274,0.000591977241093848,0.000367085309168731,TRUE
"nonexch",26,0.757909178230762,0.658918164050385,0.0989910141803774,0.0113126285995732,8.75048741404909,0.000302594574468825,0.000636513816360429,0.000405566412498686,TRUE
"nonexch",27,0.777340553815097,0.682433982211342,0.0949065716037547,0.0108605608747337,8.73864367581123,0.000315054683221508,0.000672837807394162,0.000434970354050937,TRUE
"nonexch",28,0.791335824088084,0.704829469188633,0.086506354899451,0.0112905234834002,7.66185509703216,0.000322739789709589,0.000710267452864397,0.000452765661022387,TRUE
"nonexch",29,0.748609627797161,0.659872843532402,0.0887367842647587,0.0118000213821742,7.52005283641347,0.000299669700733471,0.000636286841421536,0.000398358018767619,TRUE
"nonexch",30,0.793766498661276,0.711941613091223,0.0818248855700527,0.0107312236500296,7.62493525794956,0.000260094089633508,0.000564430397602784,0.000354682663104668,TRUE
"nonexch",31,0.782595920320039,0.686360660344258,0.0962352599757812,0.0119805245175861,8.03264162888016,0.000304275086775598,0.000681629711179278,0.000421185915119198,TRUE
"nonexch",32,0.719248073930981,0.609893640174544,0.109354433756437,0.0113342605758831,9.64813125870073,0.000313311216952838,0.00062390474911821,0.000404375251634515,TRUE
"nonexch",33,0.771814577971025,0.683031132337263,0.0887834456337618,0.0102912924977316,8.62704520868795,0.000296310675509585,0.000613587085837591,0.000401993530036655,TRUE
"nonexch",34,0.775591951782465,0.696435258334788,0.0791566934476777,0.0108712769154365,7.28126917043941,0.000322135923349684,0.000663684661348995,0.000433817961463288,TRUE
"nonexch",35,0.796827839161618,0.71455339783095,0.0822744413306686,0.0118869744219477,6.92139466362105,0.000259482596722908,0.000607543560867115,0.000362862998340992,TRUE
"nonexch",36,0.755181872750274,0.678193604036527,0.0769882687137468,0.00956132386902453,8.05205113521599,0.000282661131445441,0.000521447796559391,0.000356345006938227,TRUE
"nonexch",37,0.787990800785477,0.699633476966138,0.0883573238193387,0.0111646197188846,7.91404687701857,0.000309075022107829,0.000679096040975113,0.000431761164807817,TRUE
"nonexch",38,0.787930143013471,0.688606311843221,0.0993238311702503,0.0123547698140356,8.03931053878587,0.000257272293196777,0.000636564644205047,0.000370598300122009,TRUE
"nonexch",39,0.769113341537999,0.661936151793539,0.10717718974446,0.0147982686868082,7.2425492476699,0.000306930918954574,0.000748977203419337,0.000418459683123471,TRUE
"nonexch",40,0.753096486079112,0.657830588606243,0.0952658974728692,0.0105366409985888,9.04139160531598,0.000296305207265681,0.000594748406002559,0.000390016404867549,TRUE
"nonexch",41,0.768275474256394,0.668212574589984,0.10006289966641,0.0128839384410982,7.76648383752138,0.00031815975107464,0.000745660089809389,0.00044891198556501,TRUE
"nonexch",42,0.78819611822943,0.688427227229968,0.0997688909994615,0.01093686546262,9.12225640339563,0.000301045779135243,0.000677280426372736,0.000429355589680265,TRUE
"nonexch",43,0.752299109353952,0.679437247543375,0.0728618618105771,0.00985424123293684,7.39395962492205,0.000294749294784013,0.000562307462214679,0.00037997534336089,TRUE
"nonexch",44,0.789050769470615,0.710866020999103,0.0781847484715126,0.0115891598917264,6.74636895184521,0.000274723903280416,0.00061269885125244,0.000376557063768429,TRUE
"nonexch",45,0.752509252666186,0.641973127221413,0.110536125444773,0.0118265532753779,9.34643618229002,0.000289107865985155,0.000641670741013572,0.000395455622311687,TRUE
"nonexch",46,0.787829317146341,0.702626332676179,0.0852029844701618,0.0123842933475131,6.8799229862616,0.000284331297382604,0.000654256364008049,0.000392608469836698,TRUE
"nonexch",47,0.767485036763288,0.688521465809547,0.078963570953741,0.0106244664353981,7.43223873254035,0.000285288873378144,0.000573721795645046,0.000373065690993144,TRUE
"nonexch",48,0.742747413733365,0.630775404361501,0.111972009371864,0.011287332440848,9.92014809155846,0.00032713145316444,0.000688816966502653,0.000444272273018437,TRUE
"nonexch",49,0.755016735319019,0.672131966023233,0.0828847692957865,0.00969846155824361,8.54617701972898,0.000286968434100445,0.00055887974923093,0.000375894013367323,TRUE
"nonexch",50,0.776295242665901,0.70971365086285,0.0665815918030507,0.0124481522875451,5.34871282621343,0.000279429344999417,0.000604267929448615,0.000364370389537058,TRUE
"nonexch",51,0.777600039644038,0.680048903036499,0.0975511366075391,0.0109536994287986,8.90577080753792,0.000263361737416745,0.000591996693490102,0.000367687449865193,TRUE
"nonexch",52,0.785997598387542,0.707357545539341,0.0786400528482007,0.0105494280211786,7.45443759513086,0.000251995255735147,0.000552562238713937,0.000346633531437528,TRUE
"nonexch",53,0.762322457363832,0.676802447818516,0.0855200095453159,0.0105774682632148,8.0851114290485,0.000307497575294039,0.000617202101080179,0.000406408420757451,TRUE
"nonexch",54,0.758063555755534,0.669600251808964,0.0884633039465701,0.0115547430356238,7.65601655301498,0.000304958891074333,0.000647971669478898,0.000409709236966968,TRUE
"nonexch",55,0.771525819659402,0.682836275155713,0.0886895445036889,0.010084090067178,8.79499725933214,0.000308870272326606,0.00060684997030776,0.000407015685075704,TRUE
"nonexch",56,0.763152250609375,0.698813759582107,0.0643384910272682,0.0107072811930963,6.00885414952506,0.000319810869184283,0.000615084883620255,0.000410124941128253,TRUE
"nonexch",57,0.798978176024941,0.71642266169276,0.0825555143321802,0.0122011917973033,6.76618445998256,0.000275915323881549,0.000657953940033217,0.000392500091320092,TRUE
"nonexch",58,0.766664594457428,0.688740254707837,0.0779243397495903,0.00990662192677301,7.86588408496714,0.000319145201303915,0.000637106301843704,0.000429055172573799,TRUE
"nonexch",59,0.77375081813804,0.701075658741422,0.0726751593966184,0.0105938505048783,6.86012695413745,0.000277844629119855,0.000561682710913621,0.000363648835756883,TRUE
"nonexch",60,0.790540472277736,0.695701999506693,0.094838472771043,0.010401609995741,9.11767243819707,0.00027432169214111,0.000610860820584249,0.00038849451111093,TRUE
"nonexch",61,0.771662501754895,0.67455587568706,0.0971066260678349,0.012838519143906,7.56369367676862,0.000314135690721965,0.00072051485547167,0.000434911486192597,TRUE
"nonexch",62,0.754738510846876,0.647564160044353,0.107174350802523,0.0121431589044683,8.8259036751208,0.000332054448770342,0.000741618674778071,0.000463108407684622,TRUE
"nonexch",63,0.770981865955729,0.686731027933655,0.0842508380220734,0.0108172138874183,7.7885894555591,0.000285616184731236,0.00060447456336243,0.000386539315903756,TRUE
"nonexch",64,0.777369372120477,0.689676511990451,0.0876928601300262,0.0121739798053103,7.20330257914298,0.000327497289835776,0.000715493684061798,0.000447392594798736,TRUE
"nonexch",65,0.754605759099576,0.668631219220527,0.0859745398790489,0.0109670583502506,7.83934370852365,0.000290935590632589,0.000586287698721469,0.000378473460248128,TRUE
"nonexch",66,0.763286266287423,0.66288782829266,0.100398437994764,0.011411301638086,8.79815828018054,0.000313268466403035,0.000690897397808358,0.000436974029568005,TRUE
"nonexch",67,0.800655315750068,0.701737088816851,0.0989182269332176,0.0134489954878024,7.35506432602583,0.000281509950988284,0.000732368401546149,0.000416501436451753,TRUE
"nonexch",68,0.775610845971766,0.698917466157858,0.0766933798139082,0.0124503685289811,6.15992849009942,0.000288212373889151,0.000647131901465811,0.000390166299423759,TRUE
"nonexch",69,0.768362049848452,0.695230005915661,0.0731320439327909,0.0102289702613696,7.14950205779551,0.000305137582721664,0.000594217075610963,0.000397361412862322,TRUE
"nonexch",70,0.780399333836539,0.687750614194202,0.092648719642337,0.0113812030078771,8.14050321202539,0.000290043995508325,0.000620642126475957,0.000390577170038885,TRUE
"nonexch",71,0.749204520894827,0.66587951790707,0.0833250029877577,0.00981414301679638,8.49029842393283,0.000320786224703567,0.000589794734259813,0.000407131777904624,TRUE
"nonexch",72,0.741619558182891,0.625863071204979,0.115756486977913,0.0113620348670589,10.1880066671434,0.00031538082381165,0.00062690576290084,0.000406595375196114,TRUE
"nonexch",73,0.745567623807238,0.647230815150137,0.0983368086571009,0.0101846748298613,9.65537047572485,0.000314938444346951,0.000626341085734844,0.000418775964345893,TRUE
"nonexch",74,0.749294313723588,0.661062522398955,0.0882317913246328,0.0109872114958722,8.03040802097791,0.000349682243963087,0.000709351308305282,0.000469157367906672,TRUE
"nonexch",75,0.756699894907856,0.682745455849957,0.0739544390578993,0.0102657346663526,7.20400842818348,0.000315022996234736,0.000600429998615785,0.000405033843305284,TRUE
"nonexch",76,0.747054177585765,0.657563592099532,0.0894905854862328,0.0122834625158818,7.28545272723607,0.000330447712576339,0.000694299419554787,0.000436931840376027,TRUE
"nonexch",77,0.790986145024775,0.699673164243918,0.0913129807808575,0.0115974483552235,7.87354062583343,0.000289768282626478,0.000661679190219468,0.000408473332246935,TRUE
"nonexch",78,0.800625378360616,0.72278899251575,0.0778363858448662,0.0113779300826579,6.84099702488972,0.000257877649644669,0.000590094471017174,0.000359257413847995,TRUE
"nonexch",79,0.7829121267,0.69610777762742,0.0868043490725807,0.0104750299976818,8.2867876361014,0.000272828491252266,0.000572432090008558,0.000367767163904246,TRUE
"nonexch",80,0.77558777171763,0.682704332243783,0.0928834394738474,0.0114199806171358,8.13341480934518,0.00027288625462062,0.000629067230137437,0.00038576876373115,TRUE
"nonexch",81,0.797815555176343,0.719482045933753,0.0783335092425905,0.0123933676501911,6.32059916671498,0.000276016083733305,0.00063058688869178,0.00037650370535614,TRUE
"nonexch",82,0.774229901181869,0.699677846498167,0.0745520546837022,0.00974195221373129,7.652681212973,0.000272266533752812,0.000554361891270989,0.000365861396044588,TRUE
"nonexch",83,0.793195712349149,0.703291731031498,0.0899039813176509,0.0110624818860508,8.12692687262296,0.000253829637490188,0.000586672098496461,0.000359061615253724,TRUE
"nonexch",84,0.751255866740479,0.659352777930967,0.0919030888095111,0.0114810487403652,8.00476427614118,0.000302575297496026,0.000607660716401773,0.000389210766859578,TRUE
"nonexch",85,0.770507974669998,0.687009824962507,0.083498149707491,0.011437373596688,7.30046535610853,0.000321246621109964,0.000704934434187366,0.000447683770253557,TRUE
"nonexch",86,0.785624337591247,0.696301072125406,0.0893232654658408,0.0120981549217166,7.3832138903679,0.000296442370343367,0.000658540542917903,0.000404308780375708,TRUE
"nonexch",87,0.784041355119124,0.699453206699605,0.0845881484195193,0.0103492642182979,8.17334900677904,0.000251326239309345,0.000523945265131121,0.000334082117290162,TRUE
"nonexch",88,0.758901843740147,0.634265844472786,0.12463599926736,0.0128300541403034,9.71437827965496,0.000271176031354967,0.000670402434311465,0.000388484088211658,TRUE
"nonexch",89,0.757539247544627,0.664276848421826,0.0932623991228003,0.011292784365334,8.25858318955351,0.000285870134823828,0.00061977793711572,0.000389060546608808,TRUE
"nonexch",90,0.758640386205674,0.658255102095954,0.10038528410972,0.0111389792446913,9.01207210324611,0.000265520317199333,0.000572737251008842,0.000357090354797256,TRUE
"nonexch",91,0.761285322424124,0.684849494387353,0.0764358280367714,0.0105774022418795,7.22633273169249,0.000300389641384532,0.000591241156960937,0.000389874680079476,TRUE
"nonexch",92,0.775703003056293,0.677370182847239,0.0983328202090537,0.0111637972870185,8.80818754416091,0.000319781976533695,0.000691402039956521,0.000443276823312287,TRUE
"nonexch",93,0.764689229787554,0.679729744309012,0.0849594854785427,0.0113668879083743,7.47429605740642,0.000264446907863401,0.000562193971415204,0.00034871736927853,TRUE
"nonexch",94,0.747010686444964,0.636432744229282,0.110577942215683,0.0108693508808958,10.1733712921198,0.000300066791338196,0.000646577806127342,0.000414250904446754,TRUE
"nonexch",95,0.793935348250964,0.72094211777929,0.0729932304716735,0.0095485198439473,7.64445502178467,0.000261514079442111,0.000522494992691185,0.00034641742046152,TRUE
"nonexch",96,0.756171268660069,0.660168766002241,0.0960025026578273,0.0108975223251799,8.80957155150791,0.000339523954942485,0.000686837943035569,0.00045380295257513,TRUE
"nonexch",97,0.775737018741987,0.698948180142995,0.0767888385989912,0.00938276651831764,8.18402956623498,0.000277428709827118,0.000550097391024737,0.000369744896657296,TRUE
"nonexch",98,0.762504569906832,0.669921136551701,0.0925834333551308,0.0116291356906542,7.96133399918411,0.000316905118447447,0.0006801686071097,0.00043091846432275,TRUE
"nonexch",99,0.778299437427708,0.694376279427173,0.0839231580005352,0.0111607530715395,7.51948882504562,0.000272797967847102,0.000590072624458595,0.000369154091590909,TRUE
"nonexch",100,0.760103230585347,0.676822129865275,0.083281100720072,0.0114205939238254,7.29218649008549,0.000289274145343907,0.000589858894913408,0.000374351537342199,TRUE
"nonexch",101,0.779355426633362,0.695029014548572,0.0843264120847893,0.00941274118033009,8.95875180983486,0.000260770788499418,0.000523275309194157,0.000347723200582847,TRUE
"nonexch",102,0.767030538923017,0.69730035188746,0.0697301870355563,0.00831794931711215,8.38309833075125,0.00030717492154597,0.000534904296831244,0.000386445468767584,TRUE
"nonexch",103,0.80034998126151,0.727695458212863,0.0726545230486468,0.0108865780103675,6.67377048871155,0.000293451967095823,0.000610179342733099,0.000392556864526553,TRUE
"nonexch",104,0.754733900079774,0.652472682755143,0.102261217324631,0.0112294178412618,9.10654664116944,0.000301826971879946,0.000645126235454341,0.000410426691140319,TRUE
"nonexch",105,0.790492360153053,0.693766286564625,0.0967260735884273,0.0132752191384315,7.28621294908855,0.000297803126063638,0.000761582051954735,0.000441576867422498,TRUE
"nonexch",106,0.791874593877838,0.710538986906529,0.0813356069713089,0.0103006754189051,7.89614308417403,0.000282587369092825,0.000592130615183784,0.000384307035095487,TRUE
"nonexch",107,0.752699364531356,0.658078460540052,0.0946209039913043,0.0114427465097187,8.26907280616065,0.000310936303606609,0.000654399474197514,0.000417199665059222,TRUE
"nonexch",108,0.769112089295129,0.675177848850283,0.093934240444846,0.0114049103458754,8.23629801516302,0.000279083366704203,0.000608605885543151,0.000378808636124949,TRUE
"nonexch",109,0.792438051094598,0.696530791972646,0.0959072591219527,0.0130928226784477,7.32517818940809,0.000271262804911961,0.000688961087895595,0.000394400943559141,TRUE
"nonexch",110,0.770176346383816,0.663331168403786,0.106845177980029,0.0130411199688068,8.19294494917564,0.000323529908824299,0.000755839985846504,0.000454649542314995,TRUE
"nonexch",111,0.740628083018873,0.655592032553559,0.0850360504653135,0.00931934518000499,9.1246808464356,0.000296650041834315,0.00054553125588393,0.000377665551567081,TRUE
"nonexch",112,0.750389174465149,0.654665080489392,0.0957240939757567,0.011200309004305,8.54655830825414,0.000276784356745826,0.000590213208756305,0.000370775321855107,TRUE
"nonexch",113,0.791991092434909,0.697074737787033,0.0949163546478756,0.0119075240851211,7.97112430504988,0.000277928092809146,0.000626797891205901,0.000381468427088654,TRUE
"nonexch",114,0.763855931024627,0.66353333805974,0.100322592964888,0.0101268366679875,9.90660719176232,0.00027723388605897,0.000564076497613836,0.000369378781386354,TRUE
"nonexch",115,0.773554333107047,0.675170789168989,0.0983835439380583,0.0129428139734915,7.60140292053647,0.000298016406990594,0.000691773083752257,0.000411136528595222,TRUE
"nonexch",116,0.760167919450845,0.663860740587854,0.0963071788629917,0.0115578035391326,8.3326540840492,0.000274451708749545,0.000624353924940113,0.000382611405520236,TRUE
"nonexch",117,0.735203428487431,0.610976631412785,0.124226797074646,0.0117849442039528,10.5411442705838,0.000302352465337932,0.000645816995960897,0.000404642275704274,TRUE
"nonexch",118,0.755463890780464,0.638260489412652,0.117203401367813,0.011985789074561,9.77853027770769,0.000298043507132889,0.000669613849414788,0.000411999108403906,TRUE
"nonexch",119,0.796215820431813,0.716544696094059,0.0796711243377537,0.0113482451416063,7.02056779207682,0.000291907374768811,0.000625300271877451,0.000394212489426135,TRUE
"nonexch",120,0.767482155840159,0.667606079240082,0.0998760766000769,0.0115017508416752,8.68355418013298,0.000326546610318114,0.000694342162480955,0.000444299250187546,TRUE
"nonexch",121,0.801274910790242,0.712044540764209,0.0892303700260334,0.0108452496394857,8.22759945526391,0.000261117584000064,0.000589753651751216,0.000366625898004258,TRUE
"nonexch",122,0.784353050658093,0.711481915386265,0.0728711352718284,0.00996668456397013,7.31147201500284,0.000274258553692288,0.000538113041619735,0.000356518397057171,TRUE
"nonexch",123,0.761027912940278,0.674194758436507,0.0868331545037709,0.0104323812563683,8.32342610664891,0.000302759150294979,0.000609463726274121,0.000401694148945438,TRUE
"nonexch",124,0.792869154233146,0.720679004694342,0.0721901495388035,0.0108967803358041,6.62490637730894,0.000295442252430377,0.000609765529591203,0.000393233980167406,TRUE
"nonexch",125,0.773572359318206,0.684434198776058,0.0891381605421477,0.0110029301183392,8.10131115834098,0.000295829076003701,0.000613798678051188,0.000394281641432916,TRUE
"nonexch",126,0.74257433787858,0.649307837059457,0.0932665008191228,0.0114504687339461,8.14521247873675,0.000323336981205693,0.000662115442616211,0.000427169594797413,TRUE
"nonexch",127,0.774912541013539,0.70860557038453,0.066306970629009,0.00889626217533989,7.45335167985601,0.00026425831357691,0.000479240719390769,0.000332177776137648,TRUE
"nonexch",128,0.769180113454322,0.657176885525487,0.112003227928835,0.0120420791730724,9.30098750548732,0.00026768138068549,0.000612733760246278,0.000367701735060612,TRUE
"nonexch",129,0.74845396818373,0.668553971884237,0.0798999962994933,0.0105317035170451,7.58661655924693,0.000265819709170705,0.00054012534769203,0.000347514138945898,TRUE
"nonexch",130,0.781647958856077,0.712139479927379,0.0695084789286978,0.0100652363983408,6.90579696073066,0.000276360623060128,0.000559690639097335,0.000367371139201489,TRUE
"nonexch",131,0.760152750280401,0.652325965777986,0.107826784502415,0.0118921021769965,9.06709199917491,0.00027829559034876,0.000613227967216277,0.000375050731688456,TRUE
"nonexch",132,0.782390337725905,0.692783230622348,0.0896071071035568,0.0107583925375643,8.32904235374214,0.000284036220052013,0.000612259289121254,0.000390276249590473,TRUE
"nonexch",133,0.784040264483343,0.701108119093842,0.0829321453895013,0.0113167913284454,7.32823845404366,0.000294122887547287,0.000641228974450478,0.000403641048013094,TRUE
"nonexch",134,0.780462685187508,0.711057219715561,0.0694054654719464,0.00970056750666819,7.15478402930931,0.000258402643289463,0.000526463595302541,0.000345382614320289,TRUE
"nonexch",135,0.782043676014008,0.702566517007075,0.0794771590069332,0.00990036403823336,8.0277006683802,0.000277444316892365,0.000580101309978895,0.000379764209390858,TRUE
"nonexch",136,0.763082559881589,0.662248397925745,0.100834161955843,0.0128514534149544,7.84612904860311,0.000298014034659975,0.000694002736552478,0.000413428458167855,TRUE
"nonexch",137,0.763279183648975,0.684306741848828,0.0789724418001468,0.00962525218107554,8.20471404950996,0.000271061456080422,0.000529889916380536,0.00035415294645583,TRUE
"nonexch",138,0.762650639479411,0.676712447497378,0.085938191982033,0.011130941561312,7.72065790738943,0.000282540315467306,0.000587747011703345,0.000373194733564654,TRUE
"nonexch",139,0.790765185770017,0.703072326916979,0.0876928588530382,0.0118190834489275,7.41959892507534,0.000267434303147011,0.00062750594751118,0.000377624758542739,TRUE
"nonexch",140,0.800784312068831,0.725629039604477,0.0751552724643544,0.0110347780884001,6.81076428200748,0.00028082415480601,0.000596684568342633,0.000377871197844204,TRUE
"nonexch",141,0.780668171263751,0.698786004810755,0.0818821664529957,0.0112318909481167,7.2901497024172,0.00030035531722263,0.00063937599672548,0.000406787969838861,TRUE
"nonexch",142,0.76525139960015,0.66348719637308,0.10176420322707,0.0114707060919625,8.87165989706386,0.000298923768330649,0.000656850423283238,0.00041209854668285,TRUE
"nonexch",143,0.779012116143882,0.678385051228598,0.100627064915285,0.0120116458668587,8.3774585124029,0.000314673617231868,0.000739659174498002,0.000455026577649523,TRUE
"nonexch",144,0.780052843161777,0.689652831744356,0.0904000114174207,0.0112973786310499,8.00185727766651,0.000289624043341511,0.000639496143528683,0.000400744711468445,TRUE
"nonexch",145,0.776640949267487,0.675958538029784,0.100682411237703,0.0130123818211424,7.73743136511068,0.000271576021068833,0.00065355228940748,0.000377903114908558,TRUE
"nonexch",146,0.753757368396978,0.660906263040571,0.0928511053564069,0.0116661270783123,7.95903428216719,0.000314618548479736,0.000668731924849199,0.000423625976160801,TRUE
"nonexch",147,0.764935754886102,0.661277407424935,0.103658347461167,0.0121586025009454,8.52551495561327,0.00028065677119907,0.000642987608071955,0.000387906382247514,TRUE
"nonexch",148,0.75416387427753,0.654125642202218,0.100038232075311,0.00941484897890428,10.6255801128054,0.000282298635852144,0.000553542389450247,0.000373600822003408,TRUE
"nonexch",149,0.741802089581722,0.653418784223562,0.08838330535816,0.00996704031736193,8.86755772465393,0.000333731689198701,0.000642863805821857,0.00043862680116632,TRUE
"nonexch",150,0.775285611908871,0.688977898243911,0.0863077136649595,0.0111095251846464,7.76880309738515,0.000269093334660435,0.000605425172410351,0.000375548478621247,TRUE
"nonexch",151,0.767981544112981,0.675202711449812,0.0927788326631696,0.0112560290183146,8.24259003883248,0.000303459470084083,0.000662827343959266,0.000419794312391104,TRUE
"nonexch",152,0.762193227384658,0.671532720732016,0.0906605066526425,0.010940404254811,8.28676020931993,0.000325459796268392,0.000653820017355382,0.000429793684182543,TRUE
"nonexch",153,0.793169725834847,0.705653247707176,0.0875164781276706,0.0108864100415214,8.03905766858657,0.00026653534190415,0.000606194313877615,0.000377107866094813,TRUE
"nonexch",154,0.741598258531842,0.638200643425201,0.103397615106641,0.0123922401584467,8.34373880626933,0.00033150325165473,0.000727731461455853,0.000452833548482982,TRUE
"nonexch",155,0.763257701763943,0.680310929818425,0.0829467719455177,0.00937273408558453,8.84979464776363,0.00031655799188569,0.00060182816233957,0.000415269004993091,TRUE
"nonexch",156,0.75574010531992,0.644442551357917,0.111297553962003,0.011022790800591,10.0970394862285,0.000297239300133601,0.00064493467033486,0.000410336026717433,TRUE
"nonexch",157,0.785412617708154,0.709734466666876,0.075678151041278,0.00991884211560362,7.62973643085078,0.000275927596655657,0.000537783263910853,0.000357663715826119,TRUE
"nonexch",158,0.768884450815683,0.67487122395444,0.0940132268612426,0.0104202502334129,9.02216595142656,0.000294290235845205,0.000611732186278471,0.000398720403598367,TRUE
"nonexch",159,0.786603086513676,0.704652307811753,0.0819507787019231,0.0112864651024401,7.26097834513358,0.000261310519203126,0.000572437379063169,0.000353181801878848,TRUE
"nonexch",160,0.786845550124512,0.710493963426659,0.0763515866978522,0.0105549047104903,7.23375423957814,0.000269639946729715,0.000546648610078645,0.000352441271680415,TRUE
"nonexch",161,0.790730136365654,0.703337378288225,0.0873927580774292,0.0112992841687175,7.73436235185403,0.000269229771121568,0.000601695184468318,0.000371625566432228,TRUE
"nonexch",162,0.774336478564951,0.682964893804066,0.0913715847608851,0.0121036904593077,7.54906820098167,0.000277142713140577,0.000621975303627346,0.000376309347016593,TRUE
"nonexch",163,0.783770007950444,0.701283736928654,0.08248627102179,0.0115668200894773,7.13128330722724,0.000299516429894716,0.000629881169114215,0.000397803136013298,TRUE
"nonexch",164,0.743497162663056,0.654850142038613,0.0886470206244431,0.00985845024577271,8.9919833659915,0.000291379586701245,0.00056001380673384,0.000377102176093355,TRUE
"nonexch",165,0.763479598373942,0.653142321508587,0.110337276865354,0.0112701224044048,9.79024653913516,0.000273740425158427,0.000590053865647681,0.00036838931589792,TRUE
"nonexch",166,0.758928019356913,0.667821413771575,0.0911066055853378,0.0109030375472734,8.35607556062407,0.000301199911662606,0.00065098900522022,0.000416656344562786,TRUE
"nonexch",167,0.772714641198997,0.683582705426627,0.0891319357723691,0.0115383915979522,7.72481459098577,0.00029227440125999,0.000639961170765346,0.00039955054567882,TRUE
"nonexch",168,0.765240320005192,0.667019874110432,0.0982204458947605,0.01169577301803,8.39794391899927,0.000288624535912892,0.000654566344145046,0.00040319988678433,TRUE
"nonexch",169,0.750676133191457,0.649888295926194,0.100787837265263,0.0136915447203365,7.36131965559441,0.000332396461827798,0.000764946889692026,0.000454942477345424,TRUE
"nonexch",170,0.738061318864428,0.645822238119894,0.092239080744534,0.0100986332712254,9.13381823730105,0.000334995453787919,0.000636040636293352,0.000434526848067285,TRUE
"nonexch",171,0.795541272649044,0.709046383872705,0.0864948887763396,0.0107024559875418,8.0817794417491,0.000278803217875146,0.000620173953256145,0.000392217303483011,TRUE
"nonexch",172,0.791364728846427,0.718637258507023,0.0727274703394039,0.0116056012777973,6.26658357447961,0.000274549458476542,0.000619036854106985,0.000379448165782159,TRUE
"nonexch",173,0.762117210436943,0.682958561321068,0.0791586491158749,0.011426108402357,6.92787485716012,0.000302648070258819,0.000615523920712511,0.000393808018874459,TRUE
"nonexch",174,0.769466007655527,0.668218216674456,0.101247790981071,0.01202835772151,8.41742433383173,0.000304656440136738,0.000681906341846741,0.000420940696253435,TRUE
"nonexch",175,0.806776536993944,0.721402235130882,0.0853743018630622,0.0131148263329254,6.5097546620748,0.000273479694317252,0.000668435650454866,0.000384958337514663,TRUE
"nonexch",176,0.774512808489655,0.701433877234418,0.0730789312552377,0.0113409113346714,6.44383234280483,0.000325015895945629,0.00067052261838387,0.00043346112221431,TRUE
"nonexch",177,0.792496572872738,0.714575157635547,0.0779214152371912,0.0111533243937176,6.98638473037534,0.000313402450736552,0.000661990295678945,0.000425498050692001,TRUE
"nonexch",178,0.744190924138834,0.639097311186373,0.105093612952461,0.00999628255307654,10.5132695473996,0.000307765025016667,0.000597432194771958,0.000402635777453842,TRUE
"nonexch",179,0.759889614626383,0.669416123289189,0.0904734913371941,0.0103484393800064,8.74271839597311,0.000308944577509662,0.00063605140735183,0.000418952893629913,TRUE
"nonexch",180,0.76791618309306,0.665670636508377,0.102245546584683,0.0114465885947515,8.93240337401173,0.000285466471477462,0.000645735650910933,0.000400088865965449,TRUE
"nonexch",181,0.779436753963021,0.672686440969038,0.106750312993983,0.0121708882318963,8.77095500016359,0.000285323080134431,0.000653332830884659,0.000395262695332889,TRUE
"nonexch",182,0.768774009935011,0.673909216169609,0.0948647937654017,0.0117769497149479,8.05512429462057,0.0002791946599176,0.000620975911471184,0.000380737013400186,TRUE
"nonexch",183,0.754596212760905,0.667302958735111,0.0872932540257944,0.00998818677727935,8.73964974547381,0.000306198776124247,0.000571509907744729,0.000388972404385579,TRUE
"nonexch",184,0.736073160418564,0.636216863112975,0.0998562973055884,0.0128225723081802,7.78754019908198,0.000314285351564379,0.000697273467304788,0.00042357022913533,TRUE
"nonexch",185,0.774399453822944,0.692070120229918,0.0823293335930259,0.0106636578424215,7.7205528168307,0.00027126698891266,0.000566245130328594,0.000361899260330508,TRUE
"nonexch",186,0.762576408858284,0.68277051821365,0.0798058906446342,0.0117563267622769,6.78833552846721,0.00031071545025616,0.000655305874097271,0.000413905052706001,TRUE
"nonexch",187,0.736302899624631,0.637604637605298,0.0986982620193337,0.011846702886494,8.33128533440781,0.000336422352328033,0.000707246078668389,0.000451662030857779,TRUE
"nonexch",188,0.738666621676004,0.658180908031978,0.0804857136440256,0.0107021049410702,7.52054984390548,0.000299228928987926,0.00057776606781194,0.000381229973315094,TRUE
"nonexch",189,0.785850392313567,0.704665766666151,0.0811846256474156,0.0118804124542714,6.83348545009709,0.000295377083228973,0.000660470110198828,0.000407351496672097,TRUE
"nonexch",190,0.753113690275533,0.649829466706758,0.103284223568774,0.0122141760112455,8.45609425258665,0.000312949681664717,0.000696149171916502,0.000429956378973767,TRUE
"nonexch",191,0.758390058346939,0.653859846390449,0.10453021195649,0.0115209445964134,9.07305916470002,0.00031677443387938,0.000685032103390521,0.000434537186438137,TRUE
"nonexch",192,0.793382441985607,0.717148764896529,0.0762336770890777,0.0102289285504924,7.45275291666868,0.000254216638652095,0.000529918897898283,0.00033975227862965,TRUE
"nonexch",193,0.785722643443529,0.700663740480314,0.0850589029632149,0.0117451238977963,7.24206093553208,0.00026365283763107,0.000601251880592845,0.000363478391424664,TRUE
"nonexch",194,0.757047245567512,0.671508654102356,0.0855385914651567,0.0113189260885136,7.55712960719489,0.000291305282503808,0.000595459667406731,0.000379323431056653,TRUE
"nonexch",195,0.780636198891824,0.704923428764089,0.0757127701277358,0.0104787014590728,7.22539624050278,0.000303957365279373,0.000604940242439489,0.000399547211725243,TRUE
"nonexch",196,0.779647256928509,0.691015156430778,0.0886321004977307,0.0125033653177991,7.08865959243462,0.000290755600513653,0.000672920557937515,0.000403671007090414,TRUE
"nonexch",197,0.800177243526486,0.709832369675583,0.0903448738509025,0.0115632019262677,7.81313639829026,0.000255966996336409,0.000599196523271986,0.000360727940410377,TRUE
"nonexch",198,0.764224282604418,0.671167467831337,0.0930568147730816,0.012331837730368,7.5460622177928,0.000291788573354051,0.00065996809965872,0.000399841225602322,TRUE
"nonexch",199,0.776918594804201,0.717482408153349,0.059436186650852,0.0092906891500843,6.39739266815452,0.000256111039425248,0.000486802759116937,0.000328298446829345,TRUE
"nonexch",200,0.774359126053334,0.696983715645482,0.0773754104078523,0.0109974763234017,7.03574239511695,0.000289000291401125,0.000604929602148115,0.000386492704032729,TRUE
