"marg","b","kappa_F","kappa_BP","delta","se","z","rej_05"
"uniform",1,0.729425442187431,0.729833333333333,-0.00040789114590245,0.000418563832929523,-0.974501650196638,FALSE
"uniform",2,0.719474740635051,0.719666666666667,-0.000191926031615441,0.000289536793300589,-0.662872685117395,FALSE
"uniform",3,0.735954085349286,0.736,-4.59146507142405e-05,0.000138856467731602,-0.330662672501432,FALSE
"uniform",4,0.724318914562811,0.725,-0.000681085437188589,0.000560952515835234,-1.21415880660502,FALSE
"uniform",5,0.745144160667806,0.745833333333333,-0.000689172665527482,0.000496027907685559,-1.38938284489501,FALSE
"uniform",6,0.715975580467602,0.7165,-0.000524419532397791,0.000457858648059611,-1.14537430846892,FALSE
"uniform",7,0.717893246798339,0.718333333333333,-0.00044008653499461,0.000429132245654883,-1.02552660502827,FALSE
"uniform",8,0.723758827268592,0.724166666666667,-0.000407839398074206,0.00040594141897282,-1.00467549999256,FALSE
"uniform",9,0.726166066438916,0.726333333333333,-0.000167266894416929,0.000261345839947085,-0.640021262442117,FALSE
"uniform",10,0.717735874267199,0.718333333333333,-0.000597459066134509,0.000512551319983963,-1.16565706269804,FALSE
"uniform",11,0.721415786105154,0.721666666666667,-0.000250880561513123,0.000319802419778492,-0.784486126424224,FALSE
"uniform",12,0.740129190375106,0.740333333333333,-0.000204142958227571,0.000284483335020691,-0.717591974984136,FALSE
"uniform",13,0.713107963700374,0.713333333333333,-0.000225369632959826,0.000310594931284358,-0.725606280913499,FALSE
"uniform",14,0.751736924505683,0.751833333333333,-9.64088276502739e-05,0.000195462668842322,-0.493233967495073,FALSE
"uniform",15,0.741297761775577,0.741333333333333,-3.5571557755909e-05,0.000120040737245094,-0.296329051056064,FALSE
"uniform",16,0.699444647722622,0.6995,-5.53522773778514e-05,0.000158883566835627,-0.348382645734005,FALSE
"uniform",17,0.700194923322934,0.700333333333333,-0.00013841001039927,0.000249472647887067,-0.554810363266464,FALSE
"uniform",18,0.720953095375301,0.721833333333333,-0.000880237958032826,0.0005898695707577,-1.4922586308396,FALSE
"uniform",19,0.722783810106353,0.723666666666667,-0.00088285656031406,0.000611939691959025,-1.44271824808052,FALSE
"uniform",20,0.721425982761145,0.722,-0.000574017238854863,0.000480321346866769,-1.19506918149545,FALSE
"uniform",21,0.701575408122334,0.702,-0.00042459187766597,0.000459189164716519,-0.924655698111021,FALSE
"uniform",22,0.737383792328105,0.7375,-0.000116207671894797,0.000219790959761123,-0.528719070252459,FALSE
"uniform",23,0.712779317663126,0.713166666666667,-0.000387349003540427,0.000390804983814062,-0.99115676509571,FALSE
"uniform",24,0.708114013446214,0.708333333333333,-0.000219319887118874,0.000305461082331052,-0.717996169741781,FALSE
"uniform",25,0.74315674966339,0.743166666666667,-9.91700327701572e-06,6.35759744006027e-05,-0.155986650153831,FALSE
"uniform",26,0.724340422850863,0.725333333333333,-0.000992910482470188,0.00063240636517032,-1.57005137385481,FALSE
"uniform",27,0.727519450878554,0.727833333333333,-0.000313882454779701,0.000352253178072412,-0.891070611477002,FALSE
"uniform",28,0.729394539038409,0.7295,-0.000105460961591475,0.000205972619632983,-0.512014469590146,FALSE
"uniform",29,0.706654800185335,0.706833333333333,-0.000178533147998428,0.000279649316187006,-0.638417967305307,FALSE
"uniform",30,0.721875848469025,0.722,-0.000124151530975003,0.000227576796177313,-0.545536860789058,FALSE
"uniform",31,0.709979039217316,0.710166666666667,-0.000187627449350747,0.000289393080179804,-0.648348085013544,FALSE
"uniform",32,0.728213963153809,0.728833333333333,-0.000619370179523959,0.000520386721262571,-1.19021134517275,FALSE
"uniform",33,0.729033817969088,0.729166666666667,-0.000132848697579124,0.000234189051362261,-0.567271171757829,FALSE
"uniform",34,0.751586898459617,0.751666666666667,-7.97682070501349e-05,0.000182752428196467,-0.43648233753907,FALSE
"uniform",35,0.733643924568582,0.733833333333333,-0.000189408764751153,0.000273447153342192,-0.692670457293542,FALSE
"uniform",36,0.718294972533204,0.718666666666667,-0.000371694133463163,0.000386569437227945,-0.96151971073696,FALSE
"uniform",37,0.717731060427018,0.718,-0.000268939572982019,0.000336028237832292,-0.800348133588235,FALSE
"uniform",38,0.726466381499241,0.727,-0.000533618500758726,0.000466447963455473,-1.14400435325229,FALSE
"uniform",39,0.717661498984521,0.717833333333333,-0.000171834348812405,0.000268715295571907,-0.639466199520537,FALSE
"uniform",40,0.75632512855272,0.757333333333333,-0.00100820478061325,0.000641211254317138,-1.57234417491151,FALSE
"uniform",41,0.715305696137614,0.7155,-0.000194303862386169,0.000291863455360354,-0.665735496574139,FALSE
"uniform",42,0.719474235571469,0.720166666666667,-0.000692431095197676,0.000538911950422872,-1.28486869636931,FALSE
"uniform",43,0.714920363804789,0.715333333333333,-0.000412969528543972,0.000426419422755201,-0.968458532858738,FALSE
"uniform",44,0.707385226320195,0.707833333333333,-0.000448107013137911,0.000431011045717906,-1.03966480114571,FALSE
"uniform",45,0.712212612317022,0.7125,-0.00028738768297798,0.000352367674635049,-0.815590372401867,FALSE
"uniform",46,0.717840658349562,0.718,-0.000159341650437517,0.000260544628605779,-0.611571427475524,FALSE
"uniform",47,0.723750126886425,0.724833333333333,-0.00108320644690874,0.000674223146286277,-1.60659931785967,FALSE
"uniform",48,0.727390323305364,0.728666666666667,-0.00127634336130222,0.000751842623969711,-1.69762038039711,FALSE
"uniform",49,0.743289087699825,0.743666666666667,-0.000377578966841541,0.000386851634674017,-0.976030428719037,FALSE
"uniform",50,0.71944281331598,0.719833333333333,-0.000390520017353735,0.000418641343418942,-0.932827164571116,FALSE
"uniform",51,0.71188759779264,0.712166666666667,-0.000279068874026955,0.000348729754011895,-0.800243944821056,FALSE
"uniform",52,0.744010502133246,0.744333333333333,-0.00032283120008747,0.000352997370143089,-0.914542790946598,FALSE
"uniform",53,0.744023018396637,0.745166666666667,-0.00114364827003022,0.000664949231308422,-1.71990313874017,FALSE
"uniform",54,0.71861033202146,0.718833333333333,-0.000223001311873028,0.000315109259479667,-0.707695204645098,FALSE
"uniform",55,0.70276130081129,0.703,-0.000238699188709668,0.000326541629749778,-0.730991600956295,FALSE
"uniform",56,0.729713110249727,0.730166666666667,-0.000453556416939227,0.000436325898818533,-1.03949001919746,FALSE
"uniform",57,0.726193843844178,0.726833333333333,-0.000639489489155043,0.000547140165892821,-1.16878549413664,FALSE
"uniform",58,0.712921611651181,0.713,-7.8388348818681e-05,0.000186930775408666,-0.419344266064853,FALSE
"uniform",59,0.711410710351381,0.711833333333333,-0.000422622981952059,0.000439270808150169,-0.96210122346118,FALSE
"uniform",60,0.740071070582625,0.740166666666667,-9.5596084041194e-05,0.000192820877994927,-0.495776624581644,FALSE
"uniform",61,0.728368334095277,0.7285,-0.000131665904723355,0.000238620515984037,-0.551779482080085,FALSE
"uniform",62,0.74058264426756,0.740666666666667,-8.40223991066535e-05,0.000185334260983868,-0.45335599937438,FALSE
"uniform",63,0.721701282681295,0.7225,-0.000798717318704734,0.000562003220256659,-1.42119704997415,FALSE
"uniform",64,0.695361659852828,0.696166666666667,-0.000805006813838882,0.000608409342191089,-1.32313355172979,FALSE
"uniform",65,0.723528831059765,0.723833333333333,-0.000304502273568819,0.000358650379675921,-0.849022588081376,FALSE
"uniform",66,0.729705258377758,0.7305,-0.000794741622242134,0.000606720144966973,-1.30989819414253,FALSE
"uniform",67,0.709129301454187,0.7095,-0.000370698545813397,0.000413590645467475,-0.896293351592617,FALSE
"uniform",68,0.722086067131395,0.722333333333333,-0.00024726620193849,0.000314761797999605,-0.785566112247204,FALSE
"uniform",69,0.724888073369886,0.7265,-0.00161192663011367,0.000905895940729976,-1.77937283703332,FALSE
"uniform",70,0.720790958531327,0.721666666666667,-0.000875708135339659,0.000589861253560766,-1.48460020056131,FALSE
"uniform",71,0.705347517340224,0.7055,-0.00015248265977641,0.000253106939741803,-0.60244361506626,FALSE
"uniform",72,0.738844249612199,0.739,-0.000155750387800802,0.000254004154249288,-0.613180474394694,FALSE
"uniform",73,0.723397467483335,0.724,-0.000602532516665422,0.000540051055290553,-1.1156954713129,FALSE
"uniform",74,0.731534803998411,0.732166666666667,-0.000631862668255878,0.00052163372931893,-1.21131482253049,FALSE
"uniform",75,0.742374324589404,0.743166666666667,-0.000792342077262864,0.000564197831054453,-1.40436923655311,FALSE
"uniform",76,0.737996152044612,0.7385,-0.000503847955387604,0.00044543551210033,-1.13113557787938,FALSE
"uniform",77,0.709948193524566,0.71,-5.18064754343461e-05,0.000152955348566875,-0.338703261571108,FALSE
"uniform",78,0.715103593767842,0.715166666666667,-6.30728988242346e-05,0.000161964818439479,-0.389423452771646,FALSE
"uniform",79,0.719218968838205,0.719833333333333,-0.000614364495128195,0.000510188246678729,-1.20419178436125,FALSE
"uniform",80,0.717571998819737,0.718166666666667,-0.00059466784692952,0.000525467907263379,-1.13169203810473,FALSE
"uniform",81,0.705417901759129,0.7065,-0.00108209824087147,0.000708365516516026,-1.52759869818844,FALSE
"uniform",82,0.716958788621421,0.717166666666667,-0.000207878045245913,0.000291869168644939,-0.712230230452324,FALSE
"uniform",83,0.72279790870321,0.7235,-0.000702091296790108,0.000549654946108875,-1.27733099057939,FALSE
"uniform",84,0.732527986193413,0.733,-0.000472013806587013,0.000426490227596651,-1.10674002836336,FALSE
"uniform",85,0.723860444344273,0.724333333333333,-0.000472888989060394,0.000472974061474273,-0.999820133024602,FALSE
"uniform",86,0.712085010776667,0.712166666666667,-8.16558899991993e-05,0.000187907966031419,-0.4345525723244,FALSE
"uniform",87,0.744651094092178,0.745,-0.000348905907822439,0.00038469357132782,-0.906970986331134,FALSE
"uniform",88,0.729484969439038,0.73,-0.000515030560962471,0.000472248218662417,-1.09059291408495,FALSE
"uniform",89,0.728375877953787,0.728666666666667,-0.000290788712879464,0.000344046755092466,-0.8452011494813,FALSE
"uniform",90,0.714872218348674,0.715333333333333,-0.000461114984659394,0.000426536760681461,-1.08106739480717,FALSE
"uniform",91,0.73412740910526,0.7345,-0.000372590894739844,0.000408070308706172,-0.91305563475368,FALSE
"uniform",92,0.717725737984345,0.718333333333333,-0.000607595348988688,0.000515089646081646,-1.17959146259441,FALSE
"uniform",93,0.736099677872462,0.7365,-0.000400322127538488,0.000421558849116676,-0.949623352415239,FALSE
"uniform",94,0.734712885800254,0.735666666666667,-0.000953780866413179,0.000656094570872039,-1.45372467439484,FALSE
"uniform",95,0.714802025072404,0.715,-0.000197974927595768,0.000295204451933355,-0.670636659776602,FALSE
"uniform",96,0.724327972951212,0.724666666666667,-0.000338693715454697,0.000371098151503829,-0.912679608028718,FALSE
"uniform",97,0.727673492802859,0.727833333333333,-0.000159840530474353,0.000260916343411985,-0.612612182066212,FALSE
"uniform",98,0.716217344128203,0.716666666666667,-0.000449322538463748,0.000443581928791072,-1.01294148679213,FALSE
"uniform",99,0.719635800257126,0.721166666666667,-0.00153086640954059,0.00078384506426695,-1.95302168671847,FALSE
"uniform",100,0.74570526768064,0.745833333333333,-0.000128065652692966,0.00023148314805942,-0.553239636520288,FALSE
"uniform",101,0.726944157321188,0.727833333333333,-0.000889176012145443,0.000637202501466538,-1.3954371021755,FALSE
"uniform",102,0.716869943808032,0.717333333333333,-0.000463389525300895,0.000455225386053111,-1.01793427936559,FALSE
"uniform",103,0.721093396179992,0.721333333333333,-0.000239937153341807,0.00032227187217371,-0.744517825038347,FALSE
"uniform",104,0.745459268744505,0.746333333333333,-0.000874064588827883,0.00057595263448667,-1.51759803930216,FALSE
"uniform",105,0.709623617056763,0.709833333333333,-0.000209716276570182,0.000313693382247694,-0.668539052585397,FALSE
"uniform",106,0.737882338294079,0.738,-0.000117661705921313,0.000214928867599017,-0.547444869717681,FALSE
"uniform",107,0.702527845957362,0.702833333333333,-0.000305487375971136,0.000375306480058594,-0.813967762889259,FALSE
"uniform",108,0.750174696679496,0.750833333333333,-0.000658636653837474,0.000524178786019614,-1.25651146403477,FALSE
"uniform",109,0.730740513604829,0.730833333333333,-9.28197285046117e-05,0.000198201577967091,-0.468309735253587,FALSE
"uniform",110,0.723239845454727,0.7235,-0.000260154545272617,0.000333883964223237,-0.779176519836324,FALSE
"uniform",111,0.728250600738447,0.728333333333333,-8.27325948863367e-05,0.000191668937048648,-0.43164320812891,FALSE
"uniform",112,0.723279199931196,0.723833333333333,-0.000554133402137724,0.000490705166495026,-1.1292593597409,FALSE
"uniform",113,0.703195363018431,0.7035,-0.000304636981568573,0.00036660318989502,-0.830971988148299,FALSE
"uniform",114,0.749608903017129,0.75,-0.000391096982870764,0.000372931658435871,-1.04870952632737,FALSE
"uniform",115,0.722339033767631,0.7225,-0.000160966232368609,0.000255137814578972,-0.630899157908972,FALSE
"uniform",116,0.7248902617822,0.725,-0.000109738217800359,0.000224269512116982,-0.489314025631438,FALSE
"uniform",117,0.752606132804817,0.753333333333333,-0.000727200528516603,0.00052358814134004,-1.388878912833,FALSE
"uniform",118,0.721371289014898,0.7215,-0.000128710985102254,0.000234026651157188,-0.549984305060208,FALSE
"uniform",119,0.71195785665125,0.713666666666667,-0.00170881001541645,0.000929697178780041,-1.83802861234748,FALSE
"uniform",120,0.741499940061585,0.741833333333333,-0.000333393271748417,0.000356169679389441,-0.936051806318638,FALSE
"uniform",121,0.71962102108016,0.72,-0.000378978919839956,0.000411780091187126,-0.920342988771977,FALSE
"uniform",122,0.726047725720917,0.726166666666667,-0.00011894094574938,0.000221065604040422,-0.538034608620665,FALSE
"uniform",123,0.732565769367421,0.733833333333333,-0.0012675639659121,0.000722198608214194,-1.75514595499768,FALSE
"uniform",124,0.743902815428451,0.744166666666667,-0.000263851238215596,0.000324897431205078,-0.812106261465177,FALSE
"uniform",125,0.729348029475448,0.73,-0.000651970524552459,0.000494641559640672,-1.31806661176242,FALSE
"uniform",126,0.720346074513755,0.720666666666667,-0.000320592152911692,0.000370633628323826,-0.864983985294467,FALSE
"uniform",127,0.704533460501776,0.704666666666667,-0.000133206164890431,0.00024710959813354,-0.539057025289831,FALSE
"uniform",128,0.720127185531099,0.721,-0.000872814468900751,0.000650916703775255,-1.34090040067878,FALSE
"uniform",129,0.724784482578991,0.724833333333333,-4.88507543422445e-05,0.000144667040621593,-0.337677152531404,FALSE
"uniform",130,0.711082916087474,0.7115,-0.000417083912525928,0.000429208308002901,-0.971751722296832,FALSE
"uniform",131,0.719175501946643,0.719833333333333,-0.000657831386690066,0.000488122635441215,-1.34767646268945,FALSE
"uniform",132,0.698957107364182,0.699166666666667,-0.000209559302484896,0.000310387765532389,-0.675153230107031,FALSE
"uniform",133,0.708052888389558,0.708166666666667,-0.000113778277108234,0.000225237104204296,-0.505148907459911,FALSE
"uniform",134,0.732530777442206,0.732666666666667,-0.000135889224460617,0.000236124694497223,-0.575497724835448,FALSE
"uniform",135,0.728544935746453,0.729,-0.000455064253547355,0.000446224764291444,-1.01980949952418,FALSE
"uniform",136,0.69601810425583,0.6965,-0.000481895744170013,0.000489298837389152,-0.984869996301971,FALSE
"uniform",137,0.722536524487723,0.722833333333333,-0.000296808845610452,0.000355355267250339,-0.835245381072002,FALSE
"uniform",138,0.703531025790458,0.704666666666667,-0.00113564087620832,0.00071946125267249,-1.57846009356293,FALSE
"uniform",139,0.713462349403033,0.713666666666667,-0.000204317263634013,0.000302623548690851,-0.675153220950217,FALSE
"uniform",140,0.709754177913461,0.71,-0.000245822086539338,0.00034010568364683,-0.722781471639864,FALSE
"uniform",141,0.71534652433437,0.7155,-0.000153475665629732,0.000266564055208456,-0.575755292699582,FALSE
"uniform",142,0.724956326018435,0.725833333333333,-0.000877007314898481,0.000610012066272732,-1.43768847107752,FALSE
"uniform",143,0.723087785400545,0.7235,-0.000412214599455174,0.000419333746907412,-0.983022717573431,FALSE
"uniform",144,0.738652771167916,0.739,-0.000347228832084379,0.000383781516043924,-0.90475652830721,FALSE
"uniform",145,0.740928827391747,0.741,-7.11726082527342e-05,0.000167632505551136,-0.424575221963876,FALSE
"uniform",146,0.717363313758126,0.7175,-0.00013668624187424,0.000236168928439329,-0.578764712096129,FALSE
"uniform",147,0.712838351364143,0.714,-0.00116164863585655,0.000695520534977206,-1.67018596495446,FALSE
"uniform",148,0.73002583014139,0.730166666666667,-0.000140836525276189,0.000240025313189478,-0.586756969107717,FALSE
"uniform",149,0.720429423086265,0.721833333333333,-0.00140391024706843,0.000777302558313168,-1.80613100015401,FALSE
"uniform",150,0.703812805243153,0.704166666666667,-0.000353861423513568,0.000413645087171632,-0.85547111397637,FALSE
"uniform",151,0.740908798951846,0.741166666666667,-0.000257867714821058,0.000334601518483558,-0.77067108359142,FALSE
"uniform",152,0.719471621519073,0.719666666666667,-0.000195045147593831,0.000297339729653571,-0.655967326737928,FALSE
"uniform",153,0.75273930558593,0.752833333333333,-9.40277474036355e-05,0.000195394027436672,-0.481221195126399,FALSE
"uniform",154,0.72126485593541,0.7215,-0.00023514406459002,0.000317915371895775,-0.73964358246606,FALSE
"uniform",155,0.70028712060205,0.7005,-0.000212879397950227,0.000320429624453689,-0.66435616966806,FALSE
"uniform",156,0.724140464602897,0.724666666666667,-0.000526202063769965,0.000494694074310669,-1.06369186755107,FALSE
"uniform",157,0.709832105632231,0.71,-0.000167894367768984,0.000272145606923449,-0.616928451158905,FALSE
"uniform",158,0.733068574800136,0.733833333333333,-0.000764758533197574,0.000546036704443122,-1.40056250243748,FALSE
"uniform",159,0.729047974626663,0.729166666666667,-0.00011869204000392,0.00022510126944631,-0.527282854938453,FALSE
"uniform",160,0.753310337153666,0.753666666666667,-0.000356329513000242,0.000388615935737757,-0.916919457571337,FALSE
"uniform",161,0.702170768210982,0.702333333333333,-0.000162565122351577,0.000264368069880273,-0.614919655105094,FALSE
"uniform",162,0.728025315379187,0.728166666666667,-0.000141351287479274,0.000245984116573157,-0.574635831973467,FALSE
"uniform",163,0.741062683643487,0.7415,-0.000437316356513229,0.000426238384637119,-1.02599008506834,FALSE
"uniform",164,0.727012649025758,0.727333333333333,-0.000320684307575037,0.000374998205522578,-0.855162245718342,FALSE
"uniform",165,0.708893357989116,0.709333333333333,-0.000439975344217025,0.000421299024739372,-1.0443303173778,FALSE
"uniform",166,0.739544514957383,0.740333333333333,-0.000788818375949907,0.000524063275489697,-1.50519682038932,FALSE
"uniform",167,0.732162897246507,0.7325,-0.000337102753493412,0.000369952140750302,-0.911206386884889,FALSE
"uniform",168,0.707836063569003,0.708,-0.000163936430997325,0.000259964983815386,-0.630609663622022,FALSE
"uniform",169,0.733030883207543,0.733166666666667,-0.000135783459124239,0.000232416111837167,-0.584225672010943,FALSE
"uniform",170,0.738370856947999,0.7385,-0.000129143052001068,0.000234576761322335,-0.550536426852663,FALSE
"uniform",171,0.72790267077977,0.7285,-0.000597329220229814,0.000509566422411599,-1.17223033928112,FALSE
"uniform",172,0.72358578644913,0.724333333333333,-0.000747546884203087,0.00056845369166932,-1.31505326670998,FALSE
"uniform",173,0.71935991382365,0.7195,-0.000140086176349752,0.000245535093231924,-0.570534234051144,FALSE
"uniform",174,0.744909173976506,0.745333333333333,-0.000424159356826936,0.00041014513356415,-1.03416893708089,FALSE
"uniform",175,0.736517066912436,0.736666666666667,-0.000149599754230789,0.000251025114203076,-0.595955327839289,FALSE
"uniform",176,0.706298697734778,0.707166666666667,-0.000867968931888896,0.000625044981350264,-1.3886503496338,FALSE
"uniform",177,0.742618456095138,0.743333333333333,-0.000714877238195855,0.000556908000487318,-1.2836541000853,FALSE
"uniform",178,0.707768053430967,0.708666666666667,-0.00089861323569973,0.000641019308567603,-1.40185049606031,FALSE
"uniform",179,0.734729462775624,0.7355,-0.000770537224376477,0.000512234032412312,-1.50426792368268,FALSE
"uniform",180,0.716571082854719,0.716833333333333,-0.000262250478614168,0.000334316199704132,-0.784438441350608,FALSE
"uniform",181,0.701117267992904,0.701166666666667,-4.9398673762302e-05,0.000147893471252452,-0.334015243160933,FALSE
"uniform",182,0.702439197964666,0.702666666666667,-0.000227468702000411,0.000321022944859353,-0.708574591451928,FALSE
"uniform",183,0.735270528426843,0.735666666666667,-0.00039613823982354,0.000401445376811323,-0.986779927496147,FALSE
"uniform",184,0.722402239489033,0.723,-0.000597760510967049,0.000528490132364659,-1.13107222701103,FALSE
"uniform",185,0.69784896844358,0.698333333333333,-0.000484364889753341,0.000456030921654585,-1.06213168176393,FALSE
"uniform",186,0.734610380536536,0.735166666666667,-0.000556286130131034,0.000479871586017955,-1.15923956812525,FALSE
"uniform",187,0.74638009414451,0.7465,-0.000119905855490487,0.000221801727418705,-0.540599286064783,FALSE
"uniform",188,0.715042722724772,0.7155,-0.000457277275227597,0.000447666480399039,-1.02146864965184,FALSE
"uniform",189,0.727123931353761,0.727833333333333,-0.000709401979572255,0.000535257676084275,-1.32534667183467,FALSE
"uniform",190,0.741682157104367,0.742333333333333,-0.000651176228966044,0.00051369078992726,-1.26764240616082,FALSE
"uniform",191,0.717715755448194,0.718,-0.000284244551805646,0.000347806543970014,-0.81724900446425,FALSE
"uniform",192,0.709699619745431,0.71,-0.00030038025456891,0.00035585992739194,-0.844096880394389,FALSE
"uniform",193,0.745455546940918,0.745833333333333,-0.000377786392415147,0.000396478468072822,-0.952854752116722,FALSE
"uniform",194,0.761269113426386,0.761666666666667,-0.000397553240280235,0.000397068212445635,-1.00122152269912,FALSE
"uniform",195,0.739832278876211,0.740166666666667,-0.00033438779045547,0.000371562173966506,-0.899951108816618,FALSE
"uniform",196,0.722733901563862,0.723,-0.000266098436138007,0.000329109059566428,-0.808541814341325,FALSE
"uniform",197,0.756361983791953,0.756666666666667,-0.000304682874713524,0.000356935770016204,-0.853607008061121,FALSE
"uniform",198,0.703631103047988,0.704,-0.000368896952011699,0.00042670649527523,-0.864521529661171,FALSE
"uniform",199,0.711601354113054,0.712666666666667,-0.00106531255361242,0.000684629704044215,-1.55604197030811,FALSE
"uniform",200,0.722064395652913,0.722666666666667,-0.000602271013753319,0.000480586904660332,-1.25319896966188,FALSE
"skewed",1,0.710418964581473,0.724333333333333,-0.0139143687518601,0.00231905054138434,-6.00002824585016,TRUE
"skewed",2,0.697985029894103,0.716166666666667,-0.018181636772564,0.00258033112912746,-7.0462416886441,TRUE
"skewed",3,0.697150655629098,0.714166666666667,-0.0170160110375686,0.00238987808230056,-7.12003309440309,TRUE
"skewed",4,0.726501671817815,0.7405,-0.0139983281821846,0.0023105864241033,-6.05834433897756,TRUE
"skewed",5,0.714112617587466,0.7305,-0.0163873824125336,0.00255337126816439,-6.41793953619381,TRUE
"skewed",6,0.710125585554325,0.7285,-0.0183744144456753,0.00285556976917483,-6.43458781642199,TRUE
"skewed",7,0.710166660097506,0.728333333333333,-0.0181666732358273,0.00267311253368885,-6.79607499006321,TRUE
"skewed",8,0.716530711981544,0.733666666666667,-0.0171359546851224,0.00245601824851377,-6.97712840508902,TRUE
"skewed",9,0.704104799383959,0.7275,-0.0233952006160412,0.00306362953370752,-7.63643265565759,TRUE
"skewed",10,0.698737892995432,0.720166666666667,-0.0214287736712349,0.0026831731332226,-7.98635518741126,TRUE
"skewed",11,0.7160233849762,0.7355,-0.0194766150238004,0.00255001251140936,-7.63785077000894,TRUE
"skewed",12,0.680952117510379,0.698833333333333,-0.0178812158229545,0.00278117955117689,-6.42936405000818,TRUE
"skewed",13,0.686847972956843,0.7085,-0.0216520270431574,0.00291364534690675,-7.43125002023466,TRUE
"skewed",14,0.716850403539734,0.740666666666667,-0.0238162631269329,0.00287629922643889,-8.28017575779814,TRUE
"skewed",15,0.704339136747928,0.725,-0.0206608632520724,0.0025244510146974,-8.18429952959453,TRUE
"skewed",16,0.696825632557939,0.7125,-0.0156743674420609,0.00226549172096182,-6.91874849818752,TRUE
"skewed",17,0.697464968171915,0.719,-0.021535031828085,0.00269260498891794,-7.99784295012363,TRUE
"skewed",18,0.72148623360137,0.7455,-0.0240137663986304,0.00302430790116912,-7.94025184715727,TRUE
"skewed",19,0.733529327867299,0.749333333333333,-0.0158040054660349,0.00262071179690429,-6.03042481996811,TRUE
"skewed",20,0.711180664590661,0.7275,-0.0163193354093389,0.00243425334316917,-6.7040414898199,TRUE
"skewed",21,0.704874716772066,0.723,-0.0181252832279344,0.00257893726764347,-7.02819857440601,TRUE
"skewed",22,0.697034298457093,0.716166666666667,-0.0191323682095739,0.0023546229125258,-8.12544892339071,TRUE
"skewed",23,0.71035894780813,0.7265,-0.0161410521918703,0.00238103429456793,-6.7790086974784,TRUE
"skewed",24,0.707748552960482,0.7245,-0.0167514470395176,0.00249831647989768,-6.70509408007573,TRUE
"skewed",25,0.72081803108119,0.738833333333333,-0.0180153022521431,0.00236682120246465,-7.61160252974884,TRUE
"skewed",26,0.730393791996956,0.749666666666667,-0.0192728746697111,0.00267686239752765,-7.19980029138272,TRUE
"skewed",27,0.735320510411881,0.7515,-0.0161794895881195,0.00230584269273448,-7.01673606751224,TRUE
"skewed",28,0.711171608949777,0.728666666666667,-0.0174950577168896,0.00226305167953376,-7.73073716128921,TRUE
"skewed",29,0.692668144951617,0.714333333333333,-0.0216651883817163,0.00308595516658656,-7.02057781535452,TRUE
"skewed",30,0.730468027656795,0.751,-0.0205319723432053,0.00266928699952499,-7.69193134603321,TRUE
"skewed",31,0.719463341787755,0.737,-0.0175366582122455,0.00244019664302594,-7.18657582878213,TRUE
"skewed",32,0.719965388052388,0.736333333333333,-0.0163679452809457,0.00231307055798734,-7.07628447581289,TRUE
"skewed",33,0.705230583480983,0.726833333333333,-0.0216027498523504,0.00266150357085294,-8.11674652212747,TRUE
"skewed",34,0.707461168952784,0.727,-0.0195388310472164,0.00243915660570208,-8.01048649420048,TRUE
"skewed",35,0.713878074314901,0.733,-0.0191219256850986,0.0026208000143075,-7.29621702560593,TRUE
"skewed",36,0.701283426970241,0.716666666666667,-0.0153832396964259,0.00231336630115451,-6.64972066410266,TRUE
"skewed",37,0.698214540134105,0.718166666666667,-0.0199521265325615,0.00267997923609719,-7.44488101393556,TRUE
"skewed",38,0.695580873052896,0.718666666666667,-0.0230857936137708,0.00298927772283069,-7.72286677729956,TRUE
"skewed",39,0.741555864738614,0.7595,-0.0179441352613859,0.00258223863929252,-6.94906155780484,TRUE
"skewed",40,0.700585009455914,0.720166666666667,-0.0195816572107524,0.00280891609344569,-6.97125031838585,TRUE
"skewed",41,0.718046863840649,0.735166666666667,-0.0171198028260179,0.00229824982367157,-7.44906086783382,TRUE
"skewed",42,0.704421400559789,0.725166666666667,-0.0207452661068779,0.00287615965311652,-7.21283538081724,TRUE
"skewed",43,0.708301798126661,0.7255,-0.0171982018733389,0.00244860516739553,-7.02367294749764,TRUE
"skewed",44,0.700556360658542,0.716,-0.0154436393414583,0.00222604012363394,-6.93771831760473,TRUE
"skewed",45,0.709854575704775,0.7295,-0.019645424295225,0.00287441655880077,-6.83457804161176,TRUE
"skewed",46,0.708774209340831,0.729666666666667,-0.0208924573258359,0.00292474485806618,-7.14334355293126,TRUE
"skewed",47,0.672584400465658,0.6875,-0.0149155995343422,0.00239978042327928,-6.21540178828534,TRUE
"skewed",48,0.711067614830533,0.734333333333333,-0.0232657185028001,0.00324732060978044,-7.16458930255525,TRUE
"skewed",49,0.704604104633877,0.7255,-0.0208958953661227,0.00312263279578388,-6.69175555778954,TRUE
"skewed",50,0.700000713859098,0.719833333333333,-0.0198326194742349,0.00275062548813415,-7.21022166041516,TRUE
"skewed",51,0.708769079921098,0.726,-0.0172309200789016,0.00267528061394917,-6.44078979567897,TRUE
"skewed",52,0.708206729518789,0.722333333333333,-0.0141266038145441,0.00225986336783906,-6.25108757263159,TRUE
"skewed",53,0.716536892450887,0.74,-0.0234631075491132,0.00298463564826184,-7.86129709426254,TRUE
"skewed",54,0.715815496949109,0.732833333333333,-0.0170178363842245,0.00225667366082865,-7.54111535026979,TRUE
"skewed",55,0.693942484522854,0.715833333333333,-0.0218908488104794,0.00279136159752784,-7.84235508214592,TRUE
"skewed",56,0.686808542910222,0.706333333333333,-0.0195247904231116,0.00258276307509708,-7.55965214593977,TRUE
"skewed",57,0.693669284571865,0.714833333333333,-0.0211640487614683,0.00281587446104336,-7.51597738260904,TRUE
"skewed",58,0.730257947554336,0.749,-0.0187420524456642,0.00255648795059458,-7.33117182942529,TRUE
"skewed",59,0.713113468329191,0.725666666666667,-0.0125531983374756,0.00224579543372311,-5.58964460830911,TRUE
"skewed",60,0.714427698030054,0.731666666666667,-0.017238968636613,0.00263938345946258,-6.53143770178932,TRUE
"skewed",61,0.706870076379804,0.726333333333333,-0.0194632569535296,0.00286631464699221,-6.79034207704779,TRUE
"skewed",62,0.693332675762073,0.715,-0.0216673242379273,0.00313005026809593,-6.92235663394247,TRUE
"skewed",63,0.708650702682559,0.727666666666667,-0.0190159639841075,0.00262281621794569,-7.2502083272162,TRUE
"skewed",64,0.695004927641475,0.714166666666667,-0.0191617390251915,0.0024572835034142,-7.79793580942849,TRUE
"skewed",65,0.691183594380752,0.711,-0.0198164056192476,0.00277179521560872,-7.14930363818224,TRUE
"skewed",66,0.704824289257815,0.726333333333333,-0.021509044075518,0.00277103202148195,-7.76210592615778,TRUE
"skewed",67,0.70964482210375,0.729666666666667,-0.0200218445629163,0.00271862590407011,-7.36469277841472,TRUE
"skewed",68,0.728772037271972,0.746833333333333,-0.0180612960613616,0.00225849408972102,-7.99705261287297,TRUE
"skewed",69,0.711713738563613,0.732333333333333,-0.0206195947697205,0.00275365126067265,-7.48809228830365,TRUE
"skewed",70,0.692767092414383,0.711,-0.0182329075856171,0.00263524346381124,-6.91887024330104,TRUE
"skewed",71,0.712784140353174,0.731833333333333,-0.0190491929801595,0.00265570773985732,-7.1729252034273,TRUE
"skewed",72,0.688182487487085,0.706,-0.017817512512915,0.00242442634865407,-7.34916633900074,TRUE
"skewed",73,0.722761524349844,0.7365,-0.0137384756501558,0.00227377230723849,-6.04215101328298,TRUE
"skewed",74,0.725778576186912,0.740666666666667,-0.0148880904797544,0.00238213512952569,-6.24989333947599,TRUE
"skewed",75,0.71107215935778,0.729166666666667,-0.0180945073088867,0.00248130501293148,-7.29233496671551,TRUE
"skewed",76,0.723978038406282,0.739666666666667,-0.0156886282603843,0.00245272143663813,-6.39641666029887,TRUE
"skewed",77,0.713312846099294,0.730833333333333,-0.0175204872340391,0.00253085743253724,-6.922747606717,TRUE
"skewed",78,0.721819431685421,0.74,-0.0181805683145795,0.00242663399714803,-7.49209330123402,TRUE
"skewed",79,0.709387680444378,0.731666666666667,-0.0222789862222885,0.0029301161532872,-7.60344814225008,TRUE
"skewed",80,0.722541892754198,0.736333333333333,-0.0137914405791348,0.00221134732794529,-6.23666866115934,TRUE
"skewed",81,0.712683360039237,0.731833333333333,-0.0191499732940958,0.00252005106875725,-7.5990417541576,TRUE
"skewed",82,0.68370223277279,0.706166666666667,-0.0224644338938763,0.00296521028035045,-7.57600027314803,TRUE
"skewed",83,0.700616779871072,0.723,-0.0223832201289282,0.00270066721033302,-8.2880334323636,TRUE
"skewed",84,0.723093619164029,0.740166666666667,-0.0170730475026374,0.00240480986948362,-7.09954151439982,TRUE
"skewed",85,0.698929736283758,0.719,-0.0200702637162417,0.00253688001199927,-7.91139652695859,TRUE
"skewed",86,0.704314251953439,0.719666666666667,-0.0153524147132276,0.00268214664509049,-5.72392816079958,TRUE
"skewed",87,0.68884533672969,0.708666666666667,-0.0198213299369768,0.002730438521731,-7.25939433509414,TRUE
"skewed",88,0.690450589320635,0.712833333333333,-0.0223827440126981,0.00283933642405201,-7.88308980334067,TRUE
"skewed",89,0.706792780064481,0.721333333333333,-0.0145405532688523,0.0022672945858325,-6.41317337398982,TRUE
"skewed",90,0.698216751554965,0.717833333333333,-0.0196165817783682,0.00255763334470901,-7.66981780987067,TRUE
"skewed",91,0.717412349820256,0.732666666666667,-0.0152543168464111,0.00223544313989665,-6.82384471077013,TRUE
"skewed",92,0.728206730287473,0.743833333333333,-0.0156266030458608,0.00234541873646068,-6.66260689527957,TRUE
"skewed",93,0.683528411571152,0.704166666666667,-0.0206382550955144,0.00274615121461237,-7.51533818884319,TRUE
"skewed",94,0.712765547863007,0.732666666666667,-0.0199011188036594,0.00268788377300793,-7.40401017466194,TRUE
"skewed",95,0.686507068285945,0.706666666666667,-0.0201595983807219,0.0028105599539824,-7.17280496086088,TRUE
"skewed",96,0.699172363727633,0.721666666666667,-0.0224943029390339,0.00294285245733572,-7.64370734352032,TRUE
"skewed",97,0.727774803828126,0.745166666666667,-0.0173918628385408,0.00237666638902728,-7.31775520486865,TRUE
"skewed",98,0.715282083120925,0.733,-0.0177179168790745,0.00239031088690204,-7.41239015232777,TRUE
"skewed",99,0.714943213966663,0.731166666666667,-0.0162234527000035,0.00227796676256454,-7.12190053279752,TRUE
"skewed",100,0.704624621899215,0.725166666666667,-0.0205420447674514,0.00279008885333854,-7.36250558575272,TRUE
"skewed",101,0.717332191528316,0.734833333333333,-0.0175011418050173,0.00271504189969323,-6.44599326698961,TRUE
"skewed",102,0.69716809567074,0.715666666666667,-0.0184985709959262,0.00280222531606723,-6.6013860091336,TRUE
"skewed",103,0.710788458829148,0.728,-0.0172115411708518,0.00232948848109538,-7.38854959383982,TRUE
"skewed",104,0.705044545147012,0.725833333333333,-0.0207887881863218,0.00279714195224147,-7.43215344135925,TRUE
"skewed",105,0.723260767132867,0.7375,-0.0142392328671327,0.0021818536938579,-6.52620884123318,TRUE
"skewed",106,0.713453516776606,0.730333333333333,-0.0168798165567274,0.00244628698734693,-6.90017836992793,TRUE
"skewed",107,0.690234201989221,0.712666666666667,-0.0224324646774455,0.00283489139248695,-7.91298909612418,TRUE
"skewed",108,0.705892162842113,0.725666666666667,-0.0197745038245534,0.00235910518504486,-8.38220523184403,TRUE
"skewed",109,0.71801849466932,0.733666666666667,-0.0156481719973465,0.00253385644185413,-6.17563479085502,TRUE
"skewed",110,0.699366604449068,0.716166666666667,-0.0168000622175983,0.00246209860847358,-6.82347252858968,TRUE
"skewed",111,0.725692816869714,0.743,-0.0173071831302861,0.00236405998507582,-7.32095769123685,TRUE
"skewed",112,0.724244206086904,0.739333333333333,-0.0150891272464297,0.00224204976186704,-6.73005903038674,TRUE
"skewed",113,0.75008680020957,0.766666666666667,-0.0165798664570966,0.00233938865330379,-7.08726462945,TRUE
"skewed",114,0.707181094401018,0.725833333333333,-0.0186522389323156,0.00264465213938666,-7.05281373475506,TRUE
"skewed",115,0.70198835690442,0.717666666666667,-0.0156783097622465,0.00236564668829995,-6.62749422379451,TRUE
"skewed",116,0.705986119013768,0.728,-0.0220138809862316,0.002697323360593,-8.16138002133785,TRUE
"skewed",117,0.690081993889828,0.713,-0.0229180061101721,0.00294231911631091,-7.78909601719437,TRUE
"skewed",118,0.676920756090436,0.700166666666667,-0.0232459105762309,0.00315576246245023,-7.3661788087124,TRUE
"skewed",119,0.699761895493724,0.719333333333333,-0.019571437839609,0.00271904022939429,-7.19792139448002,TRUE
"skewed",120,0.705685846554612,0.731166666666667,-0.0254808201120551,0.00320662327482964,-7.9463092256788,TRUE
"skewed",121,0.731716614329019,0.753666666666667,-0.0219500523376475,0.00288362575088167,-7.61196293622229,TRUE
"skewed",122,0.695728697961983,0.715666666666667,-0.0199379687046839,0.00242672115347183,-8.21601141777634,TRUE
"skewed",123,0.715312999426399,0.734333333333333,-0.0190203339069341,0.00244045951768435,-7.79375104118989,TRUE
"skewed",124,0.698216856014755,0.714333333333333,-0.0161164773185787,0.00254014043690907,-6.34471901017795,TRUE
"skewed",125,0.720954654692361,0.735166666666667,-0.0142120119743059,0.00209047365797736,-6.79846498905742,TRUE
"skewed",126,0.691281005582609,0.711333333333333,-0.0200523277507243,0.00270430791054486,-7.41495732513838,TRUE
"skewed",127,0.700639964833099,0.721166666666667,-0.0205267018335679,0.00295379733914093,-6.94925869204614,TRUE
"skewed",128,0.720943650918969,0.738833333333333,-0.0178896824143647,0.00231986575269917,-7.71151623474332,TRUE
"skewed",129,0.718590649518654,0.735333333333333,-0.0167426838146798,0.00233775604745822,-7.16186097898609,TRUE
"skewed",130,0.702227438138549,0.720333333333333,-0.0181058951947844,0.0024500577894256,-7.38998699252285,TRUE
"skewed",131,0.707401895539748,0.726,-0.0185981044602522,0.00244568521607264,-7.60445552764867,TRUE
"skewed",132,0.740297626035697,0.756666666666667,-0.0163690406309701,0.00243800182536408,-6.71412156491132,TRUE
"skewed",133,0.715816735099168,0.732166666666667,-0.0163499315674986,0.00220300349637957,-7.42165484274912,TRUE
"skewed",134,0.704345364131695,0.727333333333333,-0.0229879692016381,0.00280430340297306,-8.19739018868887,TRUE
"skewed",135,0.688479805184171,0.708333333333333,-0.0198535281491626,0.00269436140577861,-7.36854681283019,TRUE
"skewed",136,0.713694559694655,0.730666666666667,-0.0169721069720119,0.00230562669468299,-7.36116866236467,TRUE
"skewed",137,0.723910029025751,0.740166666666667,-0.0162566376409153,0.00221649236295393,-7.33439821973943,TRUE
"skewed",138,0.707891741794056,0.722166666666667,-0.0142749248726102,0.00212299274122077,-6.72396310898443,TRUE
"skewed",139,0.695597008946135,0.717166666666667,-0.0215696577205313,0.00298318295797897,-7.23041731746288,TRUE
"skewed",140,0.70134289288307,0.719333333333333,-0.0179904404502637,0.00257672330859302,-6.98190620245022,TRUE
"skewed",141,0.698590693401635,0.717833333333333,-0.0192426399316987,0.0028505267759121,-6.75055575492412,TRUE
"skewed",142,0.684132242579947,0.708,-0.0238677574200528,0.00334499514830139,-7.13536383817266,TRUE
"skewed",143,0.692428465030279,0.713333333333333,-0.0209048683030546,0.00303926549186016,-6.87826330376289,TRUE
"skewed",144,0.713993203475232,0.732666666666667,-0.0186734631914345,0.00252138520583204,-7.40603345662621,TRUE
"skewed",145,0.727261601580484,0.74,-0.012738398419516,0.00195125179846198,-6.52832116775325,TRUE
"skewed",146,0.707315654310095,0.731666666666667,-0.0243510123565716,0.00315473545051763,-7.71887619057757,TRUE
"skewed",147,0.714334051169627,0.729833333333333,-0.0154992821637067,0.00245147971880034,-6.3224190862535,TRUE
"skewed",148,0.70201901907996,0.724,-0.0219809809200402,0.00292215870126306,-7.52217219090093,TRUE
"skewed",149,0.706587844021884,0.726166666666667,-0.0195788226447831,0.00303984238814532,-6.44073611221947,TRUE
"skewed",150,0.715625552154417,0.735333333333333,-0.0197077811789164,0.00268455550805699,-7.34117105039126,TRUE
"skewed",151,0.691738959457603,0.710833333333333,-0.0190943738757308,0.00261294529999802,-7.30760566466708,TRUE
"skewed",152,0.701381620728604,0.719833333333333,-0.0184517126047293,0.00270108857535013,-6.8312134496876,TRUE
"skewed",153,0.694542486537226,0.711833333333333,-0.0172908467961068,0.00242868368912557,-7.11943135021106,TRUE
"skewed",154,0.707928538174559,0.728666666666667,-0.0207381284921073,0.00301949837902939,-6.86807074848423,TRUE
"skewed",155,0.717513367192421,0.7365,-0.0189866328075795,0.00259905799602804,-7.3051978203624,TRUE
"skewed",156,0.70620667526875,0.726833333333333,-0.020626658064583,0.00303751318831678,-6.7906398378514,TRUE
"skewed",157,0.708819675291984,0.728166666666667,-0.0193469913746829,0.00269409601770316,-7.18125532555336,TRUE
"skewed",158,0.725345357379061,0.741833333333333,-0.0164879759542726,0.00238869160703136,-6.90251345369934,TRUE
"skewed",159,0.731151516819332,0.750333333333333,-0.0191818165140011,0.00240957984231438,-7.96064781799351,TRUE
"skewed",160,0.724268239438404,0.743,-0.0187317605615963,0.00257711110537769,-7.26851105585184,TRUE
"skewed",161,0.727202129859537,0.738,-0.0107978701404625,0.00200544087274046,-5.38428745880057,TRUE
"skewed",162,0.700931033371873,0.7215,-0.0205689666281272,0.00282493121257691,-7.28122742831821,TRUE
"skewed",163,0.700407560121076,0.720666666666667,-0.0202591065455904,0.00269140361305194,-7.52733868950163,TRUE
"skewed",164,0.688916767992675,0.709333333333333,-0.0204165653406585,0.00264415870943363,-7.72138422244392,TRUE
"skewed",165,0.723341243347686,0.746166666666667,-0.0228254233189806,0.00298935633221096,-7.63556457724086,TRUE
"skewed",166,0.716906786278686,0.737166666666667,-0.0202598803879812,0.0025663207740662,-7.89452378389958,TRUE
"skewed",167,0.72154009295543,0.737333333333333,-0.0157932403779038,0.00247632324032969,-6.37769743492819,TRUE
"skewed",168,0.720743811984208,0.74,-0.0192561880157922,0.00268487048634132,-7.17211057805348,TRUE
"skewed",169,0.722382797512058,0.741333333333333,-0.0189505358212749,0.00258723564666023,-7.32462690274752,TRUE
"skewed",170,0.729007058963229,0.7515,-0.0224929410367707,0.00256194810044115,-8.77962400288186,TRUE
"skewed",171,0.717207510786915,0.737,-0.0197924892130854,0.00288187729691587,-6.86791531140725,TRUE
"skewed",172,0.692731228110106,0.709,-0.0162687718898937,0.00247308104361106,-6.57834159212953,TRUE
"skewed",173,0.709953848397872,0.731,-0.0210461516021276,0.00282589738048261,-7.44759938824577,TRUE
"skewed",174,0.699160835695806,0.716666666666667,-0.017505830970861,0.00256618205972499,-6.8217416237167,TRUE
"skewed",175,0.712757314189334,0.729833333333333,-0.0170760191439995,0.00239012025363053,-7.14441841077303,TRUE
"skewed",176,0.704436814509294,0.722,-0.0175631854907063,0.00243955495212442,-7.19933997609355,TRUE
"skewed",177,0.703175928163806,0.723333333333333,-0.020157405169527,0.00273765350161532,-7.36302280680641,TRUE
"skewed",178,0.718135822858843,0.734,-0.0158641771411567,0.00229738250978587,-6.90532685505444,TRUE
"skewed",179,0.696313594413316,0.717333333333333,-0.0210197389200173,0.0027759924995476,-7.57197251917751,TRUE
"skewed",180,0.688814614187748,0.706,-0.0171853858122515,0.00258393731907507,-6.65085243569417,TRUE
"skewed",181,0.710907056079177,0.732,-0.0210929439208231,0.00295365628145038,-7.14129943057066,TRUE
"skewed",182,0.697048388305249,0.720333333333333,-0.023284945028084,0.0024140657097425,-9.64553074678637,TRUE
"skewed",183,0.72365046246398,0.736833333333333,-0.0131828708693537,0.00213867859077333,-6.16402620114452,TRUE
"skewed",184,0.718301356004428,0.733,-0.0146986439955723,0.00227886700924638,-6.44997884296599,TRUE
"skewed",185,0.720136818076278,0.735833333333333,-0.0156965152570557,0.0023926268870428,-6.56036899947071,TRUE
"skewed",186,0.72084867407526,0.736,-0.0151513259247402,0.00248035842458627,-6.10852277419038,TRUE
"skewed",187,0.682497053777614,0.7005,-0.0180029462223864,0.00260872266703829,-6.90105791997634,TRUE
"skewed",188,0.713461924648167,0.7285,-0.015038075351833,0.00230037780025476,-6.5372198210953,TRUE
"skewed",189,0.695098232914301,0.7115,-0.0164017670856986,0.00252189396838348,-6.50374967834673,TRUE
"skewed",190,0.687657737317472,0.709166666666667,-0.0215089293491946,0.0027673301072687,-7.77244799696971,TRUE
"skewed",191,0.714931044372224,0.733833333333333,-0.0189022889611098,0.0024460541025053,-7.72766593418751,TRUE
"skewed",192,0.696658082449969,0.715666666666667,-0.0190085842166976,0.00263665314210524,-7.20936095580634,TRUE
"skewed",193,0.694438620455647,0.717833333333333,-0.0233947128776866,0.00335212481573285,-6.97906974343137,TRUE
"skewed",194,0.705393207908395,0.729166666666667,-0.0237734587582722,0.00317342965898223,-7.49140876369597,TRUE
"skewed",195,0.71190239232112,0.724833333333333,-0.0129309410122135,0.00209974149666375,-6.15834903142089,TRUE
"skewed",196,0.731862583658028,0.744666666666667,-0.0128040830086387,0.00205287895685896,-6.23713491039421,TRUE
"skewed",197,0.714510860738326,0.736333333333333,-0.0218224725950076,0.00275743409474931,-7.91405047053048,TRUE
"skewed",198,0.714818130706601,0.729333333333333,-0.0145152026267328,0.00202147939084758,-7.18048509049937,TRUE
"skewed",199,0.716348913125403,0.731333333333333,-0.0149844202079308,0.00225116813199553,-6.65628657182879,TRUE
"skewed",200,0.688724792755392,0.706166666666667,-0.0174418739112749,0.00274717286903839,-6.34902670590958,TRUE
