"target","R","n","coefficient","method","source","reps","valid_reps","coverage","miss_below","miss_above","mean_length","median_length","mean_estimate","bias","zero_disagreement_rate","item_disagreement_rate","mean_loss_units_item","mean_chance_disagreement"
0.8,2,10,"Conger","delta2_fisher","Moss 2024 Fisher transform; second-order delta variance",500,500,0.786,0.026,0.188,0.775771219975585,0.835992626566628,0.787858066225835,-0.0121419337741655,0.178,0.157,0.7844,0.231485
0.8,2,10,"Conger","hurdle_empbern_chance","Wilson hurdle probability; empirical Bernstein severity interval",500,500,1,0,0,1.96971947653136,1.98771392213981,0.787858066225835,-0.0121419337741655,0.178,0.157,0.7844,0.231485
0.8,2,10,"Conger","hurdle_empbern_plug","Wilson hurdle probability; empirical Bernstein severity interval",500,500,0.99,0.01,0,1.71987443316752,1.88367843888313,0.787858066225835,-0.0121419337741655,0.178,0.157,0.7844,0.231485
0.8,2,10,"Conger","hurdle_t_chance","Wilson hurdle probability; t severity interval",500,500,0.996,0,0.004,1.83387615508654,1.98484821317863,0.787858066225835,-0.0121419337741655,0.178,0.157,0.7844,0.231485
0.8,2,10,"Conger","hurdle_t_plug","Wilson hurdle probability; t severity interval",500,500,0.922,0.01,0.068,1.49830370409343,1.6868080467072,0.787858066225835,-0.0121419337741655,0.178,0.157,0.7844,0.231485
0.8,2,10,"Conger","item_empbern_chance","item-level empirical Bernstein mean interval",500,500,1,0,0,2,2,0.787858066225835,-0.0121419337741655,0.178,0.157,0.7844,0.231485
0.8,2,10,"Conger","item_empbern_plug","item-level empirical Bernstein mean interval",500,500,1,0,0,2,2,0.787858066225835,-0.0121419337741655,0.178,0.157,0.7844,0.231485
0.8,2,10,"Conger","item_t_chance","item-level t interval for bounded mean loss",500,500,0.776,0,0.224,1.07366832822974,1.00272425340769,0.787858066225835,-0.0121419337741655,0.178,0.157,0.7844,0.231485
0.8,2,10,"Conger","item_t_plug","item-level t interval for bounded mean loss",500,500,0.628,0,0.372,0.564899824994046,0.380278115118336,0.787858066225835,-0.0121419337741655,0.178,0.157,0.7844,0.231485
0.8,2,10,"Conger","moss_fisher","Moss 2024 Fisher transform",500,500,0.736,0.042,0.222,0.670223494830966,0.684318110620971,0.787858066225835,-0.0121419337741655,0.178,0.157,0.7844,0.231485
0.8,2,20,"Conger","delta2_fisher","Moss 2024 Fisher transform; second-order delta variance",500,500,0.866,0.03,0.104,0.625308462580207,0.6735221524434,0.783909017175625,-0.0160909828243749,0.03,0.1582,0.8033,0.237959375
0.8,2,20,"Conger","hurdle_empbern_chance","Wilson hurdle probability; empirical Bernstein severity interval",500,500,1,0,0,1.87028314866225,1.97640793366719,0.783909017175625,-0.0160909828243749,0.03,0.1582,0.8033,0.237959375
0.8,2,20,"Conger","hurdle_empbern_plug","Wilson hurdle probability; empirical Bernstein severity interval",500,500,1,0,0,1.49186655407008,1.51447873884074,0.783909017175625,-0.0160909828243749,0.03,0.1582,0.8033,0.237959375
0.8,2,20,"Conger","hurdle_t_chance","Wilson hurdle probability; t severity interval",500,500,0.976,0,0.024,1.58889580509491,1.86389553855991,0.783909017175625,-0.0160909828243749,0.03,0.1582,0.8033,0.237959375
0.8,2,20,"Conger","hurdle_t_plug","Wilson hurdle probability; t severity interval",500,500,0.956,0,0.044,1.12364153744694,1.15098722619746,0.783909017175625,-0.0160909828243749,0.03,0.1582,0.8033,0.237959375
0.8,2,20,"Conger","item_empbern_chance","item-level empirical Bernstein mean interval",500,500,1,0,0,1.99957521654911,2,0.783909017175625,-0.0160909828243749,0.03,0.1582,0.8033,0.237959375
0.8,2,20,"Conger","item_empbern_plug","item-level empirical Bernstein mean interval",500,500,1,0,0,1.97043349410737,2,0.783909017175625,-0.0160909828243749,0.03,0.1582,0.8033,0.237959375
0.8,2,20,"Conger","item_t_chance","item-level t interval for bounded mean loss",500,500,0.896,0,0.104,0.825088958081857,0.745401194448385,0.783909017175625,-0.0160909828243749,0.03,0.1582,0.8033,0.237959375
0.8,2,20,"Conger","item_t_plug","item-level t interval for bounded mean loss",500,500,0.768,0,0.232,0.498809007437104,0.464100743888257,0.783909017175625,-0.0160909828243749,0.03,0.1582,0.8033,0.237959375
0.8,2,20,"Conger","moss_fisher","Moss 2024 Fisher transform",500,500,0.852,0.038,0.11,0.589527636583319,0.629319675538077,0.783909017175625,-0.0160909828243749,0.03,0.1582,0.8033,0.237959375
0.8,2,40,"Conger","delta2_fisher","Moss 2024 Fisher transform; second-order delta variance",500,500,0.904,0.042,0.054,0.441178485670793,0.458994509707919,0.788853746331454,-0.011146253668546,0,0.16335,0.8207,0.2442265625
0.8,2,40,"Conger","hurdle_empbern_chance","Wilson hurdle probability; empirical Bernstein severity interval",500,500,1,0,0,1.62779271972424,1.67561651001994,0.788853746331454,-0.011146253668546,0,0.16335,0.8207,0.2442265625
0.8,2,40,"Conger","hurdle_empbern_plug","Wilson hurdle probability; empirical Bernstein severity interval",500,500,1,0,0,1.24199507884484,1.22179300516925,0.788853746331454,-0.011146253668546,0,0.16335,0.8207,0.2442265625
0.8,2,40,"Conger","hurdle_t_chance","Wilson hurdle probability; t severity interval",500,500,0.992,0,0.008,0.983591534656571,0.995654967990227,0.788853746331454,-0.011146253668546,0,0.16335,0.8207,0.2442265625
0.8,2,40,"Conger","hurdle_t_plug","Wilson hurdle probability; t severity interval",500,500,0.988,0,0.012,0.705725189052593,0.720951533705181,0.788853746331454,-0.011146253668546,0,0.16335,0.8207,0.2442265625
0.8,2,40,"Conger","item_empbern_chance","item-level empirical Bernstein mean interval",500,500,1,0,0,1.79731693036289,1.90358679577133,0.788853746331454,-0.011146253668546,0,0.16335,0.8207,0.2442265625
0.8,2,40,"Conger","item_empbern_plug","item-level empirical Bernstein mean interval",500,500,1,0,0,1.40489233528599,1.39105701532363,0.788853746331454,-0.011146253668546,0,0.16335,0.8207,0.2442265625
0.8,2,40,"Conger","item_t_chance","item-level t interval for bounded mean loss",500,500,0.938,0,0.062,0.550771044813844,0.542715363936873,0.788853746331454,-0.011146253668546,0,0.16335,0.8207,0.2442265625
0.8,2,40,"Conger","item_t_plug","item-level t interval for bounded mean loss",500,500,0.876,0,0.124,0.394975367681913,0.39308383230431,0.788853746331454,-0.011146253668546,0,0.16335,0.8207,0.2442265625
0.8,2,40,"Conger","moss_fisher","Moss 2024 Fisher transform",500,500,0.898,0.044,0.058,0.429670736225155,0.446168147873628,0.788853746331454,-0.011146253668546,0,0.16335,0.8207,0.2442265625
0.8,5,10,"Conger","delta2_fisher","Moss 2024 Fisher transform; second-order delta variance",500,500,0.908,0.046,0.046,0.661983032663079,0.666341100670026,0.776552373863132,-0.0234476261368683,0.004,0.363,7.8948,0.2295075
0.8,5,10,"Conger","hurdle_empbern_chance","Wilson hurdle probability; empirical Bernstein severity interval",500,500,1,0,0,1.98222251962523,1.98630767846691,0.776552373863132,-0.0234476261368683,0.004,0.363,7.8948,0.2295075
0.8,5,10,"Conger","hurdle_empbern_plug","Wilson hurdle probability; empirical Bernstein severity interval",500,500,0.998,0.002,0,1.92903732629922,1.97355782073781,0.776552373863132,-0.0234476261368683,0.004,0.363,7.8948,0.2295075
0.8,5,10,"Conger","hurdle_t_chance","Wilson hurdle probability; t severity interval",500,500,0.98,0,0.02,1.67653379023232,1.9759148160206,0.776552373863132,-0.0234476261368683,0.004,0.363,7.8948,0.2295075
0.8,5,10,"Conger","hurdle_t_plug","Wilson hurdle probability; t severity interval",500,500,0.948,0.002,0.05,1.06197755866038,1.02140269171676,0.776552373863132,-0.0234476261368683,0.004,0.363,7.8948,0.2295075
0.8,5,10,"Conger","item_empbern_chance","item-level empirical Bernstein mean interval",500,500,1,0,0,2,2,0.776552373863132,-0.0234476261368683,0.004,0.363,7.8948,0.2295075
0.8,5,10,"Conger","item_empbern_plug","item-level empirical Bernstein mean interval",500,500,1,0,0,2,2,0.776552373863132,-0.0234476261368683,0.004,0.363,7.8948,0.2295075
0.8,5,10,"Conger","item_t_chance","item-level t interval for bounded mean loss",500,500,0.952,0,0.048,1.18578044636081,1.15652970797136,0.776552373863132,-0.0234476261368683,0.004,0.363,7.8948,0.2295075
0.8,5,10,"Conger","item_t_plug","item-level t interval for bounded mean loss",500,500,0.834,0,0.166,0.503885348192916,0.481605926277811,0.776552373863132,-0.0234476261368683,0.004,0.363,7.8948,0.2295075
0.8,5,10,"Conger","moss_fisher","Moss 2024 Fisher transform",500,500,0.866,0.064,0.07,0.570565443746945,0.577956086078566,0.776552373863132,-0.0234476261368683,0.004,0.363,7.8948,0.2295075
0.8,5,20,"Conger","delta2_fisher","Moss 2024 Fisher transform; second-order delta variance",500,500,0.95,0.032,0.018,0.41091492670694,0.412846603886731,0.784981059653975,-0.0150189403460246,0,0.3634,8.1596,0.2401861875
0.8,5,20,"Conger","hurdle_empbern_chance","Wilson hurdle probability; empirical Bernstein severity interval",500,500,1,0,0,1.97915390470617,1.98443665817897,0.784981059653975,-0.0150189403460246,0,0.3634,8.1596,0.2401861875
0.8,5,20,"Conger","hurdle_empbern_plug","Wilson hurdle probability; empirical Bernstein severity interval",500,500,1,0,0,1.91051502276381,1.97410125944582,0.784981059653975,-0.0150189403460246,0,0.3634,8.1596,0.2401861875
0.8,5,20,"Conger","hurdle_t_chance","Wilson hurdle probability; t severity interval",500,500,0.998,0,0.002,0.976224817272719,0.925457026969286,0.784981059653975,-0.0150189403460246,0,0.3634,8.1596,0.2401861875
0.8,5,20,"Conger","hurdle_t_plug","Wilson hurdle probability; t severity interval",500,500,0.99,0,0.01,0.580780738984648,0.570512924328057,0.784981059653975,-0.0150189403460246,0,0.3634,8.1596,0.2401861875
0.8,5,20,"Conger","item_empbern_chance","item-level empirical Bernstein mean interval",500,500,1,0,0,2,2,0.784981059653975,-0.0150189403460246,0,0.3634,8.1596,0.2401861875
0.8,5,20,"Conger","item_empbern_plug","item-level empirical Bernstein mean interval",500,500,1,0,0,1.97192783539176,2,0.784981059653975,-0.0150189403460246,0,0.3634,8.1596,0.2401861875
0.8,5,20,"Conger","item_t_chance","item-level t interval for bounded mean loss",500,500,0.984,0,0.016,0.637038461526842,0.610059960665846,0.784981059653975,-0.0150189403460246,0,0.3634,8.1596,0.2401861875
0.8,5,20,"Conger","item_t_plug","item-level t interval for bounded mean loss",500,500,0.898,0.002,0.1,0.373021690247443,0.369524886514537,0.784981059653975,-0.0150189403460246,0,0.3634,8.1596,0.2401861875
0.8,5,20,"Conger","moss_fisher","Moss 2024 Fisher transform",500,500,0.94,0.036,0.024,0.389110941888371,0.391138030905622,0.784981059653975,-0.0150189403460246,0,0.3634,8.1596,0.2401861875
0.8,5,40,"Conger","delta2_fisher","Moss 2024 Fisher transform; second-order delta variance",500,500,0.948,0.038,0.014,0.269143796447623,0.269648714116699,0.793600983571723,-0.00639901642827745,0,0.3591,8.0129,0.244256359375
0.8,5,40,"Conger","hurdle_empbern_chance","Wilson hurdle probability; empirical Bernstein severity interval",500,500,1,0,0,1.95439379874854,1.97973087794406,0.793600983571723,-0.00639901642827745,0,0.3591,8.0129,0.244256359375
0.8,5,40,"Conger","hurdle_empbern_plug","Wilson hurdle probability; empirical Bernstein severity interval",500,500,1,0,0,1.73093211352138,1.74579688104004,0.793600983571723,-0.00639901642827745,0,0.3591,8.0129,0.244256359375
0.8,5,40,"Conger","hurdle_t_chance","Wilson hurdle probability; t severity interval",500,500,0.996,0,0.004,0.542951538831933,0.53200065258136,0.793600983571723,-0.00639901642827745,0,0.3591,8.0129,0.244256359375
0.8,5,40,"Conger","hurdle_t_plug","Wilson hurdle probability; t severity interval",500,500,0.994,0,0.006,0.376636441443624,0.376610512135512,0.793600983571723,-0.00639901642827745,0,0.3591,8.0129,0.244256359375
0.8,5,40,"Conger","item_empbern_chance","item-level empirical Bernstein mean interval",500,500,1,0,0,1.71238045269978,1.71573342400131,0.793600983571723,-0.00639901642827745,0,0.3591,8.0129,0.244256359375
0.8,5,40,"Conger","item_empbern_plug","item-level empirical Bernstein mean interval",500,500,1,0,0,1.29963761621419,1.28939367176211,0.793600983571723,-0.00639901642827745,0,0.3591,8.0129,0.244256359375
0.8,5,40,"Conger","item_t_chance","item-level t interval for bounded mean loss",500,500,0.994,0,0.006,0.390177505480763,0.377005105637682,0.793600983571723,-0.00639901642827745,0,0.3591,8.0129,0.244256359375
0.8,5,40,"Conger","item_t_plug","item-level t interval for bounded mean loss",500,500,0.936,0.008,0.056,0.259344237029045,0.257263074498054,0.793600983571723,-0.00639901642827745,0,0.3591,8.0129,0.244256359375
0.8,5,40,"Conger","moss_fisher","Moss 2024 Fisher transform",500,500,0.946,0.04,0.014,0.262836634842671,0.263043223344958,0.793600983571723,-0.00639901642827745,0,0.3591,8.0129,0.244256359375
0.8,2,10,"Fleiss","delta2_fisher","Moss 2024 Fisher transform; second-order delta variance",500,500,0.796,0.016,0.188,0.807158526834163,0.866356047554676,0.783473318494953,-0.0165266815050471,0.178,0.157,0.7844,0.22914375
0.8,2,10,"Fleiss","hurdle_empbern_chance","Wilson hurdle probability; empirical Bernstein severity interval",500,500,1,0,0,1.96923400177839,1.98767974949966,0.783473318494953,-0.0165266815050471,0.178,0.157,0.7844,0.22914375
0.8,2,10,"Fleiss","hurdle_empbern_plug","Wilson hurdle probability; empirical Bernstein severity interval",500,500,0.99,0.01,0,1.72486340211236,1.88864704534848,0.783473318494953,-0.0165266815050471,0.178,0.157,0.7844,0.22914375
0.8,2,10,"Fleiss","hurdle_t_chance","Wilson hurdle probability; t severity interval",500,500,0.996,0,0.004,1.83507752188525,1.98465687137395,0.783473318494953,-0.0165266815050471,0.178,0.157,0.7844,0.22914375
0.8,2,10,"Fleiss","hurdle_t_plug","Wilson hurdle probability; t severity interval",500,500,0.922,0.01,0.068,1.50378768761957,1.70316564100758,0.783473318494953,-0.0165266815050471,0.178,0.157,0.7844,0.22914375
0.8,2,10,"Fleiss","item_empbern_chance","item-level empirical Bernstein mean interval",500,500,1,0,0,2,2,0.783473318494953,-0.0165266815050471,0.178,0.157,0.7844,0.22914375
0.8,2,10,"Fleiss","item_empbern_plug","item-level empirical Bernstein mean interval",500,500,1,0,0,2,2,0.783473318494953,-0.0165266815050471,0.178,0.157,0.7844,0.22914375
0.8,2,10,"Fleiss","item_t_chance","item-level t interval for bounded mean loss",500,500,0.776,0,0.224,1.07859707238385,1.06257041920228,0.783473318494953,-0.0165266815050471,0.178,0.157,0.7844,0.22914375
0.8,2,10,"Fleiss","item_t_plug","item-level t interval for bounded mean loss",500,500,0.628,0,0.372,0.574451174214842,0.384504363100884,0.783473318494953,-0.0165266815050471,0.178,0.157,0.7844,0.22914375
0.8,2,10,"Fleiss","moss_fisher","Moss 2024 Fisher transform",500,500,0.746,0.032,0.222,0.696198275008491,0.701139723531848,0.783473318494953,-0.0165266815050471,0.178,0.157,0.7844,0.22914375
0.8,2,20,"Fleiss","delta2_fisher","Moss 2024 Fisher transform; second-order delta variance",500,500,0.868,0.028,0.104,0.638847260732652,0.684292543024041,0.782069114917897,-0.0179308850821027,0.03,0.1582,0.8033,0.23668171875
0.8,2,20,"Fleiss","hurdle_empbern_chance","Wilson hurdle probability; empirical Bernstein severity interval",500,500,1,0,0,1.87109495511649,1.97628145352284,0.782069114917897,-0.0179308850821027,0.03,0.1582,0.8033,0.23668171875
0.8,2,20,"Fleiss","hurdle_empbern_plug","Wilson hurdle probability; empirical Bernstein severity interval",500,500,1,0,0,1.49652995964223,1.52257510933731,0.782069114917897,-0.0179308850821027,0.03,0.1582,0.8033,0.23668171875
0.8,2,20,"Fleiss","hurdle_t_chance","Wilson hurdle probability; t severity interval",500,500,0.976,0,0.024,1.59167032887829,1.85179310041934,0.782069114917897,-0.0179308850821027,0.03,0.1582,0.8033,0.23668171875
0.8,2,20,"Fleiss","hurdle_t_plug","Wilson hurdle probability; t severity interval",500,500,0.956,0,0.044,1.12919344545862,1.15537374937477,0.782069114917897,-0.0179308850821027,0.03,0.1582,0.8033,0.23668171875
0.8,2,20,"Fleiss","item_empbern_chance","item-level empirical Bernstein mean interval",500,500,1,0,0,1.99958349079917,2,0.782069114917897,-0.0179308850821027,0.03,0.1582,0.8033,0.23668171875
0.8,2,20,"Fleiss","item_empbern_plug","item-level empirical Bernstein mean interval",500,500,1,0,0,1.97096531768034,2,0.782069114917897,-0.0179308850821027,0.03,0.1582,0.8033,0.23668171875
0.8,2,20,"Fleiss","item_t_chance","item-level t interval for bounded mean loss",500,500,0.896,0,0.104,0.826935264546066,0.753214419581949,0.782069114917897,-0.0179308850821027,0.03,0.1582,0.8033,0.23668171875
0.8,2,20,"Fleiss","item_t_plug","item-level t interval for bounded mean loss",500,500,0.77,0,0.23,0.50286504845381,0.467418011403631,0.782069114917897,-0.0179308850821027,0.03,0.1582,0.8033,0.23668171875
0.8,2,20,"Fleiss","moss_fisher","Moss 2024 Fisher transform",500,500,0.856,0.034,0.11,0.60163384964704,0.641647889454547,0.782069114917897,-0.0179308850821027,0.03,0.1582,0.8033,0.23668171875
0.8,2,40,"Fleiss","delta2_fisher","Moss 2024 Fisher transform; second-order delta variance",500,500,0.908,0.038,0.054,0.445420932618794,0.461088786042378,0.788127957974903,-0.0118720420250974,0,0.16335,0.8207,0.243570078125
0.8,2,40,"Fleiss","hurdle_empbern_chance","Wilson hurdle probability; empirical Bernstein severity interval",500,500,1,0,0,1.63003982207157,1.6821979175591,0.788127957974903,-0.0118720420250974,0,0.16335,0.8207,0.243570078125
0.8,2,40,"Fleiss","hurdle_empbern_plug","Wilson hurdle probability; empirical Bernstein severity interval",500,500,1,0,0,1.24548710890215,1.22260848536889,0.788127957974903,-0.0118720420250974,0,0.16335,0.8207,0.243570078125
0.8,2,40,"Fleiss","hurdle_t_chance","Wilson hurdle probability; t severity interval",500,500,0.992,0,0.008,0.985729010441266,0.998877219882899,0.788127957974903,-0.0118720420250974,0,0.16335,0.8207,0.243570078125
0.8,2,40,"Fleiss","hurdle_t_plug","Wilson hurdle probability; t severity interval",500,500,0.988,0,0.012,0.707910379906963,0.724292721402847,0.788127957974903,-0.0118720420250974,0,0.16335,0.8207,0.243570078125
0.8,2,40,"Fleiss","item_empbern_chance","item-level empirical Bernstein mean interval",500,500,1,0,0,1.79929433980267,1.91187188403934,0.788127957974903,-0.0118720420250974,0,0.16335,0.8207,0.243570078125
0.8,2,40,"Fleiss","item_empbern_plug","item-level empirical Bernstein mean interval",500,500,1,0,0,1.40876894678043,1.39706626820803,0.788127957974903,-0.0118720420250974,0,0.16335,0.8207,0.243570078125
0.8,2,40,"Fleiss","item_t_chance","item-level t interval for bounded mean loss",500,500,0.938,0,0.062,0.552034911793837,0.543139125808303,0.788127957974903,-0.0118720420250974,0,0.16335,0.8207,0.243570078125
0.8,2,40,"Fleiss","item_t_plug","item-level t interval for bounded mean loss",500,500,0.876,0,0.124,0.396268590698679,0.393298494388988,0.788127957974903,-0.0118720420250974,0,0.16335,0.8207,0.243570078125
0.8,2,40,"Fleiss","moss_fisher","Moss 2024 Fisher transform",500,500,0.9,0.042,0.058,0.433686573026662,0.449590040403257,0.788127957974903,-0.0118720420250974,0,0.16335,0.8207,0.243570078125
0.8,5,10,"Fleiss","delta2_fisher","Moss 2024 Fisher transform; second-order delta variance",500,500,0.91,0.044,0.046,0.672350790542342,0.677965462156127,0.775204480998708,-0.0247955190012917,0.004,0.363,7.8948,0.2285505
0.8,5,10,"Fleiss","hurdle_empbern_chance","Wilson hurdle probability; empirical Bernstein severity interval",500,500,1,0,0,1.98210909566928,1.98623872258121,0.775204480998708,-0.0247955190012917,0.004,0.363,7.8948,0.2285505
0.8,5,10,"Fleiss","hurdle_empbern_plug","Wilson hurdle probability; empirical Bernstein severity interval",500,500,0.998,0.002,0,1.92940318336269,1.9734772621189,0.775204480998708,-0.0247955190012917,0.004,0.363,7.8948,0.2285505
0.8,5,10,"Fleiss","hurdle_t_chance","Wilson hurdle probability; t severity interval",500,500,0.98,0,0.02,1.67912584117894,1.97577474481048,0.775204480998708,-0.0247955190012917,0.004,0.363,7.8948,0.2285505
0.8,5,10,"Fleiss","hurdle_t_plug","Wilson hurdle probability; t severity interval",500,500,0.948,0.002,0.05,1.06608433028285,1.02662279510228,0.775204480998708,-0.0247955190012917,0.004,0.363,7.8948,0.2285505
0.8,5,10,"Fleiss","item_empbern_chance","item-level empirical Bernstein mean interval",500,500,1,0,0,2,2,0.775204480998708,-0.0247955190012917,0.004,0.363,7.8948,0.2285505
0.8,5,10,"Fleiss","item_empbern_plug","item-level empirical Bernstein mean interval",500,500,1,0,0,2,2,0.775204480998708,-0.0247955190012917,0.004,0.363,7.8948,0.2285505
0.8,5,10,"Fleiss","item_t_chance","item-level t interval for bounded mean loss",500,500,0.952,0,0.048,1.18834128568642,1.1459424407999,0.775204480998708,-0.0247955190012917,0.004,0.363,7.8948,0.2285505
0.8,5,10,"Fleiss","item_t_plug","item-level t interval for bounded mean loss",500,500,0.834,0,0.166,0.506791359620724,0.483980374845085,0.775204480998708,-0.0247955190012917,0.004,0.363,7.8948,0.2285505
0.8,5,10,"Fleiss","moss_fisher","Moss 2024 Fisher transform",500,500,0.866,0.064,0.07,0.578952731447005,0.588913640415812,0.775204480998708,-0.0247955190012917,0.004,0.363,7.8948,0.2285505
0.8,5,20,"Fleiss","delta2_fisher","Moss 2024 Fisher transform; second-order delta variance",500,500,0.95,0.032,0.018,0.413825646542234,0.416543199158919,0.784450966935162,-0.0155490330648377,0,0.3634,8.1596,0.239684025
0.8,5,20,"Fleiss","hurdle_empbern_chance","Wilson hurdle probability; empirical Bernstein severity interval",500,500,1,0,0,1.97914397321231,1.98438595504571,0.784450966935162,-0.0155490330648377,0,0.3634,8.1596,0.239684025
0.8,5,20,"Fleiss","hurdle_empbern_plug","Wilson hurdle probability; empirical Bernstein severity interval",500,500,1,0,0,1.91097582208168,1.97406735062794,0.784450966935162,-0.0155490330648377,0,0.3634,8.1596,0.239684025
0.8,5,20,"Fleiss","hurdle_t_chance","Wilson hurdle probability; t severity interval",500,500,0.998,0,0.002,0.97779215318141,0.926491226269163,0.784450966935162,-0.0155490330648377,0,0.3634,8.1596,0.239684025
0.8,5,20,"Fleiss","hurdle_t_plug","Wilson hurdle probability; t severity interval",500,500,0.99,0,0.01,0.582106574160268,0.573587317687312,0.784450966935162,-0.0155490330648377,0,0.3634,8.1596,0.239684025
0.8,5,20,"Fleiss","item_empbern_chance","item-level empirical Bernstein mean interval",500,500,1,0,0,2,2,0.784450966935162,-0.0155490330648377,0,0.3634,8.1596,0.239684025
0.8,5,20,"Fleiss","item_empbern_plug","item-level empirical Bernstein mean interval",500,500,1,0,0,1.97233848325018,2,0.784450966935162,-0.0155490330648377,0,0.3634,8.1596,0.239684025
0.8,5,20,"Fleiss","item_t_chance","item-level t interval for bounded mean loss",500,500,0.984,0,0.016,0.638102724479747,0.612576512183706,0.784450966935162,-0.0155490330648377,0,0.3634,8.1596,0.239684025
0.8,5,20,"Fleiss","item_t_plug","item-level t interval for bounded mean loss",500,500,0.898,0.002,0.1,0.373905787614047,0.370529431926633,0.784450966935162,-0.0155490330648377,0,0.3634,8.1596,0.239684025
0.8,5,20,"Fleiss","moss_fisher","Moss 2024 Fisher transform",500,500,0.942,0.036,0.022,0.391786448982939,0.395013126629171,0.784450966935162,-0.0155490330648377,0,0.3634,8.1596,0.239684025
0.8,5,40,"Fleiss","delta2_fisher","Moss 2024 Fisher transform; second-order delta variance",500,500,0.948,0.038,0.014,0.269994352670513,0.270374254227198,0.793376679873711,-0.00662332012628875,0,0.3591,8.0129,0.244014575
0.8,5,40,"Fleiss","hurdle_empbern_chance","Wilson hurdle probability; empirical Bernstein severity interval",500,500,1,0,0,1.95460181000706,1.97969541175125,0.793376679873711,-0.00662332012628875,0,0.3591,8.0129,0.244014575
0.8,5,40,"Fleiss","hurdle_empbern_plug","Wilson hurdle probability; empirical Bernstein severity interval",500,500,1,0,0,1.73219337248008,1.74879799609008,0.793376679873711,-0.00662332012628875,0,0.3591,8.0129,0.244014575
0.8,5,40,"Fleiss","hurdle_t_chance","Wilson hurdle probability; t severity interval",500,500,0.996,0,0.004,0.543469528728845,0.532218995316148,0.793376679873711,-0.00662332012628875,0,0.3591,8.0129,0.244014575
0.8,5,40,"Fleiss","hurdle_t_plug","Wilson hurdle probability; t severity interval",500,500,0.994,0,0.006,0.377031709995598,0.376814612739646,0.793376679873711,-0.00662332012628875,0,0.3591,8.0129,0.244014575
0.8,5,40,"Fleiss","item_empbern_chance","item-level empirical Bernstein mean interval",500,500,1,0,0,1.71358488965332,1.71798851013018,0.793376679873711,-0.00662332012628875,0,0.3591,8.0129,0.244014575
0.8,5,40,"Fleiss","item_empbern_plug","item-level empirical Bernstein mean interval",500,500,1,0,0,1.30097696384397,1.29080625452105,0.793376679873711,-0.00662332012628875,0,0.3591,8.0129,0.244014575
0.8,5,40,"Fleiss","item_t_chance","item-level t interval for bounded mean loss",500,500,0.994,0,0.006,0.390549940645243,0.377418768104613,0.793376679873711,-0.00662332012628875,0,0.3591,8.0129,0.244014575
0.8,5,40,"Fleiss","item_t_plug","item-level t interval for bounded mean loss",500,500,0.936,0.008,0.056,0.259618401710863,0.25746170907806,0.793376679873711,-0.00662332012628875,0,0.3591,8.0129,0.244014575
0.8,5,40,"Fleiss","moss_fisher","Moss 2024 Fisher transform",500,500,0.946,0.04,0.014,0.263657884154647,0.263938251420107,0.793376679873711,-0.00662332012628875,0,0.3591,8.0129,0.244014575
0.9,2,10,"Conger","delta2_fisher","Moss 2024 Fisher transform; second-order delta variance",500,500,0.572,0.028,0.4,0.560826919843256,0.408526509470906,0.88684669347236,-0.0131533065276398,0.4,0.0818,0.4136,0.2304025
0.9,2,10,"Conger","hurdle_empbern_chance","Wilson hurdle probability; empirical Bernstein severity interval",500,500,0.994,0.006,0,1.95624527637513,1.99256390963443,0.88684669347236,-0.0131533065276398,0.4,0.0818,0.4136,0.2304025
0.9,2,10,"Conger","hurdle_empbern_plug","Wilson hurdle probability; empirical Bernstein severity interval",500,500,0.984,0.016,0,1.56264321526851,1.63194839693947,0.88684669347236,-0.0131533065276398,0.4,0.0818,0.4136,0.2304025
0.9,2,10,"Conger","hurdle_t_chance","Wilson hurdle probability; t severity interval",500,500,0.994,0.006,0,1.92617686142226,1.99256390963443,0.88684669347236,-0.0131533065276398,0.4,0.0818,0.4136,0.2304025
0.9,2,10,"Conger","hurdle_t_plug","Wilson hurdle probability; t severity interval",500,500,0.984,0.016,0,1.49518686017261,1.53702514528439,0.88684669347236,-0.0131533065276398,0.4,0.0818,0.4136,0.2304025
0.9,2,10,"Conger","item_empbern_chance","item-level empirical Bernstein mean interval",500,500,1,0,0,2,2,0.88684669347236,-0.0131533065276398,0.4,0.0818,0.4136,0.2304025
0.9,2,10,"Conger","item_empbern_plug","item-level empirical Bernstein mean interval",500,500,1,0,0,2,2,0.88684669347236,-0.0131533065276398,0.4,0.0818,0.4136,0.2304025
0.9,2,10,"Conger","item_t_chance","item-level t interval for bounded mean loss",500,500,0.598,0,0.402,0.741206808425396,0.348726561494672,0.88684669347236,-0.0131533065276398,0.4,0.0818,0.4136,0.2304025
0.9,2,10,"Conger","item_t_plug","item-level t interval for bounded mean loss",500,500,0.516,0,0.484,0.334079159765075,0.106606443228699,0.88684669347236,-0.0131533065276398,0.4,0.0818,0.4136,0.2304025
0.9,2,10,"Conger","moss_fisher","Moss 2024 Fisher transform",500,500,0.572,0.028,0.4,0.470432822321556,0.286222703818412,0.88684669347236,-0.0131533065276398,0.4,0.0818,0.4136,0.2304025
0.9,2,20,"Conger","delta2_fisher","Moss 2024 Fisher transform; second-order delta variance",500,500,0.776,0.032,0.192,0.45339298144326,0.431659530108658,0.88672329070193,-0.01327670929807,0.156,0.0867,0.4242,0.239101875
0.9,2,20,"Conger","hurdle_empbern_chance","Wilson hurdle probability; empirical Bernstein severity interval",500,500,1,0,0,1.70443034107168,1.91360456361456,0.88672329070193,-0.01327670929807,0.156,0.0867,0.4242,0.239101875
0.9,2,20,"Conger","hurdle_empbern_plug","Wilson hurdle probability; empirical Bernstein severity interval",500,500,0.992,0.008,0,1.18646967831407,1.13841556669743,0.88672329070193,-0.01327670929807,0.156,0.0867,0.4242,0.239101875
0.9,2,20,"Conger","hurdle_t_chance","Wilson hurdle probability; t severity interval",500,500,0.992,0,0.008,1.51426981443738,1.64855138298691,0.88672329070193,-0.01327670929807,0.156,0.0867,0.4242,0.239101875
0.9,2,20,"Conger","hurdle_t_plug","Wilson hurdle probability; t severity interval",500,500,0.95,0.008,0.042,1.00578810172068,0.981567095402885,0.88672329070193,-0.01327670929807,0.156,0.0867,0.4242,0.239101875
0.9,2,20,"Conger","item_empbern_chance","item-level empirical Bernstein mean interval",500,500,1,0,0,1.99768194276087,2,0.88672329070193,-0.01327670929807,0.156,0.0867,0.4242,0.239101875
0.9,2,20,"Conger","item_empbern_plug","item-level empirical Bernstein mean interval",500,500,1,0,0,1.92756487323558,2,0.88672329070193,-0.01327670929807,0.156,0.0867,0.4242,0.239101875
0.9,2,20,"Conger","item_t_chance","item-level t interval for bounded mean loss",500,500,0.714,0,0.286,0.499022961722452,0.387118276268397,0.88672329070193,-0.01327670929807,0.156,0.0867,0.4242,0.239101875
0.9,2,20,"Conger","item_t_plug","item-level t interval for bounded mean loss",500,500,0.668,0,0.332,0.292164467693196,0.220363917312817,0.88672329070193,-0.01327670929807,0.156,0.0867,0.4242,0.239101875
0.9,2,20,"Conger","moss_fisher","Moss 2024 Fisher transform",500,500,0.728,0.04,0.232,0.42074363243225,0.385704892175725,0.88672329070193,-0.01327670929807,0.156,0.0867,0.4242,0.239101875
0.9,2,40,"Conger","delta2_fisher","Moss 2024 Fisher transform; second-order delta variance",500,500,0.84,0.034,0.126,0.326263980325376,0.341346819115157,0.895202232505464,-0.00479776749453642,0.018,0.08305,0.40555,0.243698125
0.9,2,40,"Conger","hurdle_empbern_chance","Wilson hurdle probability; empirical Bernstein severity interval",500,500,1,0,0,1.17433854286254,1.146376874531,0.895202232505464,-0.00479776749453642,0.018,0.08305,0.40555,0.243698125
0.9,2,40,"Conger","hurdle_empbern_plug","Wilson hurdle probability; empirical Bernstein severity interval",500,500,0.998,0.002,0,0.849718438291006,0.828330735259511,0.895202232505464,-0.00479776749453642,0.018,0.08305,0.40555,0.243698125
0.9,2,40,"Conger","hurdle_t_chance","Wilson hurdle probability; t severity interval",500,500,0.94,0,0.06,0.814838583537747,0.825984626281583,0.895202232505464,-0.00479776749453642,0.018,0.08305,0.40555,0.243698125
0.9,2,40,"Conger","hurdle_t_plug","Wilson hurdle probability; t severity interval",500,500,0.938,0.002,0.06,0.584764924659257,0.604465463156839,0.895202232505464,-0.00479776749453642,0.018,0.08305,0.40555,0.243698125
0.9,2,40,"Conger","item_empbern_chance","item-level empirical Bernstein mean interval",500,500,1,0,0,1.62072659762239,1.62592185484613,0.895202232505464,-0.00479776749453642,0.018,0.08305,0.40555,0.243698125
0.9,2,40,"Conger","item_empbern_plug","item-level empirical Bernstein mean interval",500,500,1,0,0,1.20288016084791,1.18286476431548,0.895202232505464,-0.00479776749453642,0.018,0.08305,0.40555,0.243698125
0.9,2,40,"Conger","item_t_chance","item-level t interval for bounded mean loss",500,500,0.848,0,0.152,0.325385484639813,0.297617267228456,0.895202232505464,-0.00479776749453642,0.018,0.08305,0.40555,0.243698125
0.9,2,40,"Conger","item_t_plug","item-level t interval for bounded mean loss",500,500,0.756,0,0.244,0.236062442779319,0.217261864215402,0.895202232505464,-0.00479776749453642,0.018,0.08305,0.40555,0.243698125
0.9,2,40,"Conger","moss_fisher","Moss 2024 Fisher transform",500,500,0.838,0.036,0.126,0.315424650910982,0.327923258974935,0.895202232505464,-0.00479776749453642,0.018,0.08305,0.40555,0.243698125
0.9,5,10,"Conger","delta2_fisher","Moss 2024 Fisher transform; second-order delta variance",500,500,0.82,0.024,0.156,0.530365731432817,0.552608660929087,0.890717299338667,-0.00928270066133285,0.136,0.183,3.7348,0.226427
0.9,5,10,"Conger","hurdle_empbern_chance","Wilson hurdle probability; empirical Bernstein severity interval",500,500,0.998,0.002,0,1.97506918145989,1.99355565709926,0.890717299338667,-0.00928270066133285,0.136,0.183,3.7348,0.226427
0.9,5,10,"Conger","hurdle_empbern_plug","Wilson hurdle probability; empirical Bernstein severity interval",500,500,0.994,0.006,0,1.7824550704864,1.96430421677269,0.890717299338667,-0.00928270066133285,0.136,0.183,3.7348,0.226427
0.9,5,10,"Conger","hurdle_t_chance","Wilson hurdle probability; t severity interval",500,500,0.994,0.002,0.004,1.77934190997468,1.99049214273291,0.890717299338667,-0.00928270066133285,0.136,0.183,3.7348,0.226427
0.9,5,10,"Conger","hurdle_t_plug","Wilson hurdle probability; t severity interval",500,500,0.95,0.006,0.044,1.32467581752035,1.38944661148706,0.890717299338667,-0.00928270066133285,0.136,0.183,3.7348,0.226427
0.9,5,10,"Conger","item_empbern_chance","item-level empirical Bernstein mean interval",500,500,1,0,0,2,2,0.890717299338667,-0.00928270066133285,0.136,0.183,3.7348,0.226427
0.9,5,10,"Conger","item_empbern_plug","item-level empirical Bernstein mean interval",500,500,1,0,0,2,2,0.890717299338667,-0.00928270066133285,0.136,0.183,3.7348,0.226427
0.9,5,10,"Conger","item_t_chance","item-level t interval for bounded mean loss",500,500,0.814,0,0.186,0.792412514226998,0.6465618469387,0.890717299338667,-0.00928270066133285,0.136,0.183,3.7348,0.226427
0.9,5,10,"Conger","item_t_plug","item-level t interval for bounded mean loss",500,500,0.716,0,0.284,0.291861610965314,0.242761389039482,0.890717299338667,-0.00928270066133285,0.136,0.183,3.7348,0.226427
0.9,5,10,"Conger","moss_fisher","Moss 2024 Fisher transform",500,500,0.778,0.028,0.194,0.427466396278984,0.43099492291153,0.890717299338667,-0.00928270066133285,0.136,0.183,3.7348,0.226427
0.9,5,20,"Conger","delta2_fisher","Moss 2024 Fisher transform; second-order delta variance",500,500,0.896,0.032,0.072,0.326266059103718,0.34060238405801,0.892883906308072,-0.00711609369192834,0.008,0.1897,4.0926,0.2416594375
0.9,5,20,"Conger","hurdle_empbern_chance","Wilson hurdle probability; empirical Bernstein severity interval",500,500,1,0,0,1.91998081725342,1.99107807805695,0.892883906308072,-0.00711609369192834,0.008,0.1897,4.0926,0.2416594375
0.9,5,20,"Conger","hurdle_empbern_plug","Wilson hurdle probability; empirical Bernstein severity interval",500,500,1,0,0,1.59601761519244,1.65489589211194,0.892883906308072,-0.00711609369192834,0.008,0.1897,4.0926,0.2416594375
0.9,5,20,"Conger","hurdle_t_chance","Wilson hurdle probability; t severity interval",500,500,0.974,0,0.026,1.06302730375996,1.01786621136921,0.892883906308072,-0.00711609369192834,0.008,0.1897,4.0926,0.2416594375
0.9,5,20,"Conger","hurdle_t_plug","Wilson hurdle probability; t severity interval",500,500,0.966,0.002,0.032,0.649306129053289,0.613413418490835,0.892883906308072,-0.00711609369192834,0.008,0.1897,4.0926,0.2416594375
0.9,5,20,"Conger","item_empbern_chance","item-level empirical Bernstein mean interval",500,500,1,0,0,1.99823912688366,2,0.892883906308072,-0.00711609369192834,0.008,0.1897,4.0926,0.2416594375
0.9,5,20,"Conger","item_empbern_plug","item-level empirical Bernstein mean interval",500,500,1,0,0,1.93027856360807,2,0.892883906308072,-0.00711609369192834,0.008,0.1897,4.0926,0.2416594375
0.9,5,20,"Conger","item_t_chance","item-level t interval for bounded mean loss",500,500,0.904,0,0.096,0.401416890323866,0.384652403771464,0.892883906308072,-0.00711609369192834,0.008,0.1897,4.0926,0.2416594375
0.9,5,20,"Conger","item_t_plug","item-level t interval for bounded mean loss",500,500,0.798,0.002,0.2,0.235688973245159,0.232901239056238,0.892883906308072,-0.00711609369192834,0.008,0.1897,4.0926,0.2416594375
0.9,5,20,"Conger","moss_fisher","Moss 2024 Fisher transform",500,500,0.882,0.04,0.078,0.303403240988935,0.319110284855741,0.892883906308072,-0.00711609369192834,0.008,0.1897,4.0926,0.2416594375
0.9,5,40,"Conger","delta2_fisher","Moss 2024 Fisher transform; second-order delta variance",500,500,0.928,0.022,0.05,0.206071498178705,0.212733564420289,0.897840360214634,-0.00215963978536649,0.002,0.1892,3.9808,0.245221953125
0.9,5,40,"Conger","hurdle_empbern_chance","Wilson hurdle probability; empirical Bernstein severity interval",500,500,1,0,0,1.73250948890947,1.84434930068289,0.897840360214634,-0.00215963978536649,0.002,0.1892,3.9808,0.245221953125
0.9,5,40,"Conger","hurdle_empbern_plug","Wilson hurdle probability; empirical Bernstein severity interval",500,500,1,0,0,1.3584774700166,1.35053253679106,0.897840360214634,-0.00215963978536649,0.002,0.1892,3.9808,0.245221953125
0.9,5,40,"Conger","hurdle_t_chance","Wilson hurdle probability; t severity interval",500,500,0.998,0,0.002,0.435865992984001,0.434799508792921,0.897840360214634,-0.00215963978536649,0.002,0.1892,3.9808,0.245221953125
0.9,5,40,"Conger","hurdle_t_plug","Wilson hurdle probability; t severity interval",500,500,0.984,0.004,0.012,0.310765517030939,0.31508395194358,0.897840360214634,-0.00215963978536649,0.002,0.1892,3.9808,0.245221953125
0.9,5,40,"Conger","item_empbern_chance","item-level empirical Bernstein mean interval",500,500,1,0,0,1.55012894306538,1.52367069230146,0.897840360214634,-0.00215963978536649,0.002,0.1892,3.9808,0.245221953125
0.9,5,40,"Conger","item_empbern_plug","item-level empirical Bernstein mean interval",500,500,1,0,0,1.1416885078039,1.12150855551237,0.897840360214634,-0.00215963978536649,0.002,0.1892,3.9808,0.245221953125
0.9,5,40,"Conger","item_t_chance","item-level t interval for bounded mean loss",500,500,0.944,0,0.056,0.252541953578783,0.245224680454909,0.897840360214634,-0.00215963978536649,0.002,0.1892,3.9808,0.245221953125
0.9,5,40,"Conger","item_t_plug","item-level t interval for bounded mean loss",500,500,0.896,0.004,0.1,0.178790373477212,0.177254940786631,0.897840360214634,-0.00215963978536649,0.002,0.1892,3.9808,0.245221953125
0.9,5,40,"Conger","moss_fisher","Moss 2024 Fisher transform",500,500,0.916,0.032,0.052,0.200204910298488,0.206687243928874,0.897840360214634,-0.00215963978536649,0.002,0.1892,3.9808,0.245221953125
0.9,2,10,"Fleiss","delta2_fisher","Moss 2024 Fisher transform; second-order delta variance",500,500,0.574,0.026,0.4,0.581102909495166,0.414794932039462,0.885030913912793,-0.0149690860872075,0.4,0.0818,0.4136,0.22918875
0.9,2,10,"Fleiss","hurdle_empbern_chance","Wilson hurdle probability; empirical Bernstein severity interval",500,500,0.994,0.006,0,1.95625954870024,1.99234552462603,0.885030913912793,-0.0149690860872075,0.4,0.0818,0.4136,0.22918875
0.9,2,10,"Fleiss","hurdle_empbern_plug","Wilson hurdle probability; empirical Bernstein severity interval",500,500,0.984,0.016,0,1.56655620583032,1.63254588154641,0.885030913912793,-0.0149690860872075,0.4,0.0818,0.4136,0.22918875
0.9,2,10,"Fleiss","hurdle_t_chance","Wilson hurdle probability; t severity interval",500,500,0.994,0.006,0,1.9267331144863,1.99234552462603,0.885030913912793,-0.0149690860872075,0.4,0.0818,0.4136,0.22918875
0.9,2,10,"Fleiss","hurdle_t_plug","Wilson hurdle probability; t severity interval",500,500,0.984,0.016,0,1.4992185540957,1.54184888812716,0.885030913912793,-0.0149690860872075,0.4,0.0818,0.4136,0.22918875
0.9,2,10,"Fleiss","item_empbern_chance","item-level empirical Bernstein mean interval",500,500,1,0,0,2,2,0.885030913912793,-0.0149690860872075,0.4,0.0818,0.4136,0.22918875
0.9,2,10,"Fleiss","item_empbern_plug","item-level empirical Bernstein mean interval",500,500,1,0,0,2,2,0.885030913912793,-0.0149690860872075,0.4,0.0818,0.4136,0.22918875
0.9,2,10,"Fleiss","item_t_chance","item-level t interval for bounded mean loss",500,500,0.598,0,0.402,0.745246509051708,0.351665210313697,0.885030913912793,-0.0149690860872075,0.4,0.0818,0.4136,0.22918875
0.9,2,10,"Fleiss","item_t_plug","item-level t interval for bounded mean loss",500,500,0.516,0,0.484,0.338592977468886,0.106780921859188,0.885030913912793,-0.0149690860872075,0.4,0.0818,0.4136,0.22918875
0.9,2,10,"Fleiss","moss_fisher","Moss 2024 Fisher transform",500,500,0.572,0.028,0.4,0.485236293228955,0.288273616272215,0.885030913912793,-0.0149690860872075,0.4,0.0818,0.4136,0.22918875
0.9,2,20,"Fleiss","delta2_fisher","Moss 2024 Fisher transform; second-order delta variance",500,500,0.78,0.028,0.192,0.461051278844886,0.434266257280745,0.886092430366587,-0.0139075696334132,0.156,0.0867,0.4242,0.2384371875
0.9,2,20,"Fleiss","hurdle_empbern_chance","Wilson hurdle probability; empirical Bernstein severity interval",500,500,1,0,0,1.70586742650286,1.91750272918439,0.886092430366587,-0.0139075696334132,0.156,0.0867,0.4242,0.2384371875
0.9,2,20,"Fleiss","hurdle_empbern_plug","Wilson hurdle probability; empirical Bernstein severity interval",500,500,0.992,0.008,0,1.18983464140953,1.14100488374263,0.886092430366587,-0.0139075696334132,0.156,0.0867,0.4242,0.2384371875
0.9,2,20,"Fleiss","hurdle_t_chance","Wilson hurdle probability; t severity interval",500,500,0.992,0,0.008,1.51605385653206,1.65123997665505,0.886092430366587,-0.0139075696334132,0.156,0.0867,0.4242,0.2384371875
0.9,2,20,"Fleiss","hurdle_t_plug","Wilson hurdle probability; t severity interval",500,500,0.95,0.008,0.042,1.00901571046056,0.981886719986213,0.886092430366587,-0.0139075696334132,0.156,0.0867,0.4242,0.2384371875
0.9,2,20,"Fleiss","item_empbern_chance","item-level empirical Bernstein mean interval",500,500,1,0,0,1.99770242531527,2,0.886092430366587,-0.0139075696334132,0.156,0.0867,0.4242,0.2384371875
0.9,2,20,"Fleiss","item_empbern_plug","item-level empirical Bernstein mean interval",500,500,1,0,0,1.92820800750904,2,0.886092430366587,-0.0139075696334132,0.156,0.0867,0.4242,0.2384371875
0.9,2,20,"Fleiss","item_t_chance","item-level t interval for bounded mean loss",500,500,0.714,0,0.286,0.499849539139147,0.387064267401557,0.886092430366587,-0.0139075696334132,0.156,0.0867,0.4242,0.2384371875
0.9,2,20,"Fleiss","item_t_plug","item-level t interval for bounded mean loss",500,500,0.668,0,0.332,0.293738568266498,0.220966387083277,0.886092430366587,-0.0139075696334132,0.156,0.0867,0.4242,0.2384371875
0.9,2,20,"Fleiss","moss_fisher","Moss 2024 Fisher transform",500,500,0.736,0.032,0.232,0.42691266327787,0.386969126682708,0.886092430366587,-0.0139075696334132,0.156,0.0867,0.4242,0.2384371875
0.9,2,40,"Fleiss","delta2_fisher","Moss 2024 Fisher transform; second-order delta variance",500,500,0.84,0.034,0.126,0.328278458199704,0.34227424414352,0.895011143369595,-0.00498885663040483,0.018,0.08305,0.40555,0.2433894921875
0.9,2,40,"Fleiss","hurdle_empbern_chance","Wilson hurdle probability; empirical Bernstein severity interval",500,500,1,0,0,1.17572034201638,1.14816751684671,0.895011143369595,-0.00498885663040483,0.018,0.08305,0.40555,0.2433894921875
0.9,2,40,"Fleiss","hurdle_empbern_plug","Wilson hurdle probability; empirical Bernstein severity interval",500,500,0.998,0.002,0,0.850938619398717,0.829760430642226,0.895011143369595,-0.00498885663040483,0.018,0.08305,0.40555,0.2433894921875
0.9,2,40,"Fleiss","hurdle_t_chance","Wilson hurdle probability; t severity interval",500,500,0.94,0,0.06,0.815789299945872,0.825937479596731,0.895011143369595,-0.00498885663040483,0.018,0.08305,0.40555,0.2433894921875
0.9,2,40,"Fleiss","hurdle_t_plug","Wilson hurdle probability; t severity interval",500,500,0.938,0.002,0.06,0.585644035987494,0.605045573934877,0.895011143369595,-0.00498885663040483,0.018,0.08305,0.40555,0.2433894921875
0.9,2,40,"Fleiss","item_empbern_chance","item-level empirical Bernstein mean interval",500,500,1,0,0,1.62223375123441,1.6274866168917,0.895011143369595,-0.00498885663040483,0.018,0.08305,0.40555,0.2433894921875
0.9,2,40,"Fleiss","item_empbern_plug","item-level empirical Bernstein mean interval",500,500,1,0,0,1.20454946641798,1.18387094501866,0.895011143369595,-0.00498885663040483,0.018,0.08305,0.40555,0.2433894921875
0.9,2,40,"Fleiss","item_t_chance","item-level t interval for bounded mean loss",500,500,0.848,0,0.152,0.325812742524598,0.298141957629316,0.895011143369595,-0.00498885663040483,0.018,0.08305,0.40555,0.2433894921875
0.9,2,40,"Fleiss","item_t_plug","item-level t interval for bounded mean loss",500,500,0.76,0,0.24,0.236479393311882,0.217581743895974,0.895011143369595,-0.00498885663040483,0.018,0.08305,0.40555,0.2433894921875
0.9,2,40,"Fleiss","moss_fisher","Moss 2024 Fisher transform",500,500,0.838,0.036,0.126,0.317189751036475,0.32928896874201,0.895011143369595,-0.00498885663040483,0.018,0.08305,0.40555,0.2433894921875
0.9,5,10,"Fleiss","delta2_fisher","Moss 2024 Fisher transform; second-order delta variance",500,500,0.82,0.024,0.156,0.537099002815948,0.558863889959681,0.890243243959293,-0.00975675604070725,0.136,0.183,3.7348,0.2259414
0.9,5,10,"Fleiss","hurdle_empbern_chance","Wilson hurdle probability; empirical Bernstein severity interval",500,500,0.998,0.002,0,1.97507200797405,1.99352459750849,0.890243243959293,-0.00975675604070725,0.136,0.183,3.7348,0.2259414
0.9,5,10,"Fleiss","hurdle_empbern_plug","Wilson hurdle probability; empirical Bernstein severity interval",500,500,0.994,0.006,0,1.78319516418699,1.9641774035747,0.890243243959293,-0.00975675604070725,0.136,0.183,3.7348,0.2259414
0.9,5,10,"Fleiss","hurdle_t_chance","Wilson hurdle probability; t severity interval",500,500,0.994,0.002,0.004,1.78031853007229,1.99047221483623,0.890243243959293,-0.00975675604070725,0.136,0.183,3.7348,0.2259414
0.9,5,10,"Fleiss","hurdle_t_plug","Wilson hurdle probability; t severity interval",500,500,0.95,0.006,0.044,1.32642786885097,1.39428129258755,0.890243243959293,-0.00975675604070725,0.136,0.183,3.7348,0.2259414
0.9,5,10,"Fleiss","item_empbern_chance","item-level empirical Bernstein mean interval",500,500,1,0,0,2,2,0.890243243959293,-0.00975675604070725,0.136,0.183,3.7348,0.2259414
0.9,5,10,"Fleiss","item_empbern_plug","item-level empirical Bernstein mean interval",500,500,1,0,0,2,2,0.890243243959293,-0.00975675604070725,0.136,0.183,3.7348,0.2259414
0.9,5,10,"Fleiss","item_t_chance","item-level t interval for bounded mean loss",500,500,0.814,0,0.186,0.793620930193523,0.65014597099992,0.890243243959293,-0.00975675604070725,0.136,0.183,3.7348,0.2259414
0.9,5,10,"Fleiss","item_t_plug","item-level t interval for bounded mean loss",500,500,0.716,0,0.284,0.293072953690635,0.243264707312257,0.890243243959293,-0.00975675604070725,0.136,0.183,3.7348,0.2259414
0.9,5,10,"Fleiss","moss_fisher","Moss 2024 Fisher transform",500,500,0.78,0.026,0.194,0.432163111388209,0.433816541034258,0.890243243959293,-0.00975675604070725,0.136,0.183,3.7348,0.2259414
0.9,5,20,"Fleiss","delta2_fisher","Moss 2024 Fisher transform; second-order delta variance",500,500,0.896,0.032,0.072,0.32776808142432,0.342584508098794,0.892732167383267,-0.00726783261673292,0.008,0.1897,4.0926,0.24141645
0.9,5,20,"Fleiss","hurdle_empbern_chance","Wilson hurdle probability; empirical Bernstein severity interval",500,500,1,0,0,1.92013061735074,1.99105873582742,0.892732167383267,-0.00726783261673292,0.008,0.1897,4.0926,0.24141645
0.9,5,20,"Fleiss","hurdle_empbern_plug","Wilson hurdle probability; empirical Bernstein severity interval",500,500,1,0,0,1.59697037905157,1.6561469535192,0.892732167383267,-0.00726783261673292,0.008,0.1897,4.0926,0.24141645
0.9,5,20,"Fleiss","hurdle_t_chance","Wilson hurdle probability; t severity interval",500,500,0.974,0,0.026,1.06381628113252,1.0192877865145,0.892732167383267,-0.00726783261673292,0.008,0.1897,4.0926,0.24141645
0.9,5,20,"Fleiss","hurdle_t_plug","Wilson hurdle probability; t severity interval",500,500,0.966,0.002,0.032,0.650005876362119,0.614171382537124,0.892732167383267,-0.00726783261673292,0.008,0.1897,4.0926,0.24141645
0.9,5,20,"Fleiss","item_empbern_chance","item-level empirical Bernstein mean interval",500,500,1,0,0,1.99825885601334,2,0.892732167383267,-0.00726783261673292,0.008,0.1897,4.0926,0.24141645
0.9,5,20,"Fleiss","item_empbern_plug","item-level empirical Bernstein mean interval",500,500,1,0,0,1.9307132375204,2,0.892732167383267,-0.00726783261673292,0.008,0.1897,4.0926,0.24141645
0.9,5,20,"Fleiss","item_t_chance","item-level t interval for bounded mean loss",500,500,0.904,0,0.096,0.401798087768992,0.385217027256336,0.892732167383267,-0.00726783261673292,0.008,0.1897,4.0926,0.24141645
0.9,5,20,"Fleiss","item_t_plug","item-level t interval for bounded mean loss",500,500,0.798,0.002,0.2,0.236009366798729,0.233050739104737,0.892732167383267,-0.00726783261673292,0.008,0.1897,4.0926,0.24141645
0.9,5,20,"Fleiss","moss_fisher","Moss 2024 Fisher transform",500,500,0.882,0.04,0.078,0.304668734553535,0.320306005052588,0.892732167383267,-0.00726783261673292,0.008,0.1897,4.0926,0.24141645
0.9,5,40,"Fleiss","delta2_fisher","Moss 2024 Fisher transform; second-order delta variance",500,500,0.928,0.022,0.05,0.206449773084632,0.213168623306665,0.89778188388176,-0.00221811611823997,0.002,0.1892,3.9808,0.24510365
0.9,5,40,"Fleiss","hurdle_empbern_chance","Wilson hurdle probability; empirical Bernstein severity interval",500,500,1,0,0,1.73291132435563,1.8445851880863,0.89778188388176,-0.00221811611823997,0.002,0.1892,3.9808,0.24510365
0.9,5,40,"Fleiss","hurdle_empbern_plug","Wilson hurdle probability; empirical Bernstein severity interval",500,500,1,0,0,1.35912696516771,1.35181253519465,0.89778188388176,-0.00221811611823997,0.002,0.1892,3.9808,0.24510365
0.9,5,40,"Fleiss","hurdle_t_chance","Wilson hurdle probability; t severity interval",500,500,0.998,0,0.002,0.436073212522202,0.435128334698349,0.89778188388176,-0.00221811611823997,0.002,0.1892,3.9808,0.24510365
0.9,5,40,"Fleiss","hurdle_t_plug","Wilson hurdle probability; t severity interval",500,500,0.984,0.004,0.012,0.310930099070585,0.315229970021612,0.89778188388176,-0.00221811611823997,0.002,0.1892,3.9808,0.24510365
0.9,5,40,"Fleiss","item_empbern_chance","item-level empirical Bernstein mean interval",500,500,1,0,0,1.55078805294355,1.52427001011609,0.89778188388176,-0.00221811611823997,0.002,0.1892,3.9808,0.24510365
0.9,5,40,"Fleiss","item_empbern_plug","item-level empirical Bernstein mean interval",500,500,1,0,0,1.14226146014857,1.12186196739239,0.89778188388176,-0.00221811611823997,0.002,0.1892,3.9808,0.24510365
0.9,5,40,"Fleiss","item_t_chance","item-level t interval for bounded mean loss",500,500,0.944,0,0.056,0.252668432197425,0.245437845785909,0.89778188388176,-0.00221811611823997,0.002,0.1892,3.9808,0.24510365
0.9,5,40,"Fleiss","item_t_plug","item-level t interval for bounded mean loss",500,500,0.896,0.004,0.1,0.178889220451132,0.177289584256339,0.89778188388176,-0.00221811611823997,0.002,0.1892,3.9808,0.24510365
0.9,5,40,"Fleiss","moss_fisher","Moss 2024 Fisher transform",500,500,0.916,0.032,0.052,0.200558246241957,0.20693644896062,0.89778188388176,-0.00221811611823997,0.002,0.1892,3.9808,0.24510365
0.95,2,10,"Conger","delta2_fisher","Moss 2024 Fisher transform; second-order delta variance",500,500,0.302,0.032,0.666,0.302945546756335,0,0.944354206239234,-0.00564579376076624,0.666,0.0372,0.1896,0.228275
0.95,2,10,"Conger","hurdle_empbern_chance","Wilson hurdle probability; empirical Bernstein severity interval",500,500,0.988,0.012,0,1.93647074938258,2,0.944354206239234,-0.00564579376076624,0.666,0.0372,0.1896,0.228275
0.95,2,10,"Conger","hurdle_empbern_plug","Wilson hurdle probability; empirical Bernstein severity interval",500,500,0.944,0.056,0,1.44122495494566,1.38380347974866,0.944354206239234,-0.00564579376076624,0.666,0.0372,0.1896,0.228275
0.95,2,10,"Conger","hurdle_t_chance","Wilson hurdle probability; t severity interval",500,500,0.988,0.012,0,1.92983933869332,2,0.944354206239234,-0.00564579376076624,0.666,0.0372,0.1896,0.228275
0.95,2,10,"Conger","hurdle_t_plug","Wilson hurdle probability; t severity interval",500,500,0.944,0.056,0,1.43050224097778,1.3790449682628,0.944354206239234,-0.00564579376076624,0.666,0.0372,0.1896,0.228275
0.95,2,10,"Conger","item_empbern_chance","item-level empirical Bernstein mean interval",500,500,1,0,0,2,2,0.944354206239234,-0.00564579376076624,0.666,0.0372,0.1896,0.228275
0.95,2,10,"Conger","item_empbern_plug","item-level empirical Bernstein mean interval",500,500,1,0,0,2,2,0.944354206239234,-0.00564579376076624,0.666,0.0372,0.1896,0.228275
0.95,2,10,"Conger","item_t_chance","item-level t interval for bounded mean loss",500,500,0.334,0,0.666,0.384233010180244,0,0.944354206239234,-0.00564579376076624,0.666,0.0372,0.1896,0.228275
0.95,2,10,"Conger","item_t_plug","item-level t interval for bounded mean loss",500,500,0.334,0,0.666,0.175379861353006,0,0.944354206239234,-0.00564579376076624,0.666,0.0372,0.1896,0.228275
0.95,2,10,"Conger","moss_fisher","Moss 2024 Fisher transform",500,500,0.302,0.032,0.666,0.251674198968322,0,0.944354206239234,-0.00564579376076624,0.666,0.0372,0.1896,0.228275
0.95,2,20,"Conger","delta2_fisher","Moss 2024 Fisher transform; second-order delta variance",500,500,0.502,0.028,0.47,0.257867288612431,0.101838380397967,0.948408529881875,-0.00159147011812466,0.47,0.0404,0.2014,0.240585
0.95,2,20,"Conger","hurdle_empbern_chance","Wilson hurdle probability; empirical Bernstein severity interval",500,500,0.998,0.002,0,1.49487516719718,1.49811880909371,0.948408529881875,-0.00159147011812466,0.47,0.0404,0.2014,0.240585
0.95,2,20,"Conger","hurdle_empbern_plug","Wilson hurdle probability; empirical Bernstein severity interval",500,500,0.984,0.016,0,0.932308417813831,0.86805007909922,0.948408529881875,-0.00159147011812466,0.47,0.0404,0.2014,0.240585
0.95,2,20,"Conger","hurdle_t_chance","Wilson hurdle probability; t severity interval",500,500,0.998,0.002,0,1.40642530180154,1.39118598153367,0.948408529881875,-0.00159147011812466,0.47,0.0404,0.2014,0.240585
0.95,2,20,"Conger","hurdle_t_plug","Wilson hurdle probability; t severity interval",500,500,0.984,0.016,0,0.859976766128147,0.824048770453633,0.948408529881875,-0.00159147011812466,0.47,0.0404,0.2014,0.240585
0.95,2,20,"Conger","item_empbern_chance","item-level empirical Bernstein mean interval",500,500,1,0,0,1.99553743647587,2,0.948408529881875,-0.00159147011812466,0.47,0.0404,0.2014,0.240585
0.95,2,20,"Conger","item_empbern_plug","item-level empirical Bernstein mean interval",500,500,1,0,0,1.88018947663964,2,0.948408529881875,-0.00159147011812466,0.47,0.0404,0.2014,0.240585
0.95,2,20,"Conger","item_t_chance","item-level t interval for bounded mean loss",500,500,0.514,0,0.486,0.242859774912471,0.0560145425446746,0.948408529881875,-0.00159147011812466,0.47,0.0404,0.2014,0.240585
0.95,2,20,"Conger","item_t_plug","item-level t interval for bounded mean loss",500,500,0.43,0,0.57,0.143947505819868,0.0358821427500533,0.948408529881875,-0.00159147011812466,0.47,0.0404,0.2014,0.240585
0.95,2,20,"Conger","moss_fisher","Moss 2024 Fisher transform",500,500,0.498,0.032,0.47,0.237291315931142,0.0879959599520623,0.948408529881875,-0.00159147011812466,0.47,0.0404,0.2014,0.240585
0.95,2,40,"Conger","delta2_fisher","Moss 2024 Fisher transform; second-order delta variance",500,500,0.71,0.024,0.266,0.216343018537,0.183114378547629,0.949854864457088,-0.000145135542911734,0.214,0.03965,0.1967,0.24685546875
0.95,2,40,"Conger","hurdle_empbern_chance","Wilson hurdle probability; empirical Bernstein severity interval",500,500,0.996,0.004,0,0.836904054604043,0.806803858452256,0.949854864457088,-0.000145135542911734,0.214,0.03965,0.1967,0.24685546875
0.95,2,40,"Conger","hurdle_empbern_plug","Wilson hurdle probability; empirical Bernstein severity interval",500,500,0.992,0.008,0,0.603212368677163,0.585715190685764,0.949854864457088,-0.000145135542911734,0.214,0.03965,0.1967,0.24685546875
0.95,2,40,"Conger","hurdle_t_chance","Wilson hurdle probability; t severity interval",500,500,0.992,0.004,0.004,0.706768723393161,0.721767633197415,0.949854864457088,-0.000145135542911734,0.214,0.03965,0.1967,0.24685546875
0.95,2,40,"Conger","hurdle_t_plug","Wilson hurdle probability; t severity interval",500,500,0.94,0.008,0.052,0.508004252009862,0.522309130832552,0.949854864457088,-0.000145135542911734,0.214,0.03965,0.1967,0.24685546875
0.95,2,40,"Conger","item_empbern_chance","item-level empirical Bernstein mean interval",500,500,1,0,0,1.45754850548995,1.42491105968107,0.949854864457088,-0.000145135542911734,0.214,0.03965,0.1967,0.24685546875
0.95,2,40,"Conger","item_empbern_plug","item-level empirical Bernstein mean interval",500,500,1,0,0,1.06564262397012,1.03252170648054,0.949854864457088,-0.000145135542911734,0.214,0.03965,0.1967,0.24685546875
0.95,2,40,"Conger","item_t_chance","item-level t interval for bounded mean loss",500,500,0.608,0,0.392,0.176315825792798,0.117982724117794,0.949854864457088,-0.000145135542911734,0.214,0.03965,0.1967,0.24685546875
0.95,2,40,"Conger","item_t_plug","item-level t interval for bounded mean loss",500,500,0.6,0,0.4,0.128037357361179,0.0857383132330105,0.949854864457088,-0.000145135542911734,0.214,0.03965,0.1967,0.24685546875
0.95,2,40,"Conger","moss_fisher","Moss 2024 Fisher transform",500,500,0.674,0.028,0.298,0.207890560067564,0.172698366593976,0.949854864457088,-0.000145135542911734,0.214,0.03965,0.1967,0.24685546875
0.95,5,10,"Conger","delta2_fisher","Moss 2024 Fisher transform; second-order delta variance",500,500,0.612,0.028,0.36,0.368584749218432,0.257038797972635,0.942039897489736,-0.0079601025102638,0.36,0.0956,1.9976,0.22511325
0.95,5,10,"Conger","hurdle_empbern_chance","Wilson hurdle probability; empirical Bernstein severity interval",500,500,0.998,0.002,0,1.97245269249908,1.99668756422621,0.942039897489736,-0.0079601025102638,0.36,0.0956,1.9976,0.22511325
0.95,5,10,"Conger","hurdle_empbern_plug","Wilson hurdle probability; empirical Bernstein severity interval",500,500,0.974,0.026,0,1.6189341602726,1.68145811148464,0.942039897489736,-0.0079601025102638,0.36,0.0956,1.9976,0.22511325
0.95,5,10,"Conger","hurdle_t_chance","Wilson hurdle probability; t severity interval",500,500,0.998,0.002,0,1.88832839501016,1.99651561781609,0.942039897489736,-0.0079601025102638,0.36,0.0956,1.9976,0.22511325
0.95,5,10,"Conger","hurdle_t_plug","Wilson hurdle probability; t severity interval",500,500,0.968,0.026,0.006,1.4558906824223,1.54184888812716,0.942039897489736,-0.0079601025102638,0.36,0.0956,1.9976,0.22511325
0.95,5,10,"Conger","item_empbern_chance","item-level empirical Bernstein mean interval",500,500,1,0,0,2,2,0.942039897489736,-0.0079601025102638,0.36,0.0956,1.9976,0.22511325
0.95,5,10,"Conger","item_empbern_plug","item-level empirical Bernstein mean interval",500,500,1,0,0,2,2,0.942039897489736,-0.0079601025102638,0.36,0.0956,1.9976,0.22511325
0.95,5,10,"Conger","item_t_chance","item-level t interval for bounded mean loss",500,500,0.622,0,0.378,0.495164026033469,0.191784292395675,0.942039897489736,-0.0079601025102638,0.36,0.0956,1.9976,0.22511325
0.95,5,10,"Conger","item_t_plug","item-level t interval for bounded mean loss",500,500,0.514,0,0.486,0.17070609236083,0.0604765569140185,0.942039897489736,-0.0079601025102638,0.36,0.0956,1.9976,0.22511325
0.95,5,10,"Conger","moss_fisher","Moss 2024 Fisher transform",500,500,0.604,0.032,0.364,0.290470998917032,0.154224327735017,0.942039897489736,-0.0079601025102638,0.36,0.0956,1.9976,0.22511325
0.95,5,20,"Conger","delta2_fisher","Moss 2024 Fisher transform; second-order delta variance",500,500,0.81,0.028,0.162,0.243701654291475,0.230906021110677,0.945597968896854,-0.00440203110314619,0.126,0.0986,2.0048,0.2341039375
0.95,5,20,"Conger","hurdle_empbern_chance","Wilson hurdle probability; empirical Bernstein severity interval",500,500,1,0,0,1.76788126197248,1.9881467003522,0.945597968896854,-0.00440203110314619,0.126,0.0986,2.0048,0.2341039375
0.95,5,20,"Conger","hurdle_empbern_plug","Wilson hurdle probability; empirical Bernstein severity interval",500,500,0.998,0.002,0,1.27912020502002,1.24735367262844,0.945597968896854,-0.00440203110314619,0.126,0.0986,2.0048,0.2341039375
0.95,5,20,"Conger","hurdle_t_chance","Wilson hurdle probability; t severity interval",500,500,0.998,0,0.002,1.25106888918754,1.34308082213963,0.945597968896854,-0.00440203110314619,0.126,0.0986,2.0048,0.2341039375
0.95,5,20,"Conger","hurdle_t_plug","Wilson hurdle probability; t severity interval",500,500,0.954,0.004,0.042,0.780629122555837,0.790272790155452,0.945597968896854,-0.00440203110314619,0.126,0.0986,2.0048,0.2341039375
0.95,5,20,"Conger","item_empbern_chance","item-level empirical Bernstein mean interval",500,500,1,0,0,1.99925085783681,2,0.945597968896854,-0.00440203110314619,0.126,0.0986,2.0048,0.2341039375
0.95,5,20,"Conger","item_empbern_plug","item-level empirical Bernstein mean interval",500,500,1,0,0,1.90427998501995,2,0.945597968896854,-0.00440203110314619,0.126,0.0986,2.0048,0.2341039375
0.95,5,20,"Conger","item_t_chance","item-level t interval for bounded mean loss",500,500,0.778,0,0.222,0.241067539470594,0.202163256334866,0.945597968896854,-0.00440203110314619,0.126,0.0986,2.0048,0.2341039375
0.95,5,20,"Conger","item_t_plug","item-level t interval for bounded mean loss",500,500,0.73,0,0.27,0.137709089567186,0.116547943315683,0.945597968896854,-0.00440203110314619,0.126,0.0986,2.0048,0.2341039375
0.95,5,20,"Conger","moss_fisher","Moss 2024 Fisher transform",500,500,0.762,0.034,0.204,0.221779813273422,0.207381517927469,0.945597968896854,-0.00440203110314619,0.126,0.0986,2.0048,0.2341039375
0.95,5,40,"Conger","delta2_fisher","Moss 2024 Fisher transform; second-order delta variance",500,500,0.902,0.022,0.076,0.158490595928409,0.158995164586402,0.948020644523965,-0.00197935547603545,0.022,0.09515,2.0028,0.243991015625
0.95,5,40,"Conger","hurdle_empbern_chance","Wilson hurdle probability; empirical Bernstein severity interval",500,500,1,0,0,1.261006611749,1.24472149744636,0.948020644523965,-0.00197935547603545,0.022,0.09515,2.0028,0.243991015625
0.95,5,40,"Conger","hurdle_empbern_plug","Wilson hurdle probability; empirical Bernstein severity interval",500,500,1,0,0,0.92033978326867,0.90526583893933,0.948020644523965,-0.00197935547603545,0.022,0.09515,2.0028,0.243991015625
0.95,5,40,"Conger","hurdle_t_chance","Wilson hurdle probability; t severity interval",500,500,0.97,0.002,0.028,0.475389528782773,0.455023680336992,0.948020644523965,-0.00197935547603545,0.022,0.09515,2.0028,0.243991015625
0.95,5,40,"Conger","hurdle_t_plug","Wilson hurdle probability; t severity interval",500,500,0.968,0.004,0.028,0.340146605530303,0.331848411414581,0.948020644523965,-0.00197935547603545,0.022,0.09515,2.0028,0.243991015625
0.95,5,40,"Conger","item_empbern_chance","item-level empirical Bernstein mean interval",500,500,1,0,0,1.45533148415314,1.42239036513459,0.948020644523965,-0.00197935547603545,0.022,0.09515,2.0028,0.243991015625
0.95,5,40,"Conger","item_empbern_plug","item-level empirical Bernstein mean interval",500,500,1,0,0,1.05662183686122,1.03546773445927,0.948020644523965,-0.00197935547603545,0.022,0.09515,2.0028,0.243991015625
0.95,5,40,"Conger","item_t_chance","item-level t interval for bounded mean loss",500,500,0.85,0,0.15,0.156666189513013,0.146551962439357,0.948020644523965,-0.00197935547603545,0.022,0.09515,2.0028,0.243991015625
0.95,5,40,"Conger","item_t_plug","item-level t interval for bounded mean loss",500,500,0.776,0.002,0.222,0.112808909493804,0.108063823160394,0.948020644523965,-0.00197935547603545,0.022,0.09515,2.0028,0.243991015625
0.95,5,40,"Conger","moss_fisher","Moss 2024 Fisher transform",500,500,0.9,0.024,0.076,0.152778662548222,0.153006649068101,0.948020644523965,-0.00197935547603545,0.022,0.09515,2.0028,0.243991015625
0.95,2,10,"Fleiss","delta2_fisher","Moss 2024 Fisher transform; second-order delta variance",500,500,0.308,0.026,0.666,0.312938091109709,0,0.943491690965831,-0.00650830903416877,0.666,0.0372,0.1896,0.22771375
0.95,2,10,"Fleiss","hurdle_empbern_chance","Wilson hurdle probability; empirical Bernstein severity interval",500,500,0.982,0.018,0,1.93646722195124,2,0.943491690965831,-0.00650830903416877,0.666,0.0372,0.1896,0.22771375
0.95,2,10,"Fleiss","hurdle_empbern_plug","Wilson hurdle probability; empirical Bernstein severity interval",500,500,0.942,0.058,0,1.44293544761496,1.38528984224033,0.943491690965831,-0.00650830903416877,0.666,0.0372,0.1896,0.22771375
0.95,2,10,"Fleiss","hurdle_t_chance","Wilson hurdle probability; t severity interval",500,500,0.982,0.018,0,1.92983581126198,2,0.943491690965831,-0.00650830903416877,0.666,0.0372,0.1896,0.22771375
0.95,2,10,"Fleiss","hurdle_t_plug","Wilson hurdle probability; t severity interval",500,500,0.942,0.058,0,1.43221273364709,1.3790449682628,0.943491690965831,-0.00650830903416877,0.666,0.0372,0.1896,0.22771375
0.95,2,10,"Fleiss","item_empbern_chance","item-level empirical Bernstein mean interval",500,500,1,0,0,2,2,0.943491690965831,-0.00650830903416877,0.666,0.0372,0.1896,0.22771375
0.95,2,10,"Fleiss","item_empbern_plug","item-level empirical Bernstein mean interval",500,500,1,0,0,2,2,0.943491690965831,-0.00650830903416877,0.666,0.0372,0.1896,0.22771375
0.95,2,10,"Fleiss","item_t_chance","item-level t interval for bounded mean loss",500,500,0.334,0,0.666,0.385967892743203,0,0.943491690965831,-0.00650830903416877,0.666,0.0372,0.1896,0.22771375
0.95,2,10,"Fleiss","item_t_plug","item-level t interval for bounded mean loss",500,500,0.334,0,0.666,0.177518058881067,0,0.943491690965831,-0.00650830903416877,0.666,0.0372,0.1896,0.22771375
0.95,2,10,"Fleiss","moss_fisher","Moss 2024 Fisher transform",500,500,0.306,0.028,0.666,0.259060826793984,0,0.943491690965831,-0.00650830903416877,0.666,0.0372,0.1896,0.22771375
0.95,2,20,"Fleiss","delta2_fisher","Moss 2024 Fisher transform; second-order delta variance",500,500,0.502,0.028,0.47,0.261760764568536,0.102083532590893,0.948195033214183,-0.00180496678581665,0.47,0.0404,0.2014,0.240251875
0.95,2,20,"Fleiss","hurdle_empbern_chance","Wilson hurdle probability; empirical Bernstein severity interval",500,500,0.998,0.002,0,1.49565635035332,1.49711370131093,0.948195033214183,-0.00180496678581665,0.47,0.0404,0.2014,0.240251875
0.95,2,20,"Fleiss","hurdle_empbern_plug","Wilson hurdle probability; empirical Bernstein severity interval",500,500,0.982,0.018,0,0.933833644522232,0.870631554349261,0.948195033214183,-0.00180496678581665,0.47,0.0404,0.2014,0.240251875
0.95,2,20,"Fleiss","hurdle_t_chance","Wilson hurdle probability; t severity interval",500,500,0.998,0.002,0,1.40749846607164,1.3916705303344,0.948195033214183,-0.00180496678581665,0.47,0.0404,0.2014,0.240251875
0.95,2,20,"Fleiss","hurdle_t_plug","Wilson hurdle probability; t severity interval",500,500,0.982,0.018,0,0.861325889088387,0.825078613409896,0.948195033214183,-0.00180496678581665,0.47,0.0404,0.2014,0.240251875
0.95,2,20,"Fleiss","item_empbern_chance","item-level empirical Bernstein mean interval",500,500,1,0,0,1.99559541150923,2,0.948195033214183,-0.00180496678581665,0.47,0.0404,0.2014,0.240251875
0.95,2,20,"Fleiss","item_empbern_plug","item-level empirical Bernstein mean interval",500,500,1,0,0,1.88066198697559,2,0.948195033214183,-0.00180496678581665,0.47,0.0404,0.2014,0.240251875
0.95,2,20,"Fleiss","item_t_chance","item-level t interval for bounded mean loss",500,500,0.514,0,0.486,0.243424521865182,0.0560473734090266,0.948195033214183,-0.00180496678581665,0.47,0.0404,0.2014,0.240251875
0.95,2,20,"Fleiss","item_t_plug","item-level t interval for bounded mean loss",500,500,0.43,0,0.57,0.144521053397283,0.0358925525351552,0.948195033214183,-0.00180496678581665,0.47,0.0404,0.2014,0.240251875
0.95,2,20,"Fleiss","moss_fisher","Moss 2024 Fisher transform",500,500,0.498,0.032,0.47,0.240161194827898,0.0880597881932722,0.948195033214183,-0.00180496678581665,0.47,0.0404,0.2014,0.240251875
0.95,2,40,"Fleiss","delta2_fisher","Moss 2024 Fisher transform; second-order delta variance",500,500,0.71,0.024,0.266,0.217484171877906,0.183317009334152,0.949784811442679,-0.0002151885573205,0.214,0.03965,0.1967,0.2466978125
0.95,2,40,"Fleiss","hurdle_empbern_chance","Wilson hurdle probability; empirical Bernstein severity interval",500,500,0.996,0.004,0,0.837478933097682,0.806946218596085,0.949784811442679,-0.0002151885573205,0.214,0.03965,0.1967,0.2466978125
0.95,2,40,"Fleiss","hurdle_empbern_plug","Wilson hurdle probability; empirical Bernstein severity interval",500,500,0.992,0.008,0,0.603690321815138,0.585830890852349,0.949784811442679,-0.0002151885573205,0.214,0.03965,0.1967,0.2466978125
0.95,2,40,"Fleiss","hurdle_t_chance","Wilson hurdle probability; t severity interval",500,500,0.992,0.004,0.004,0.707240376358222,0.722206343211934,0.949784811442679,-0.0002151885573205,0.214,0.03965,0.1967,0.2466978125
0.95,2,40,"Fleiss","hurdle_t_plug","Wilson hurdle probability; t severity interval",500,500,0.94,0.008,0.052,0.508419576228294,0.522350587228364,0.949784811442679,-0.0002151885573205,0.214,0.03965,0.1967,0.2466978125
0.95,2,40,"Fleiss","item_empbern_chance","item-level empirical Bernstein mean interval",500,500,1,0,0,1.4583403702531,1.42536624755861,0.949784811442679,-0.0002151885573205,0.214,0.03965,0.1967,0.2466978125
0.95,2,40,"Fleiss","item_empbern_plug","item-level empirical Bernstein mean interval",500,500,1,0,0,1.06643245152767,1.0325676738276,0.949784811442679,-0.0002151885573205,0.214,0.03965,0.1967,0.2466978125
0.95,2,40,"Fleiss","item_t_chance","item-level t interval for bounded mean loss",500,500,0.61,0,0.39,0.176489440314965,0.118142539804238,0.949784811442679,-0.0002151885573205,0.214,0.03965,0.1967,0.2466978125
0.95,2,40,"Fleiss","item_t_plug","item-level t interval for bounded mean loss",500,500,0.6,0,0.4,0.128209205569604,0.0857452283146964,0.949784811442679,-0.0002151885573205,0.214,0.03965,0.1967,0.2466978125
0.95,2,40,"Fleiss","moss_fisher","Moss 2024 Fisher transform",500,500,0.676,0.026,0.298,0.208810684676656,0.17295522301397,0.949784811442679,-0.0002151885573205,0.214,0.03965,0.1967,0.2466978125
0.95,5,10,"Fleiss","delta2_fisher","Moss 2024 Fisher transform; second-order delta variance",500,500,0.612,0.028,0.36,0.372739463267624,0.25815061982824,0.941848699896115,-0.00815130010388487,0.36,0.0956,1.9976,0.2248607
0.95,5,10,"Fleiss","hurdle_empbern_chance","Wilson hurdle probability; empirical Bernstein severity interval",500,500,0.998,0.002,0,1.97244919381034,1.99667680014375,0.941848699896115,-0.00815130010388487,0.36,0.0956,1.9976,0.2248607
0.95,5,10,"Fleiss","hurdle_empbern_plug","Wilson hurdle probability; empirical Bernstein severity interval",500,500,0.974,0.026,0,1.61962096207415,1.68459240195125,0.941848699896115,-0.00815130010388487,0.36,0.0956,1.9976,0.2248607
0.95,5,10,"Fleiss","hurdle_t_chance","Wilson hurdle probability; t severity interval",500,500,0.998,0.002,0,1.88882664645399,1.99650011409961,0.941848699896115,-0.00815130010388487,0.36,0.0956,1.9976,0.2248607
0.95,5,10,"Fleiss","hurdle_t_plug","Wilson hurdle probability; t severity interval",500,500,0.968,0.026,0.006,1.45679465254532,1.54184888812716,0.941848699896115,-0.00815130010388487,0.36,0.0956,1.9976,0.2248607
0.95,5,10,"Fleiss","item_empbern_chance","item-level empirical Bernstein mean interval",500,500,1,0,0,2,2,0.941848699896115,-0.00815130010388487,0.36,0.0956,1.9976,0.2248607
0.95,5,10,"Fleiss","item_empbern_plug","item-level empirical Bernstein mean interval",500,500,1,0,0,2,2,0.941848699896115,-0.00815130010388487,0.36,0.0956,1.9976,0.2248607
0.95,5,10,"Fleiss","item_t_chance","item-level t interval for bounded mean loss",500,500,0.622,0,0.378,0.495717742491535,0.192295162954552,0.941848699896115,-0.00815130010388487,0.36,0.0956,1.9976,0.2248607
0.95,5,10,"Fleiss","item_t_plug","item-level t interval for bounded mean loss",500,500,0.514,0,0.486,0.171249565210292,0.0605060795520425,0.941848699896115,-0.00815130010388487,0.36,0.0956,1.9976,0.2248607
0.95,5,10,"Fleiss","moss_fisher","Moss 2024 Fisher transform",500,500,0.604,0.032,0.364,0.293071247237009,0.154470921682802,0.941848699896115,-0.00815130010388487,0.36,0.0956,1.9976,0.2248607
0.95,5,20,"Fleiss","delta2_fisher","Moss 2024 Fisher transform; second-order delta variance",500,500,0.81,0.028,0.162,0.24464869660379,0.231408873575835,0.945542702140052,-0.00445729785994831,0.126,0.0986,2.0048,0.233977325
0.95,5,20,"Fleiss","hurdle_empbern_chance","Wilson hurdle probability; empirical Bernstein severity interval",500,500,1,0,0,1.76811088114005,1.98812440528144,0.945542702140052,-0.00445729785994831,0.126,0.0986,2.0048,0.233977325
0.95,5,20,"Fleiss","hurdle_empbern_plug","Wilson hurdle probability; empirical Bernstein severity interval",500,500,0.998,0.002,0,1.27975717563423,1.24768445906113,0.945542702140052,-0.00445729785994831,0.126,0.0986,2.0048,0.233977325
0.95,5,20,"Fleiss","hurdle_t_chance","Wilson hurdle probability; t severity interval",500,500,0.998,0,0.002,1.25150572159748,1.34308082213963,0.945542702140052,-0.00445729785994831,0.126,0.0986,2.0048,0.233977325
0.95,5,20,"Fleiss","hurdle_t_plug","Wilson hurdle probability; t severity interval",500,500,0.954,0.004,0.042,0.781076559365371,0.790693509117497,0.945542702140052,-0.00445729785994831,0.126,0.0986,2.0048,0.233977325
0.95,5,20,"Fleiss","item_empbern_chance","item-level empirical Bernstein mean interval",500,500,1,0,0,1.99925477093074,2,0.945542702140052,-0.00445729785994831,0.126,0.0986,2.0048,0.233977325
0.95,5,20,"Fleiss","item_empbern_plug","item-level empirical Bernstein mean interval",500,500,1,0,0,1.90457255668711,2,0.945542702140052,-0.00445729785994831,0.126,0.0986,2.0048,0.233977325
0.95,5,20,"Fleiss","item_t_chance","item-level t interval for bounded mean loss",500,500,0.778,0,0.222,0.241214004436211,0.202301319358571,0.945542702140052,-0.00445729785994831,0.126,0.0986,2.0048,0.233977325
0.95,5,20,"Fleiss","item_t_plug","item-level t interval for bounded mean loss",500,500,0.73,0,0.27,0.137843365010462,0.116632840802744,0.945542702140052,-0.00445729785994831,0.126,0.0986,2.0048,0.233977325
0.95,5,20,"Fleiss","moss_fisher","Moss 2024 Fisher transform",500,500,0.764,0.032,0.204,0.222491579702526,0.207688583355837,0.945542702140052,-0.00445729785994831,0.126,0.0986,2.0048,0.233977325
0.95,5,40,"Fleiss","delta2_fisher","Moss 2024 Fisher transform; second-order delta variance",500,500,0.902,0.022,0.076,0.158697114069526,0.159109705201978,0.948000811496095,-0.00199918850390501,0.022,0.09515,2.0028,0.24392925625
0.95,5,40,"Fleiss","hurdle_empbern_chance","Wilson hurdle probability; empirical Bernstein severity interval",500,500,1,0,0,1.26132426198869,1.24532302176054,0.948000811496095,-0.00199918850390501,0.022,0.09515,2.0028,0.24392925625
0.95,5,40,"Fleiss","hurdle_empbern_plug","Wilson hurdle probability; empirical Bernstein severity interval",500,500,1,0,0,0.920604772023565,0.905305400999718,0.948000811496095,-0.00199918850390501,0.022,0.09515,2.0028,0.24392925625
0.95,5,40,"Fleiss","hurdle_t_chance","Wilson hurdle probability; t severity interval",500,500,0.97,0.002,0.028,0.47550231754948,0.455066807875864,0.948000811496095,-0.00199918850390501,0.022,0.09515,2.0028,0.24392925625
0.95,5,40,"Fleiss","hurdle_t_plug","Wilson hurdle probability; t severity interval",500,500,0.968,0.004,0.028,0.340239681457831,0.332115898163015,0.948000811496095,-0.00199918850390501,0.022,0.09515,2.0028,0.24392925625
0.95,5,40,"Fleiss","item_empbern_chance","item-level empirical Bernstein mean interval",500,500,1,0,0,1.45567474800897,1.42262798400651,0.948000811496095,-0.00199918850390501,0.022,0.09515,2.0028,0.24392925625
0.95,5,40,"Fleiss","item_empbern_plug","item-level empirical Bernstein mean interval",500,500,1,0,0,1.05691067937844,1.03575191116969,0.948000811496095,-0.00199918850390501,0.022,0.09515,2.0028,0.24392925625
0.95,5,40,"Fleiss","item_t_chance","item-level t interval for bounded mean loss",500,500,0.85,0,0.15,0.156715000615401,0.146602698685308,0.948000811496095,-0.00199918850390501,0.022,0.09515,2.0028,0.24392925625
0.95,5,40,"Fleiss","item_t_plug","item-level t interval for bounded mean loss",500,500,0.776,0.002,0.222,0.112849674677396,0.108075769407269,0.948000811496095,-0.00199918850390501,0.022,0.09515,2.0028,0.24392925625
0.95,5,40,"Fleiss","moss_fisher","Moss 2024 Fisher transform",500,500,0.902,0.022,0.076,0.152959834155222,0.153124573668742,0.948000811496095,-0.00199918850390501,0.022,0.09515,2.0028,0.24392925625
