"index","eigenvalue","relative","contribution_untruncated","contribution_truncated","share_untruncated","cumulative_share_untruncated","retained_at_info_rcond"
1,202113057.559744,1,2.14304111854434e-08,2.14304111854434e-08,3.43385569954802e-12,3.43385569954802e-12,TRUE
2,111170919.671542,0.550043233296194,2.51839743046329e-08,2.51839743046329e-08,4.03529978752693e-12,7.46915548707495e-12,TRUE
3,73539424.0988355,0.363852909785887,3.64870483553588e-08,3.64870483553588e-08,5.84642347132551e-12,1.33155789584005e-11,TRUE
4,67290108.6006428,0.33293300993555,2.80026304082004e-08,2.80026304082004e-08,4.48694106694743e-12,1.78025200253479e-11,TRUE
5,52912648.8331349,0.261797280551723,5.61647483532304e-08,5.61647483532304e-08,8.99943727525964e-12,2.68019573006075e-11,TRUE
6,48648854.9341612,0.24070119724838,8.55975553610293e-08,8.55975553610293e-08,1.37155396039951e-11,4.05174969046026e-11,TRUE
7,48531993.2357773,0.240122997602128,1.56062437096956e-09,1.56062437096956e-09,2.50063278988667e-13,4.07675601835913e-11,TRUE
8,46244308.5640126,0.228804161009453,6.23748703635974e-08,6.23748703635974e-08,9.99450277706728e-12,5.07620629606585e-11,TRUE
9,45413156.9666253,0.22469185076378,1.52419305121009e-07,1.52419305121009e-07,2.44225785068667e-11,7.51846414675252e-11,TRUE
10,44133670.0259696,0.218361300149664,1.67218005238809e-07,1.67218005238809e-07,2.67938162916054e-11,1.01978457759131e-10,TRUE
11,43902905.6597089,0.217219541328898,1.71980485021684e-08,1.71980485021684e-08,2.75569219644221e-12,1.04734149955573e-10,TRUE
12,43808025.6092559,0.216750100850393,5.49698207487005e-09,5.49698207487005e-09,8.80797062863975e-13,1.05614947018437e-10,TRUE
13,43473964.873532,0.215097259911974,2.30844111457757e-08,2.30844111457757e-08,3.69888081463760e-12,1.09313827833074e-10,TRUE
14,43460720.7392616,0.215031731566451,4.53966026334845e-08,4.53966026334845e-08,7.2740266784518e-12,1.16587854511526e-10,TRUE
15,43150043.9399884,0.21349458793494,2.52639507672187e-09,2.52639507672187e-09,4.04811464345776e-13,1.16992665975872e-10,TRUE
16,42400843.3027581,0.209787748573466,1.84224924247767e-08,1.84224924247767e-08,2.95188832660706e-12,1.19944554302479e-10,TRUE
17,41862814.921538,0.207125731642368,2.60554766022127e-08,2.60554766022127e-08,4.17494307788743e-12,1.24119497380366e-10,TRUE
18,41176596.8399766,0.203730512699828,3.64251739356105e-08,3.64251739356105e-08,5.83650915717305e-12,1.2995600653754e-10,TRUE
19,40417272.0138208,0.199973581627073,2.56836855379788e-08,2.56836855379788e-08,4.11536993886022e-12,1.340713764764e-10,TRUE
20,40158546.1945686,0.19869347720247,2.36246161802611e-08,2.36246161802611e-08,3.78543940282989e-12,1.3785681587923e-10,TRUE
21,39305637.0200254,0.194473516429816,4.53695799045459e-08,4.53695799045459e-08,7.26969674978268e-12,1.45126512629012e-10,TRUE
22,38908475.7026113,0.192508471112066,2.2827346885635e-08,2.2827346885635e-08,3.65769067753777e-12,1.4878420330655e-10,TRUE
23,38437073.8478077,0.190176103968175,1.49350620154872e-08,1.49350620154872e-08,2.39308743920971e-12,1.5117729074576e-10,TRUE
24,36287166.538406,0.179538951993141,1.31448716195105e-07,1.31448716195105e-07,2.10624014349956e-11,1.72239692180755e-10,TRUE
25,35946768.6855632,0.177854756736523,8.99807522326385e-09,8.99807522326385e-09,1.44178716978393e-12,1.73681479350539e-10,TRUE
26,35833749.3005561,0.177295567803499,7.05083729969404e-09,7.05083729969404e-09,1.12977570232464e-12,1.74811255052864e-10,TRUE
27,33923724.1623034,0.167845287048194,2.02349948373477e-07,2.02349948373477e-07,3.24231074015734e-11,2.07234362454437e-10,TRUE
28,33701810.5738197,0.16674731944945,2.85247672724077e-09,2.85247672724077e-09,4.57060454085783e-13,2.07691422908523e-10,TRUE
29,33576835.9045991,0.166128979047649,2.0615176194128e-08,2.0615176194128e-08,3.30322827960841e-12,2.10994651188132e-10,TRUE
30,33496606.8722506,0.165732027790184,7.26997368853826e-09,7.26997368853826e-09,1.1648885487978e-12,2.12159539736929e-10,TRUE
31,32784670.5190876,0.162209561890362,6.7484384779625e-08,6.7484384779625e-08,1.08132147955897e-11,2.22972754532519e-10,TRUE
32,32142574.7171513,0.159032647891391,3.7884990555865e-08,3.7884990555865e-08,6.07041972372162e-12,2.29043174256241e-10,TRUE
33,31698406.3879564,0.156835024766208,3.85044576724886e-08,3.85044576724886e-08,6.16967870063501e-12,2.35212852956876e-10,TRUE
34,31429140.636277,0.155502771645452,1.811477348291e-08,1.811477348291e-08,2.90258164586984e-12,2.38115434602746e-10,TRUE
35,29967059.8296961,0.148268796640404,1.90449660462811e-07,1.90449660462811e-07,3.0516290443434e-11,2.6863172504618e-10,TRUE
36,28698229.1392022,0.141990970230704,4.02649724786025e-07,4.02649724786025e-07,6.45177099222945e-11,3.33149434968474e-10,TRUE
37,28318934.5830458,0.140114324749527,1.83306442019874e-07,1.83306442019874e-07,2.9371712247937e-11,3.62521147216411e-10,TRUE
38,28040250.3588323,0.138735471608724,3.73939184000173e-08,3.73939184000173e-08,5.99173383633219e-12,3.68512881052743e-10,TRUE
39,27656328.7038373,0.136835932511001,7.41634994843409e-09,7.41634994843409e-09,1.18834283299106e-12,3.69701223885734e-10,TRUE
40,27527341.9363934,0.136197741347099,2.95652577974133e-08,2.95652577974133e-08,4.73732529524275e-12,3.74438549180977e-10,TRUE
41,27373345.4018218,0.135435808711816,1.67043954472256e-09,1.67043954472256e-09,2.67659276425465e-13,3.74706208457403e-10,TRUE
42,27252537.5967168,0.134838084811324,2.11947362852515e-09,2.11947362852515e-09,3.39609284039139e-13,3.75045817741442e-10,TRUE
43,26975754.6440824,0.133468638641066,2.12907154418617e-08,2.12907154418617e-08,3.41147185347294e-12,3.78457289594915e-10,TRUE
44,26604516.0081592,0.131631851644691,5.2394267323524e-08,5.2394267323524e-08,8.39528238238995e-12,3.86852571977305e-10,TRUE
45,26419408.4097182,0.130715989994405,1.17833426820351e-08,1.17833426820351e-08,1.88807849174251e-12,3.88740650469047e-10,TRUE
46,26333458.10165,0.130290731433153,2.8219999652738e-10,2.8219999652738e-10,4.52177075886528e-14,3.88785868176636e-10,TRUE
47,26221702.5211191,0.129737795458208,2.11043322290537e-08,2.11043322290537e-08,3.38160714149599e-12,3.92167475318132e-10,TRUE
48,26110590.8155745,0.129188045200178,8.53725126932891e-09,8.53725126932891e-09,1.3679480377666e-12,3.93535423355898e-10,TRUE
49,25384939.5290863,0.125597721570179,8.88364111237642e-08,8.88364111237642e-08,1.42345106692089e-11,4.07769934025107e-10,TRUE
50,25069084.3146891,0.124034956560284,3.73011648401413e-08,3.73011648401413e-08,5.97687166978403e-12,4.13746805694891e-10,TRUE
51,24941881.4824827,0.123405591818875,2.53651613137166e-09,2.53651613137166e-09,4.06433189701108e-13,4.14153238884592e-10,TRUE
52,24875340.8204679,0.123076366865188,1.05303032768457e-09,1.05303032768457e-09,1.68730042612188e-13,4.14321968927205e-10,TRUE
53,24812411.368451,0.122765009188565,2.48058483793786e-09,2.48058483793786e-09,3.97471159571177e-13,4.14719440086776e-10,TRUE
54,24681279.5489106,0.12211620489495,5.62453753134325e-09,5.62453753134325e-09,9.01235636227256e-13,4.15620675723003e-10,TRUE
55,24119047.5254859,0.119334434977593,4.9204395811279e-08,4.9204395811279e-08,7.88416020286833e-12,4.23504835925871e-10,TRUE
56,23992176.8614281,0.118706713713121,2.00311160308092e-08,2.00311160308092e-08,3.20964265946625e-12,4.26714478585338e-10,TRUE
57,23505864.4983084,0.116300573461762,7.16154748915326e-09,7.16154748915326e-09,1.1475151106721e-12,4.2786199369601e-10,TRUE
58,23279376.9106964,0.115179974969282,6.29866770008237e-09,6.29866770008237e-09,1.00925342935922e-12,4.28871247125369e-10,TRUE
59,23142917.6225053,0.114504811821296,5.28014150360588e-08,5.28014150360588e-08,8.46052081767463e-12,4.37331767943044e-10,TRUE
60,22892513.2555389,0.113265879661298,3.57282019491752e-09,3.57282019491752e-09,5.72483135466445e-13,4.3790425107851e-10,TRUE
61,22656551.3912423,0.112098405045132,1.1946459716755e-08,1.1946459716755e-08,1.91421519787098e-12,4.39818466276381e-10,TRUE
62,22102484.59637,0.109357034440175,1.93524491275865e-08,1.93524491275865e-08,3.10089793247245e-12,4.42919364208853e-10,TRUE
63,21015577.3950823,0.103979315581182,9.29942897266614e-08,9.29942897266614e-08,1.4900739376397e-11,4.5782010358525e-10,TRUE
64,20942322.695924,0.103616871412345,5.08428079973346e-09,5.08428079973346e-09,8.14668764457778e-13,4.58634772349708e-10,TRUE
65,20397542.3087433,0.1009214474068,1.13012899871582e-07,1.13012899871582e-07,1.81083781822197e-11,4.76743150531928e-10,TRUE
66,20293239.3833948,0.10040538512657,2.75501401585817e-08,2.75501401585817e-08,4.414437268061e-12,4.81157587799989e-10,TRUE
67,20228467.0927598,0.100084909589675,4.33173501600464e-10,4.33173501600464e-10,6.9408621444197e-14,4.81226996421433e-10,TRUE
68,20206793.1962406,0.0999776730915442,1.26964837261032e-10,1.26964837261032e-10,2.03439367680972e-14,4.81247340358201e-10,TRUE
69,19866292.6172037,0.0982929695738795,4.99384067891668e-08,4.99384067891668e-08,8.0017728682596e-12,4.89249113226461e-10,TRUE
70,19763436.1942867,0.0977840641911254,7.07531693672441e-08,7.07531693672441e-08,1.13369814414865e-11,5.00586094667947e-10,TRUE
71,19529095.0888745,0.096624608645593,4.30188427382174e-08,4.30188427382174e-08,6.8930314517216e-12,5.07479126119669e-10,TRUE
72,19402848.0282534,0.0959999727999659,8.43165541802182e-10,8.43165541802182e-10,1.35102811435861e-13,5.07614228931105e-10,TRUE
73,19125773.0877984,0.094629081954019,6.9165358313949e-08,6.9165358313949e-08,1.10825619631115e-11,5.18696790894216e-10,TRUE
74,18721792.534398,0.0926302969260849,5.65469507678747e-09,5.65469507678747e-09,9.06067865455705e-13,5.19602858759672e-10,TRUE
75,18592468.6389385,0.0919904377451843,1.55870496855445e-09,1.55870496855445e-09,2.4975572768385e-13,5.19852614487356e-10,TRUE
76,18551264.0869543,0.0917865689180945,1.85822553136301e-08,1.85822553136301e-08,2.97748758840929e-12,5.22830102075765e-10,TRUE
77,18366274.4688804,0.090871291002321,1.00479212429833e-08,1.00479212429833e-08,1.61000698167957e-12,5.24440109057445e-10,TRUE
78,18062428.3658974,0.0893679437834351,1.98736550225611e-09,1.98736550225611e-09,3.18441223453644e-13,5.24758550280898e-10,TRUE
79,17836377.7137259,0.0882495071277296,5.70533276319326e-08,5.70533276319326e-08,9.14181685884618e-12,5.33900367139745e-10,TRUE
80,17791384.308334,0.088026892092684,3.71227589507445e-10,3.71227589507445e-10,5.94828518701256e-14,5.33959849991615e-10,TRUE
81,17752920.7339402,0.0878365848712793,2.11327214826305e-10,2.11327214826305e-10,3.38615603229221e-14,5.33993711551938e-10,TRUE
82,17721790.4966454,0.0876825609914238,2.99820192068106e-09,2.99820192068106e-09,4.80410416050235e-13,5.34474121967988e-10,TRUE
83,17604828.4771153,0.0871038649836433,7.79170481919673e-09,7.79170481919673e-09,1.24848701086838e-12,5.35722608978856e-10,TRUE
84,17290662.7253927,0.0855494589719002,6.20047132188667e-09,6.20047132188667e-09,9.93519144560644e-13,5.36716128123417e-10,TRUE
85,16168377.0673203,0.0799966972076557,1.43918089233205e-07,1.43918089233205e-07,2.30604045207113e-11,5.59776532644128e-10,TRUE
86,16004009.1355563,0.0791834497423579,2.65697286784212e-09,2.65697286784212e-09,4.25734314980449e-13,5.60202266959109e-10,TRUE
87,15848858.7875973,0.0784158083547492,8.98082304370235e-09,8.98082304370235e-09,1.43902280401399e-12,5.61641289763123e-10,TRUE
88,15626770.5885249,0.0773169768306812,1.56813747596684e-08,1.56813747596684e-08,2.51267125158157e-12,5.64153961014704e-10,TRUE
89,15492919.5176837,0.076654718427106,2.70384229933003e-08,2.70384229933003e-08,4.33244337212718e-12,5.68486404386831e-10,TRUE
90,15260870.962786,0.075506605793022,3.26473057885139e-08,3.26473057885139e-08,5.23117060548626e-12,5.73717574992318e-10,TRUE
91,15133015.6429242,0.0748740127215725,8.32605941459604e-09,8.32605941459604e-09,1.3341081665762e-12,5.75051683158894e-10,TRUE
92,14783198.0022306,0.0731432109370801,2.73627952289499e-08,2.73627952289499e-08,4.38441845746371e-12,5.79436101616358e-10,TRUE
93,14559794.420444,0.0720378712599514,2.74991092737672e-08,2.74991092737672e-08,4.4062604443334e-12,5.83842362060691e-10,TRUE
94,14314366.2722795,0.0708235600663664,8.58817031001823e-08,8.58817031001823e-08,1.3761069403921e-11,5.97603431464612e-10,TRUE
95,14177397.0004805,0.0701458736592994,1.80997311151142e-09,1.80997311151142e-09,2.90017136452045e-13,5.97893448601064e-10,TRUE
96,14144029.4214675,0.0699807800259841,1.60127412386136e-08,1.60127412386136e-08,2.56576704440229e-12,6.00459215645466e-10,TRUE
97,14076001.0902585,0.0696441944929641,4.71479638153566e-09,4.71479638153566e-09,7.55465225881508e-13,6.01214680871348e-10,TRUE
98,14013374.6426682,0.0693343359991766,4.57731711811425e-09,4.57731711811425e-09,7.33436532722791e-13,6.01948117404071e-10,TRUE
99,13954675.2011197,0.0690439072547043,7.09177428177482e-10,7.09177428177482e-10,1.13633515132559e-13,6.02061750919203e-10,TRUE
100,13829480.4716113,0.0684244780549291,3.83409268439196e-09,3.83409268439196e-09,6.1434756911419e-13,6.02676098488317e-10,TRUE
101,13794968.8068185,0.0682537237988236,1.6617892534626e-09,1.6617892534626e-09,2.66273215668687e-13,6.02942371703986e-10,TRUE
102,13500107.7434272,0.0667948320926104,2.65645281138037e-12,2.65645281138037e-12,4.25650984855339e-16,6.02942797354971e-10,TRUE
103,13303644.4169876,0.0658227854133327,1.81703852101978e-08,1.81703852101978e-08,2.91149247100784e-12,6.05854289825979e-10,TRUE
104,12951513.8302633,0.0640805398059688,4.48205461223736e-08,4.48205461223736e-08,7.18172350625306e-12,6.13036013332232e-10,TRUE
105,12651285.7940736,0.0625950937896918,7.99329397016469e-10,7.99329397016469e-10,1.28078821353912e-13,6.13164092153586e-10,TRUE
106,12493628.3009771,0.0618150477352707,3.2382258202834e-08,3.2382258202834e-08,5.18870127744292e-12,6.18352793431029e-10,TRUE
107,12430507.7494341,0.0615027445505821,2.65234831122458e-09,2.65234831122458e-09,4.24993309128457e-13,6.18777786740157e-10,TRUE
108,12363853.5421438,0.0611729578059994,3.77496973374142e-08,3.77496973374142e-08,6.04874130676231e-12,6.24826528046919e-10,TRUE
109,11864770.0725873,0.0587036296211592,4.20073703739609e-08,4.20073703739609e-08,6.73096035971676e-12,6.31557488406636e-10,TRUE
110,11616759.6520626,0.0574765420518596,3.4362421344057e-08,3.4362421344057e-08,5.50598844611572e-12,6.37063476852752e-10,TRUE
111,11559669.1622231,0.0571940739593536,9.4081439110816e-08,9.4081439110816e-08,1.50749364124098e-11,6.52138413265162e-10,TRUE
112,11356343.550468,0.0561880745736139,8.31153748127076e-10,8.31153748127076e-10,1.33178127592133e-13,6.52271591392754e-10,TRUE
113,11041714.8757798,0.0546313781459465,1.04808154177904e-07,1.04808154177904e-07,1.67937084579769e-11,6.69065299850731e-10,TRUE
114,10767832.5613891,0.0532762835385148,1.02670104669899e-09,1.02670104669899e-09,1.64511227079673e-13,6.6922981107781e-10,TRUE
115,10734410.1244747,0.0531109184833426,1.29232485090703e-09,1.29232485090703e-09,2.07072884255666e-13,6.69436883962066e-10,TRUE
116,10540845.7315255,0.0521532149322397,9.9689045627399e-09,9.9689045627399e-09,1.59734591440161e-12,6.71034229876468e-10,TRUE
117,10175577.8118967,0.0503459694032327,1.24514758394096e-08,1.24514758394096e-08,1.99513536669718e-12,6.73029365243165e-10,TRUE
118,9965702.68220099,0.0493075647982572,8.3238271200026e-09,8.3238271200026e-09,1.33375047966827e-12,6.74363115722833e-10,TRUE
119,9830051.27807319,0.0486363988391371,4.17729763569389e-09,4.17729763569389e-09,6.69340274011133e-13,6.75032455996844e-10,TRUE
120,9122098.46456173,0.0451336424014329,1.87777711971358e-08,1.87777711971358e-08,3.00881565417147e-12,6.78041271651016e-10,TRUE
121,9097540.8253817,0.0450121379351875,5.36590745491976e-08,5.36590745491976e-08,8.59794603933643e-12,6.86639217690352e-10,TRUE
122,8954682.2266254,0.0443053127528804,6.65093282745684e-09,6.65093282745684e-09,1.06569787202154e-12,6.87704915562374e-10,TRUE
123,8637870.59119298,0.042737815633904,7.68229656590164e-08,7.68229656590164e-08,1.23095621545321e-11,7.00014477716906e-10,TRUE
124,8403951.18134955,0.0415804465224388,1.7469170503703e-08,1.7469170503703e-08,2.79913484540429e-12,7.0281361256231e-10,TRUE
125,8208450.50825974,0.0406131627880268,2.25036735420462e-08,2.25036735420462e-08,3.60582757766271e-12,7.06419440139973e-10,TRUE
126,8128329.01313171,0.0402167435952473,2.82079173908709e-11,2.82079173908709e-11,4.51983478370284e-15,7.06423959974757e-10,TRUE
127,8018003.02527792,0.0396708808529494,1.04105472734141e-08,1.04105472734141e-08,1.66811158128917e-12,7.08092071556046e-10,TRUE
128,7783158.63384174,0.0385089351861447,4.17661093822378e-08,4.17661093822378e-08,6.6923024252358e-12,7.14784373981282e-10,TRUE
129,7627557.4823625,0.0377390633463046,1.1577136557641e-08,1.1577136557641e-08,1.85503749829608e-12,7.16639411479578e-10,TRUE
130,7487897.5031702,0.0370480640567064,1.06120770138869e-08,1.06120770138869e-08,1.7004032644474e-12,7.18339814744025e-10,TRUE
131,7363355.65951986,0.0364318651571696,6.21993010941528e-09,6.21993010941528e-09,9.96637081397376e-13,7.19336451825422e-10,TRUE
132,7063769.23698107,0.0349495936693404,1.86360603997182e-08,1.86360603997182e-08,2.98610893029253e-12,7.22322560755715e-10,TRUE
133,6950146.34972734,0.0343874187726485,8.27517184802037e-10,8.27517184802037e-10,1.32595430713739e-13,7.22455156186429e-10,TRUE
134,6883672.86775942,0.0340585262074155,1.27033125009899e-08,1.27033125009899e-08,2.03548787082039e-12,7.24490644057249e-10,TRUE
135,6817074.09583953,0.033729013741848,1.48822028182167e-09,1.48822028182167e-09,2.38461765978036e-13,7.24729105823227e-10,TRUE
136,6812465.94434455,0.0337062138715644,2.01291890108876e-09,2.01291890108876e-09,3.22535717183373e-13,7.2505164154041e-10,TRUE
137,6713517.8026857,0.03321664559303,1.79710756300436e-08,1.79710756300436e-08,2.87955653044821e-12,7.27931198070859e-10,TRUE
138,6619880.03633415,0.0327533515956896,2.91041815182955e-08,2.91041815182955e-08,4.66344573244414e-12,7.32594643803303e-10,TRUE
139,6574510.89384949,0.0325288775165161,1.60079080203004e-08,1.60079080203004e-08,2.56499260409368e-12,7.35159636407396e-10,TRUE
140,6446349.95496271,0.0318947723259156,2.41512198601124e-09,2.41512198601124e-09,3.86981860730771e-13,7.35546618268127e-10,TRUE
141,6130620.51560796,0.03033262961645,7.97144574259868e-09,7.97144574259868e-09,1.27728740993328e-12,7.3682390567806e-10,TRUE
142,6046297.37319881,0.0299154218247949,1.3800121024705e-08,1.3800121024705e-08,2.21123261822077e-12,7.39035138296281e-10,TRUE
143,5986981.95287473,0.0296219453862103,1.87143526584997e-10,1.87143526584997e-10,2.99865392146051e-14,7.39065124835496e-10,TRUE
144,5919415.22543867,0.0292876437421115,1.27031651784364e-09,1.27031651784364e-09,2.03546426490888e-13,7.39268671261987e-10,TRUE
145,5688494.40930893,0.0281451108502845,2.14700564200072e-08,2.14700564200072e-08,3.44020816817258e-12,7.42708879430159e-10,TRUE
146,5573453.38569527,0.0275759194036623,5.95295195665416e-11,5.95295195665416e-11,9.53858413103028e-15,7.4271841801429e-10,TRUE
147,5467540.83133991,0.0270518931203825,1.88085091811295e-08,1.88085091811295e-08,3.01374088871859e-12,7.45732158903009e-10,TRUE
148,5317367.9457375,0.0263088788519549,1.56111613953917e-09,1.56111613953917e-09,2.50142076464412e-13,7.45982300979473e-10,TRUE
149,5295185.73598768,0.0261991273593119,6.03937388344517e-10,6.03937388344517e-10,9.67706044084499e-14,7.46079071583882e-10,TRUE
150,5258520.89295943,0.0260177197675861,3.77859827919907e-12,3.77859827919907e-12,6.05455542828942e-16,7.46079677039425e-10,TRUE
151,5219475.01628638,0.0258245314741405,8.84044221587656e-10,8.84044221587656e-10,1.41652918494315e-13,7.46221329957919e-10,TRUE
152,4938088.68235227,0.024432309035217,3.00960007627142e-08,3.00960007627142e-08,4.82236774919395e-12,7.51043697707113e-10,TRUE
153,4795844.31574493,0.0237285229051927,2.26247638881761e-09,2.26247638881761e-09,3.6252302280188e-13,7.51406220729915e-10,TRUE
154,4711334.08967371,0.0233103894748663,1.20926875187562e-09,1.20926875187562e-09,1.9376456942338e-13,7.51599985299338e-10,TRUE
155,4667115.12828368,0.0230916061764297,2.69735783673696e-09,2.69735783673696e-09,4.32205313339539e-13,7.52032190612678e-10,TRUE
156,4557955.97634538,0.0225515166183563,7.58166929264344e-09,7.58166929264344e-09,1.21483242142903e-12,7.53247023034107e-10,TRUE
157,4523903.78783598,0.0223830357249369,1.87793051021766e-08,1.87793051021766e-08,3.00906143613624e-12,7.56256084470243e-10,TRUE
158,4452027.37449991,0.0220274109364948,2.6805911210075e-09,2.6805911210075e-09,4.29518734819319e-13,7.56685603205062e-10,TRUE
159,4382483.12650626,0.0216833250628095,7.81208795695675e-09,7.81208795695675e-09,1.25175305897013e-12,7.57937356264032e-10,TRUE
160,4265615.54770395,0.0211050963218596,8.86401288150077e-10,8.86401288150077e-10,1.42030597969503e-13,7.58079386862002e-10,TRUE
161,4168007.44108157,0.0206221581693182,1.7962326729261e-09,1.7962326729261e-09,2.87815466920732e-13,7.58367202328923e-10,TRUE
162,4133806.01923789,0.0204529389102727,9.81915165846036e-10,9.81915165846036e-10,1.57335058088074e-13,7.58524537387011e-10,TRUE
163,4097510.75346284,0.0202733598854771,3.78243617687918e-11,3.78243617687918e-11,6.06070500083336e-15,7.58530598092011e-10,TRUE
164,4092159.67116929,0.0202468841972748,6.42436156377623e-10,6.42436156377623e-10,1.02939371441994e-13,7.58633537463453e-10,TRUE
165,4063557.31502454,0.0201053675803374,1.31210426040377e-08,1.31210426040377e-08,2.1024219526171e-12,7.60735959416071e-10,TRUE
166,3993599.32223343,0.0197592346108214,3.94654509859335e-11,3.94654509859335e-11,6.32366139084311e-15,7.60742283077461e-10,TRUE
167,3935245.28950554,0.0194705148545006,4.70903023764248e-10,4.70903023764248e-10,7.54541300255412e-14,7.60817737207487e-10,TRUE
168,3927019.95474288,0.0194298181530506,9.22668947401145e-10,9.22668947401145e-10,1.47841868101041e-13,7.60965579075588e-10,TRUE
169,3830646.8368122,0.0189529903859867,1.43713725657589e-10,1.43713725657589e-10,2.3027658764093e-14,7.60988606734352e-10,TRUE
170,3790137.80107649,0.0187525627826204,7.42809545545102e-11,7.42809545545102e-11,1.19022484896663e-14,7.61000508982842e-10,TRUE
171,3707683.23882516,0.0183446002133196,5.45534083110007e-10,5.45534083110007e-10,8.74124768010717e-14,7.61087921459643e-10,TRUE
172,3655956.19947462,0.0180886690034558,5.49258040611445e-10,5.49258040611445e-10,8.80091770967653e-14,7.6117593063674e-10,TRUE
173,3588705.75119185,0.0177559322219003,1.94797200148109e-08,1.94797200148109e-08,3.12129090849611e-12,7.64297221545236e-10,TRUE
174,3498215.69799908,0.0173082122463316,1.30876530073502e-08,1.30876530073502e-08,2.09707184263092e-12,7.66394293387867e-10,TRUE
175,3446381.6049799,0.0170517513642638,3.61023369810145e-09,3.61023369810145e-09,5.78478007428372e-13,7.66972771395295e-10,TRUE
176,3363784.67770371,0.016643084411849,3.57489571343079e-10,3.57489571343079e-10,5.72815701697425e-14,7.67030052965465e-10,TRUE
177,3319724.24196846,0.0164250854548928,7.61258869061499e-11,7.61258869061499e-11,1.21978672445347e-14,7.67042250832709e-10,TRUE
178,3290313.93022022,0.0162795712951283,1.09139388372966e-11,1.09139388372966e-11,1.74877144244556e-15,7.67043999604152e-10,TRUE
179,3256038.34586052,0.016109985100285,9.17479143217189e-10,9.17479143217189e-10,1.47010291024782e-13,7.67191009895177e-10,TRUE
180,3226702.90101391,0.0159648413614252,8.73680495130311e-10,8.73680495130311e-10,1.39992309145471e-13,7.67331002204322e-10,TRUE
181,3181554.13137168,0.0157414576266613,6.30939877031694e-09,6.30939877031694e-09,1.01097289924565e-12,7.68341975103568e-10,TRUE
182,3127341.08972271,0.0154732263589564,5.2335762188357e-10,5.2335762188357e-10,8.38590793828303e-14,7.6842583418295e-10,TRUE
183,3065379.44802753,0.0151666571424828,4.38301430921316e-09,4.38301430921316e-09,7.02302841352632e-13,7.69128137024303e-10,TRUE
184,3050830.53219353,0.0150946730954862,2.57520396943897e-09,2.57520396943897e-09,4.12632251963659e-13,7.69540769276267e-10,TRUE
185,3030134.41610031,0.0149922743868471,8.96332583528707e-10,8.96332583528707e-10,1.43621917657432e-13,7.69684391193924e-10,TRUE
186,3007930.9708204,0.0148824178266229,1.83472989245922e-08,1.83472989245922e-08,2.93983985833721e-12,7.72624231052262e-10,TRUE
187,2930180.29227741,0.0144977287843525,4.21364172171404e-09,4.21364172171404e-09,6.75163790221121e-13,7.73299394842483e-10,TRUE
188,2880276.98936213,0.0142508209223975,4.61044916666622e-11,4.61044916666622e-11,7.38745375039133e-15,7.73306782296233e-10,TRUE
189,2864367.67428294,0.0141721059928859,2.048915746716e-10,2.048915746716e-10,3.28303594078185e-14,7.73339612655641e-10,TRUE
190,2823423.23391907,0.0139695241267847,3.92373553969133e-11,3.92373553969133e-11,6.28711298625949e-15,7.73345899768627e-10,TRUE
191,2761449.86518565,0.0136628968881408,1.18365220784038e-08,1.18365220784038e-08,1.89659957758351e-12,7.75242499346211e-10,TRUE
192,2691054.28297776,0.0133145988461546,6.97737625306372e-12,6.97737625306372e-12,1.11800483001223e-15,7.75243617351041e-10,TRUE
193,2667030.98378506,0.0131957381476785,1.96609477001123e-09,1.96609477001123e-09,3.15032953564624e-13,7.75558650304605e-10,TRUE
194,2624375.90731342,0.0129846925230828,7.47870997826045e-09,7.47870997826045e-09,1.19833495782666e-12,7.76756985262432e-10,TRUE
195,2573790.8656598,0.0127344116047475,4.95057176537251e-09,4.95057176537251e-09,7.93244185818181e-13,7.7755022944825e-10,TRUE
196,2540723.22875372,0.0125708020027488,5.99582718405347e-10,5.99582718405347e-10,9.60728432660773e-14,7.77646302291516e-10,TRUE
197,2509000.42683798,0.0124138462755991,2.28943449271832e-11,2.28943449271832e-11,3.66842596417497e-15,7.7764997071748e-10,TRUE
198,2494005.2461865,0.0123396542326281,2.37075764886029e-11,2.37075764886029e-11,3.79873236884771e-15,7.77653769449849e-10,TRUE
199,2461140.70906253,0.012177049512672,1.35952353297793e-09,1.35952353297793e-09,2.17840320094135e-13,7.77871609769943e-10,TRUE
200,2415357.70878824,0.0119505277786135,2.75475256391332e-08,2.75475256391332e-08,4.41401833617807e-12,7.82285628106121e-10,TRUE
201,2406796.48178576,0.0119081691744449,3.70771817034679e-10,3.70771817034679e-10,5.94098221512947e-14,7.82345037928273e-10,TRUE
202,2403235.18859502,0.011890548872057,9.47638298098898e-10,9.47638298098898e-10,1.51842778137976e-13,7.82496880706411e-10,TRUE
203,2392570.45598512,0.0118377826988139,5.77587182949977e-10,5.77587182949977e-10,9.25484360984102e-14,7.82589429142509e-10,TRUE
204,2380137.43161556,0.0117762675027169,2.41324802414113e-11,2.41324802414113e-11,3.86681590493643e-15,7.82593295958414e-10,TRUE
205,2377062.09066567,0.0117610515587941,3.20040946905352e-11,3.20040946905352e-11,5.12810706294877e-15,7.82598424065477e-10,TRUE
206,2373068.80757902,0.0117412938888303,1.13481763627974e-10,1.13481763627974e-10,1.81835055546378e-14,7.82616607571032e-10,TRUE
207,2360719.39087995,0.0116801923605659,4.85849804218448e-09,4.85849804218448e-09,7.78490951434952e-13,7.83395098522467e-10,TRUE
208,2336715.80764955,0.0115614292112662,3.56147846822206e-12,3.56147846822206e-12,5.70665818359511e-16,7.83395669188285e-10,TRUE
209,2334329.52475738,0.0115496225377094,3.47768647805814e-10,3.47768647805814e-10,5.57239589599313e-14,7.83451393147245e-10,TRUE
210,2216993.35250156,0.0109690753248153,5.2217882713748e-08,5.2217882713748e-08,8.36701977499754e-12,7.91818412922242e-10,TRUE
211,2115462.93033872,0.0104667306302731,6.13666422284205e-09,6.13666422284205e-09,9.83295151710949e-13,7.92801708073953e-10,TRUE
212,2102964.31282439,0.0104048908972779,6.13723930103327e-09,6.13723930103327e-09,9.83387298124171e-13,7.93785095372077e-10,TRUE
213,2092954.49791533,0.0103553650772744,1.29132323516482e-10,1.29132323516482e-10,2.06912392518229e-14,7.93805786611329e-10,TRUE
214,2078746.74717244,0.0102850690216191,5.77922681070983e-12,5.77922681070983e-12,9.26021939159823e-16,7.93806712633268e-10,TRUE
215,2076745.02608236,0.0102751650544324,2.07141272068971e-10,2.07141272068971e-10,3.3190834816497e-14,7.93839903468085e-10,TRUE
216,2032066.36215023,0.0100541072738438,9.74411531959741e-08,9.74411531959741e-08,1.56132729501617e-11,8.09453176418247e-10,TRUE
217,2003218.89248961,0.009911377902427,5.55474053270346e-11,5.55474053270346e-11,8.90051864739316e-15,8.09462076936894e-10,TRUE
218,1989124.63519188,0.0098416433812244,1.29941925769205e-09,1.29941925769205e-09,2.0820964122047e-13,8.09670286578114e-10,TRUE
219,1960868.36957432,0.00970183912533555,2.06137485657681e-09,2.06137485657681e-09,3.30299952665831e-13,8.1000058653078e-10,TRUE
220,1930244.54957588,0.00955032085942941,1.69353627840259e-10,1.69353627840259e-10,2.71360131714792e-14,8.10027722543952e-10,TRUE
221,1887625.13315254,0.00933945167097659,4.22586461422878e-09,4.22586461422878e-09,6.77122299031965e-13,8.10704844842984e-10,TRUE
222,1879335.18944954,0.00929843530220212,1.33586113554316e-08,1.33586113554316e-08,2.14048826893504e-12,8.12845333111919e-10,TRUE
223,1866956.70912494,0.00923718997508647,2.72669226174443e-09,2.72669226174443e-09,4.36905651640714e-13,8.1328223876356e-10,TRUE
224,1864984.10414319,0.00922743006642161,4.61191914936962e-10,4.61191914936962e-10,7.38980914546081e-14,8.13356136855014e-10,TRUE
225,1849314.45628013,0.00914990094459124,1.76377805342331e-10,1.76377805342331e-10,2.82615170986511e-14,8.13384398372113e-10,TRUE
226,1829728.29334747,0.00905299397989962,1.46744845359561e-09,1.46744845359561e-09,2.35133436898073e-13,8.13619531809011e-10,TRUE
227,1786040.24186089,0.00883683747811761,8.36296672698118e-11,8.36296672698118e-11,1.34002193014761e-14,8.13632932028312e-10,TRUE
228,1775664.23302851,0.00878549983097271,9.47915041478533e-11,9.47915041478533e-11,1.5188712151633e-14,8.13648120740464e-10,TRUE
229,1763002.33279488,0.00872285221984602,2.94545038179642e-10,2.94545038179642e-10,4.71957887030074e-14,8.13695316529167e-10,TRUE
230,1751018.56850561,0.00866355983946267,8.62919732479245e-13,8.62919732479245e-13,1.38268081558744e-16,8.13695454797249e-10,TRUE
231,1741315.27017818,0.00861555057947429,2.00894788012546e-09,2.00894788012546e-09,3.21899429206916e-13,8.14017354226455e-10,TRUE
232,1677100.81232048,0.00829783504623264,1.14023422106837e-08,1.14023422106837e-08,1.8270297032354e-12,8.15844383929691e-10,TRUE
233,1638289.94939305,0.00810580953637186,2.49886326644047e-09,2.49886326644047e-09,4.00399964126039e-13,8.16244783893817e-10,TRUE
234,1632002.68714654,0.00807470188641386,2.94290153501008e-09,2.94290153501008e-09,4.71549478064477e-13,8.16716333371881e-10,TRUE
235,1619326.98663669,0.00801198599530372,6.63394832526461e-10,6.63394832526461e-10,1.06297639695734e-13,8.16822631011577e-10,TRUE
236,1607529.65084362,0.00795361601201068,7.33021116331885e-11,7.33021116331885e-11,1.17454057060512e-14,8.16834376417283e-10,TRUE
237,1592646.68442391,0.00787997917429519,5.84523402112597e-09,5.84523402112597e-09,9.36598462108328e-13,8.17770974879392e-10,TRUE
238,1589721.13865192,0.00786550437584665,4.88226990964546e-09,4.88226990964546e-09,7.8229998532905e-13,8.18553274864721e-10,TRUE
239,1574180.91947253,0.00778861563166055,1.9695458117969e-10,1.9695458117969e-10,3.15585923799427e-14,8.18584833457101e-10,TRUE
240,1552205.0598501,0.00767988510287751,1.43707946759624e-09,1.43707946759624e-09,2.30267327948457e-13,8.18815100785049e-10,TRUE
241,1536294.66323062,0.00760116482220103,1.30172373848701e-08,1.30172373848701e-08,2.08578894728663e-12,8.20900889732336e-10,TRUE
242,1527464.61611944,0.00755747616983095,1.46228577360191e-09,1.46228577360191e-09,2.34306206007919e-13,8.21135195938344e-10,TRUE
243,1524246.45551236,0.00754155359339805,8.53006877027288e-09,8.53006877027288e-09,1.36679716552681e-12,8.2250199310387e-10,TRUE
244,1492503.40601994,0.00738449768678977,8.92850920471879e-09,8.92850920471879e-09,1.43064040889313e-12,8.23932633512763e-10,TRUE
245,1461419.79596251,0.00723070450572209,4.81221976965077e-10,4.81221976965077e-10,7.71075652282267e-14,8.24009741077992e-10,TRUE
246,1444096.25895221,0.00714499239380087,2.99470014558184e-10,2.99470014558184e-10,4.79849316672396e-14,8.24057726009659e-10,TRUE
247,1413094.36955258,0.00699160354414447,1.49488016978644e-10,1.49488016978644e-10,2.39528898757164e-14,8.24081678899535e-10,TRUE
248,1412575.72103934,0.00698903741348718,7.3551554812617e-11,7.3551554812617e-11,1.17853746957258e-14,8.2409346427423e-10,TRUE
249,1389435.39154547,0.00687454540701682,1.03942874264164e-08,1.03942874264164e-08,1.6655062197866e-12,8.25758970494017e-10,TRUE
250,1357444.81633722,0.00671626481102521,7.00166477326361e-09,7.00166477326361e-09,1.12189664864325e-12,8.2688086714266e-10,TRUE
251,1347129.12478496,0.00666522559724648,3.95549679006736e-11,3.95549679006736e-11,6.33800494054107e-15,8.26887205147601e-10,TRUE
252,1312524.93592577,0.00649401355742585,5.1463074059958e-08,5.1463074059958e-08,8.2460746388797e-12,8.3513327978648e-10,TRUE
253,1308871.55349219,0.00647593762271045,2.53208253546457e-09,2.53208253546457e-09,4.05722782026551e-13,8.35539002568507e-10,TRUE
254,1267273.52247058,0.00627012196921503,4.31830707272199e-09,4.31830707272199e-09,6.91934616921263e-13,8.36230937185428e-10,TRUE
255,1241215.53630212,0.00614119419738739,6.77216608263978e-09,6.77216608263978e-09,1.08512342110142e-12,8.3731606060653e-10,TRUE
256,1226235.25611395,0.00606707587782388,1.88062301454984e-13,1.88062301454984e-13,3.01337571236132e-17,8.37316090740287e-10,TRUE
257,1218490.35635015,0.00602875623703812,1.38265292085455e-10,1.38265292085455e-10,2.21546407658201e-14,8.37338245381053e-10,TRUE
258,1204360.68762474,0.00595884650979927,2.56197233661981e-09,2.56197233661981e-09,4.10512109826523e-13,8.37748757490879e-10,TRUE
259,1153157.38025833,0.00570550658221308,2.52275991923419e-08,2.52275991923419e-08,4.04228992728698e-12,8.41791047418166e-10,TRUE
260,1146827.2150039,0.00567418665993363,7.85138994599539e-09,7.85138994599539e-09,1.25805052838852e-12,8.43049097946555e-10,TRUE
261,1127272.09580685,0.00557743329113524,4.11352801038031e-08,4.11352801038031e-08,6.5912228568388e-12,8.49640320803393e-10,TRUE
262,1098495.90534731,0.00543505658966441,8.2543401016408e-08,8.2543401016408e-08,1.32261637720138e-11,8.62866484575407e-10,TRUE
263,1091064.61647626,0.00539828860960033,3.79690063608182e-08,3.79690063608182e-08,6.08388181496168e-12,8.68950366390369e-10,TRUE
264,1082854.69266809,0.00535766815732823,2.33759238080194e-09,2.33759238080194e-09,3.74559071712495e-13,8.69324925462081e-10,TRUE
265,1068306.04231895,0.00528568542387797,1.96712187266874e-08,1.96712187266874e-08,3.15197529142947e-12,8.72476900753511e-10,TRUE
266,1061429.21033866,0.00525166074450633,5.37748219302465e-09,5.37748219302465e-09,8.61649257121037e-13,8.73338550010632e-10,TRUE
267,1058390.94255929,0.00523662822846777,1.49422898528231e-08,1.49422898528231e-08,2.39424557613096e-12,8.75732795586763e-10,TRUE
268,1046510.39921734,0.00517784655703399,8.45347568221104e-10,8.45347568221104e-10,1.35452443731309e-13,8.75868248030494e-10,TRUE
269,1032391.90720122,0.00510799212908867,4.44586346778505e-12,4.44586346778505e-12,7.12373340677464e-16,8.75868960403835e-10,TRUE
270,1004796.16662249,0.00497145597001063,2.77642295204964e-08,2.77642295204964e-08,4.44874141506321e-12,8.80317701818898e-10,TRUE
271,935024.06234649,0.00462624272590651,1.83706028304013e-09,1.83706028304013e-09,2.94357390940566e-13,8.80612059209839e-10,TRUE
272,880149.233091536,0.00435473711455464,1.48874002318944e-08,1.48874002318944e-08,2.38545045614744e-12,8.82997509665986e-10,TRUE
273,873486.401114871,0.00432177124853336,6.18025813182166e-08,6.18025813182166e-08,9.90280327661137e-12,8.92900312942597e-10,TRUE
274,860296.990162993,0.00425651365898856,7.3096255577798e-11,7.3096255577798e-11,1.17124208051562e-14,8.92912025363403e-10,TRUE
275,811590.634614254,0.0040155279644629,4.80155528938532e-10,4.80155528938532e-10,7.69366852295866e-14,8.92988962048632e-10,TRUE
276,808492.831818391,0.00400020088548412,4.76195457797263e-08,4.76195457797263e-08,7.63021517742371e-12,9.00619177226056e-10,TRUE
277,711867.357700785,0.00352212452919009,9.60447172194791e-08,9.60447172194791e-08,1.53895180443204e-11,9.16008695270376e-10,TRUE
278,704439.599940096,0.00348537402009202,1.19075898084943e-08,1.19075898084943e-08,1.90798696198382e-12,9.1791668223236e-10,TRUE
279,685147.551748756,0.0033899222545096,2.95724747899253e-10,2.95724747899253e-10,4.73848169446703e-14,9.17964067049305e-10,TRUE
280,635436.305873966,0.00314396463813889,1.41526976738733e-15,1.41526976738733e-15,2.26772697690562e-19,9.17964067276077e-10,TRUE
281,480503.368252995,0.00237739893728023,1.25887427097784e-07,1.25887427097784e-07,2.01713002751337e-11,9.38135367551211e-10,TRUE
282,461854.171909773,0.00228512782640602,9.54246428189624e-09,9.54246428189624e-09,1.52901617605826e-12,9.39664383727269e-10,TRUE
283,458888.653943291,0.00227045525649744,1.26908697031451e-07,1.26908697031451e-07,2.03349412595344e-11,9.59999324986804e-10,TRUE
284,350854.28074125,0.00173593079525571,7.28466949587962e-08,7.28466949587962e-08,1.1672432997805e-11,9.71671757984609e-10,TRUE
285,286120.107495906,0.00141564385275469,2.2640313327247e-09,2.2640313327247e-09,3.62772175883996e-13,9.72034530160493e-10,TRUE
286,204653.85726742,0.00101257118039949,4.8307876906581e-07,4.8307876906581e-07,7.74050843044033e-11,1.0494396144649e-09,TRUE
287,175842.804118756,0.000870021987900395,4.90809684715394e-09,4.90809684715394e-09,7.86438308938332e-13,1.05022605277383e-09,TRUE
288,169065.269554351,0.000836488604920421,2.22593176159659e-08,2.22593176159659e-08,3.56667373305244e-12,1.05379272650689e-09,TRUE
289,165628.861502703,0.000819486199963817,2.48119350807343e-09,2.48119350807343e-09,3.97568688517126e-13,1.0541902951954e-09,TRUE
290,145283.549922413,0.000718823175882475,7.21964687848648e-07,7.21964687848648e-07,1.15682454097074e-10,1.16987274929248e-09,TRUE
291,125050.424455144,0.00061871521793281,1.32656830149605e-07,1.32656830149605e-07,2.12559809679531e-11,1.19112873026043e-09,TRUE
292,86122.94386304,0.00042611271583768,8.455369513374e-08,8.455369513374e-08,1.35482789126349e-11,1.20467700917307e-09,TRUE
293,82198.1083656387,0.000406693705780692,3.50541919567507e-06,3.50541919567507e-06,5.61683281772498e-10,1.76636029094556e-09,TRUE
294,65192.3867290662,0.000322554057200364,4.15349068994864e-08,4.15349068994864e-08,6.65525619423838e-12,1.7730155471398e-09,TRUE
295,63960.9647815307,0.000316461318995305,1.94260993648697e-07,1.94260993648697e-07,3.11269911934094e-11,1.80414253833321e-09,TRUE
296,55204.8262520646,0.000273138346025695,2.09167556223301e-07,2.09167556223301e-07,3.35155120861975e-11,1.83765805041941e-09,TRUE
297,49301.0420119685,0.000243928040113861,5.26018305630801e-07,5.26018305630801e-07,8.42854083025633e-11,1.92194345872197e-09,TRUE
298,42443.689461449,0.000209999739620498,5.17426211269661e-07,5.17426211269661e-07,8.29086726003060e-11,2.00485213132228e-09,TRUE
299,21503.2953144257,0.000106392410139406,5.24173957622294e-08,5.24173957622294e-08,8.3989883178656e-12,2.01325111964014e-09,TRUE
300,246.769434115753,1.22094750876157e-06,0.000134604416276131,0,2.15680482289618e-08,2.35812993486019e-08,FALSE
301,89.5560188375939,4.43098629642577e-07,6.91418739453994e-05,0,1.10787989959852e-08,3.46600983445871e-08,FALSE
302,8.45277969845828,4.1822036638873e-08,0.000542822383800467,0,8.69779735127798e-08,1.21638071857367e-07,FALSE
303,3.17890111534516e-09,1.572833123068e-17,6240.91704887607,0,0.999999878361928,1,FALSE
304,-6.22460035715639e-10,-3.07976161080855e-18,0,0,0,1,FALSE
