"target","R","n","coefficient","method","source","reps","valid_reps","coverage","miss_below","miss_above","mean_length","median_length","mean_estimate","bias","zero_disagreement_rate","mean_loss_units","mean_chance_disagreement"
0.8,2,10,"Conger","anscombe_chance","Anscombe Poisson variance-stabilizing interval",500,500,0.796,0.094,0.11,0.957115890290881,0.804616340109011,0.787636413729095,-0.0123635862709054,0.188,7.668,0.2304975
0.8,2,10,"Conger","anscombe_plug","Anscombe Poisson variance-stabilizing interval",500,500,0.47,0.21,0.32,0.279951637887757,0.266717315353073,0.787636413729095,-0.0123635862709054,0.188,7.668,0.2304975
0.8,2,10,"Conger","delta2_fisher","Moss 2024 Fisher transform; second-order delta variance",500,500,0.768,0.026,0.206,0.794144763856557,0.899701109799956,0.787636413729095,-0.0123635862709054,0.188,7.668,0.2304975
0.8,2,10,"Conger","garwood_chance","Garwood exact Poisson count interval",500,500,0.844,0.092,0.064,1.01428893084593,0.876763691128423,0.787636413729095,-0.0123635862709054,0.188,7.668,0.2304975
0.8,2,10,"Conger","garwood_plug","Garwood exact Poisson count interval",500,500,0.512,0.204,0.284,0.310161237052871,0.291119270730657,0.787636413729095,-0.0123635862709054,0.188,7.668,0.2304975
0.8,2,10,"Conger","jeffreys_chance","Jeffreys Poisson count interval",500,500,0.794,0.096,0.11,0.958279012916495,0.807099405738503,0.787636413729095,-0.0123635862709054,0.188,7.668,0.2304975
0.8,2,10,"Conger","jeffreys_plug","Jeffreys Poisson count interval",500,500,0.466,0.216,0.318,0.279076096263773,0.266064559774908,0.787636413729095,-0.0123635862709054,0.188,7.668,0.2304975
0.8,2,10,"Conger","moss_fisher","Moss 2024 Fisher transform",500,500,0.748,0.026,0.226,0.68932663687574,0.75616030569198,0.787636413729095,-0.0123635862709054,0.188,7.668,0.2304975
0.8,2,20,"Conger","anscombe_chance","Anscombe Poisson variance-stabilizing interval",500,500,0.738,0.116,0.146,0.443360959208185,0.391414627966097,0.792737969387384,-0.00726203061261654,0.028,15.9,0.244394375
0.8,2,20,"Conger","anscombe_plug","Anscombe Poisson variance-stabilizing interval",500,500,0.466,0.236,0.298,0.192921979152985,0.188547284829213,0.792737969387384,-0.00726203061261654,0.028,15.9,0.244394375
0.8,2,20,"Conger","delta2_fisher","Moss 2024 Fisher transform; second-order delta variance",500,500,0.85,0.028,0.122,0.60491180360094,0.637832788577337,0.792737969387384,-0.00726203061261654,0.028,15.9,0.244394375
0.8,2,20,"Conger","garwood_chance","Garwood exact Poisson count interval",500,500,0.764,0.102,0.134,0.462525465503642,0.408747062519914,0.792737969387384,-0.00726203061261654,0.028,15.9,0.244394375
0.8,2,20,"Conger","garwood_plug","Garwood exact Poisson count interval",500,500,0.502,0.232,0.266,0.205874001891934,0.201601487739404,0.792737969387384,-0.00726203061261654,0.028,15.9,0.244394375
0.8,2,20,"Conger","jeffreys_chance","Jeffreys Poisson count interval",500,500,0.736,0.118,0.146,0.444231589887787,0.392320049182362,0.792737969387384,-0.00726203061261654,0.028,15.9,0.244394375
0.8,2,20,"Conger","jeffreys_plug","Jeffreys Poisson count interval",500,500,0.47,0.236,0.294,0.192583922814623,0.18780395237329,0.792737969387384,-0.00726203061261654,0.028,15.9,0.244394375
0.8,2,20,"Conger","moss_fisher","Moss 2024 Fisher transform",500,500,0.842,0.034,0.124,0.569438808240573,0.598946659636795,0.792737969387384,-0.00726203061261654,0.028,15.9,0.244394375
0.8,2,40,"Conger","anscombe_chance","Anscombe Poisson variance-stabilizing interval",500,500,0.734,0.132,0.134,0.274403834015673,0.267769112017161,0.789470043450461,-0.0105299565495394,0,33.15,0.24652765625
0.8,2,40,"Conger","anscombe_plug","Anscombe Poisson variance-stabilizing interval",500,500,0.452,0.282,0.266,0.139957960838329,0.141211387180736,0.789470043450461,-0.0105299565495394,0,33.15,0.24652765625
0.8,2,40,"Conger","delta2_fisher","Moss 2024 Fisher transform; second-order delta variance",500,500,0.914,0.02,0.066,0.433357879817305,0.45230012948791,0.789470043450461,-0.0105299565495394,0,33.15,0.24652765625
0.8,2,40,"Conger","garwood_chance","Garwood exact Poisson count interval",500,500,0.748,0.128,0.124,0.281971424956151,0.275433595092713,0.789470043450461,-0.0105299565495394,0,33.15,0.24652765625
0.8,2,40,"Conger","garwood_plug","Garwood exact Poisson count interval",500,500,0.476,0.272,0.252,0.146270921106662,0.147379853045495,0.789470043450461,-0.0105299565495394,0,33.15,0.24652765625
0.8,2,40,"Conger","jeffreys_chance","Jeffreys Poisson count interval",500,500,0.734,0.132,0.134,0.274675263000677,0.2680743882401,0.789470043450461,-0.0105299565495394,0,33.15,0.24652765625
0.8,2,40,"Conger","jeffreys_plug","Jeffreys Poisson count interval",500,500,0.446,0.288,0.266,0.139837711269358,0.14111027727194,0.789470043450461,-0.0105299565495394,0,33.15,0.24652765625
0.8,2,40,"Conger","moss_fisher","Moss 2024 Fisher transform",500,500,0.908,0.02,0.072,0.422140124634524,0.438367009611387,0.789470043450461,-0.0105299565495394,0,33.15,0.24652765625
0.8,5,10,"Conger","anscombe_chance","Anscombe Poisson variance-stabilizing interval",500,500,0.72,0.172,0.108,0.656941258761006,0.501508825413723,0.761773276088816,-0.0382267239111845,0.01,83.7,0.229357
0.8,5,10,"Conger","anscombe_plug","Anscombe Poisson variance-stabilizing interval",500,500,0.252,0.446,0.302,0.0989255301273711,0.0977344057333587,0.761773276088816,-0.0382267239111845,0.01,83.7,0.229357
0.8,5,10,"Conger","delta2_fisher","Moss 2024 Fisher transform; second-order delta variance",500,500,0.892,0.06,0.048,0.667695620178275,0.684965652675737,0.761773276088816,-0.0382267239111845,0.01,83.7,0.229357
0.8,5,10,"Conger","garwood_chance","Garwood exact Poisson count interval",500,500,0.724,0.17,0.106,0.662320098997217,0.50572527951403,0.761773276088816,-0.0382267239111845,0.01,83.7,0.229357
0.8,5,10,"Conger","garwood_plug","Garwood exact Poisson count interval",500,500,0.26,0.44,0.3,0.101867334381977,0.100503975682358,0.761773276088816,-0.0382267239111845,0.01,83.7,0.229357
0.8,5,10,"Conger","jeffreys_chance","Jeffreys Poisson count interval",500,500,0.72,0.174,0.106,0.657442067684695,0.501930828069317,0.761773276088816,-0.0382267239111845,0.01,83.7,0.229357
0.8,5,10,"Conger","jeffreys_plug","Jeffreys Poisson count interval",500,500,0.252,0.446,0.302,0.0988859942192741,0.0977089386877376,0.761773276088816,-0.0382267239111845,0.01,83.7,0.229357
0.8,5,10,"Conger","moss_fisher","Moss 2024 Fisher transform",500,500,0.86,0.07,0.07,0.58264764670312,0.609973595686895,0.761773276088816,-0.0382267239111845,0.01,83.7,0.229357
0.8,5,20,"Conger","anscombe_chance","Anscombe Poisson variance-stabilizing interval",500,500,0.752,0.14,0.108,0.269999727502825,0.254052366849467,0.78956934097985,-0.0104306590201505,0,158.508,0.2376781875
0.8,5,20,"Conger","anscombe_plug","Anscombe Poisson variance-stabilizing interval",500,500,0.258,0.374,0.368,0.064507666208196,0.0633852203186751,0.78956934097985,-0.0104306590201505,0,158.508,0.2376781875
0.8,5,20,"Conger","delta2_fisher","Moss 2024 Fisher transform; second-order delta variance",500,500,0.918,0.054,0.028,0.410325666868092,0.416619159132515,0.78956934097985,-0.0104306590201505,0,158.508,0.2376781875
0.8,5,20,"Conger","garwood_chance","Garwood exact Poisson count interval",500,500,0.754,0.14,0.106,0.271808942751943,0.255673807157592,0.78956934097985,-0.0104306590201505,0,158.508,0.2376781875
0.8,5,20,"Conger","garwood_plug","Garwood exact Poisson count interval",500,500,0.27,0.374,0.356,0.0658564071654098,0.0647688109223439,0.78956934097985,-0.0104306590201505,0,158.508,0.2376781875
0.8,5,20,"Conger","jeffreys_chance","Jeffreys Poisson count interval",500,500,0.752,0.14,0.108,0.270128733021905,0.254182935033794,0.78956934097985,-0.0104306590201505,0,158.508,0.2376781875
0.8,5,20,"Conger","jeffreys_plug","Jeffreys Poisson count interval",500,500,0.26,0.376,0.364,0.0644958294512895,0.0633777843402363,0.78956934097985,-0.0104306590201505,0,158.508,0.2376781875
0.8,5,20,"Conger","moss_fisher","Moss 2024 Fisher transform",500,500,0.912,0.058,0.03,0.387849255549838,0.393503244906707,0.78956934097985,-0.0104306590201505,0,158.508,0.2376781875
0.8,5,40,"Conger","anscombe_chance","Anscombe Poisson variance-stabilizing interval",500,500,0.758,0.132,0.11,0.157016867020776,0.151803804684295,0.796905265575734,-0.00309473442426556,0,319.152,0.246841625
0.8,5,40,"Conger","anscombe_plug","Anscombe Poisson variance-stabilizing interval",500,500,0.278,0.352,0.37,0.0442852363112993,0.0438461737964659,0.796905265575734,-0.00309473442426556,0,319.152,0.246841625
0.8,5,40,"Conger","delta2_fisher","Moss 2024 Fisher transform; second-order delta variance",500,500,0.954,0.026,0.02,0.262746117578953,0.264349508756753,0.796905265575734,-0.00309473442426556,0,319.152,0.246841625
0.8,5,40,"Conger","garwood_chance","Garwood exact Poisson count interval",500,500,0.758,0.132,0.11,0.15775176934756,0.152403194483511,0.796905265575734,-0.00309473442426556,0,319.152,0.246841625
0.8,5,40,"Conger","garwood_plug","Garwood exact Poisson count interval",500,500,0.282,0.352,0.366,0.0449253927574048,0.04444610810963,0.796905265575734,-0.00309473442426556,0,319.152,0.246841625
0.8,5,40,"Conger","jeffreys_chance","Jeffreys Poisson count interval",500,500,0.758,0.132,0.11,0.157052117808465,0.151829238804408,0.796905265575734,-0.00309473442426556,0,319.152,0.246841625
0.8,5,40,"Conger","jeffreys_plug","Jeffreys Poisson count interval",500,500,0.276,0.354,0.37,0.0442815145431272,0.0438429563179402,0.796905265575734,-0.00309473442426556,0,319.152,0.246841625
0.8,5,40,"Conger","moss_fisher","Moss 2024 Fisher transform",500,500,0.948,0.03,0.022,0.256631230715024,0.257670155963405,0.796905265575734,-0.00309473442426556,0,319.152,0.246841625
0.8,2,10,"Fleiss","anscombe_chance","Anscombe Poisson variance-stabilizing interval",500,500,0.786,0.104,0.11,0.953882867640117,0.811131994171415,0.783614002516618,-0.016385997483382,0.188,7.668,0.228325
0.8,2,10,"Fleiss","anscombe_plug","Anscombe Poisson variance-stabilizing interval",500,500,0.466,0.214,0.32,0.284193820509372,0.269411429649568,0.783614002516618,-0.016385997483382,0.188,7.668,0.228325
0.8,2,10,"Fleiss","delta2_fisher","Moss 2024 Fisher transform; second-order delta variance",500,500,0.776,0.022,0.202,0.82572264987346,0.935554459079218,0.783614002516618,-0.016385997483382,0.188,7.668,0.228325
0.8,2,10,"Fleiss","garwood_chance","Garwood exact Poisson count interval",500,500,0.832,0.104,0.064,1.01140604974597,0.879291452008727,0.783614002516618,-0.016385997483382,0.188,7.668,0.228325
0.8,2,10,"Fleiss","garwood_plug","Garwood exact Poisson count interval",500,500,0.506,0.21,0.284,0.314702368265006,0.294372794192392,0.783614002516618,-0.016385997483382,0.188,7.668,0.228325
0.8,2,10,"Fleiss","jeffreys_chance","Jeffreys Poisson count interval",500,500,0.782,0.108,0.11,0.95506118935674,0.812892712996039,0.783614002516618,-0.016385997483382,0.188,7.668,0.228325
0.8,2,10,"Fleiss","jeffreys_plug","Jeffreys Poisson count interval",500,500,0.462,0.22,0.318,0.283309903983583,0.268752080580715,0.783614002516618,-0.016385997483382,0.188,7.668,0.228325
0.8,2,10,"Fleiss","moss_fisher","Moss 2024 Fisher transform",500,500,0.75,0.024,0.226,0.71560446314895,0.783732921182674,0.783614002516618,-0.016385997483382,0.188,7.668,0.228325
0.8,2,20,"Fleiss","anscombe_chance","Anscombe Poisson variance-stabilizing interval",500,500,0.728,0.126,0.146,0.443879515231321,0.39217156775359,0.791310586555743,-0.00868941344425733,0.028,15.9,0.243306875
0.8,2,20,"Fleiss","anscombe_plug","Anscombe Poisson variance-stabilizing interval",500,500,0.466,0.236,0.298,0.194053309134587,0.189431560787244,0.791310586555743,-0.00868941344425733,0.028,15.9,0.243306875
0.8,2,20,"Fleiss","delta2_fisher","Moss 2024 Fisher transform; second-order delta variance",500,500,0.85,0.028,0.122,0.615751326208421,0.649244792812783,0.791310586555743,-0.00868941344425733,0.028,15.9,0.243306875
0.8,2,20,"Fleiss","garwood_chance","Garwood exact Poisson count interval",500,500,0.76,0.106,0.134,0.463106502415538,0.409564917877702,0.791310586555743,-0.00868941344425733,0.028,15.9,0.243306875
0.8,2,20,"Fleiss","garwood_plug","Garwood exact Poisson count interval",500,500,0.502,0.234,0.264,0.207065560719115,0.202944928438181,0.791310586555743,-0.00868941344425733,0.028,15.9,0.243306875
0.8,2,20,"Fleiss","jeffreys_chance","Jeffreys Poisson count interval",500,500,0.728,0.126,0.146,0.44474989899377,0.392777186878222,0.791310586555743,-0.00868941344425733,0.028,15.9,0.243306875
0.8,2,20,"Fleiss","jeffreys_plug","Jeffreys Poisson count interval",500,500,0.472,0.236,0.292,0.1937139262093,0.188684742144712,0.791310586555743,-0.00868941344425733,0.028,15.9,0.243306875
0.8,2,20,"Fleiss","moss_fisher","Moss 2024 Fisher transform",500,500,0.842,0.034,0.124,0.578921602463347,0.604591433243432,0.791310586555743,-0.00868941344425733,0.028,15.9,0.243306875
0.8,2,40,"Fleiss","anscombe_chance","Anscombe Poisson variance-stabilizing interval",500,500,0.732,0.134,0.134,0.274821416556747,0.2690580842207,0.788745487699329,-0.0112545123006714,0,33.15,0.2458394140625
0.8,2,40,"Fleiss","anscombe_plug","Anscombe Poisson variance-stabilizing interval",500,500,0.452,0.284,0.264,0.140390490700298,0.141557754537951,0.788745487699329,-0.0112545123006714,0,33.15,0.2458394140625
0.8,2,40,"Fleiss","delta2_fisher","Moss 2024 Fisher transform; second-order delta variance",500,500,0.914,0.02,0.066,0.43757180728701,0.454144428440659,0.788745487699329,-0.0112545123006714,0,33.15,0.2458394140625
0.8,2,40,"Fleiss","garwood_chance","Garwood exact Poisson count interval",500,500,0.748,0.13,0.122,0.282406662793313,0.276487611249949,0.788745487699329,-0.0112545123006714,0,33.15,0.2458394140625
0.8,2,40,"Fleiss","garwood_plug","Garwood exact Poisson count interval",500,500,0.472,0.276,0.252,0.146720643579202,0.147892637117588,0.788745487699329,-0.0112545123006714,0,33.15,0.2458394140625
0.8,2,40,"Fleiss","jeffreys_chance","Jeffreys Poisson count interval",500,500,0.728,0.138,0.134,0.275092912081103,0.269251547019274,0.788745487699329,-0.0112545123006714,0,33.15,0.2458394140625
0.8,2,40,"Fleiss","jeffreys_plug","Jeffreys Poisson count interval",500,500,0.448,0.29,0.262,0.140269958297412,0.141463627984216,0.788745487699329,-0.0112545123006714,0,33.15,0.2458394140625
0.8,2,40,"Fleiss","moss_fisher","Moss 2024 Fisher transform",500,500,0.908,0.02,0.072,0.426131100615972,0.442508120975204,0.788745487699329,-0.0112545123006714,0,33.15,0.2458394140625
0.8,5,10,"Fleiss","anscombe_chance","Anscombe Poisson variance-stabilizing interval",500,500,0.718,0.176,0.106,0.656162834889164,0.504901831783631,0.760217827924467,-0.0397821720755334,0.01,83.7,0.2283275
0.8,5,10,"Fleiss","anscombe_plug","Anscombe Poisson variance-stabilizing interval",500,500,0.252,0.446,0.302,0.0995037828939762,0.0981635311814869,0.760217827924467,-0.0397821720755334,0.01,83.7,0.2283275
0.8,5,10,"Fleiss","delta2_fisher","Moss 2024 Fisher transform; second-order delta variance",500,500,0.894,0.058,0.048,0.678932377499614,0.697225144526406,0.760217827924467,-0.0397821720755334,0.01,83.7,0.2283275
0.8,5,10,"Fleiss","garwood_chance","Garwood exact Poisson count interval",500,500,0.72,0.174,0.106,0.661577755534888,0.509274673047778,0.760217827924467,-0.0397821720755334,0.01,83.7,0.2283275
0.8,5,10,"Fleiss","garwood_plug","Garwood exact Poisson count interval",500,500,0.254,0.446,0.3,0.102460195897554,0.100992826753697,0.760217827924467,-0.0397821720755334,0.01,83.7,0.2283275
0.8,5,10,"Fleiss","jeffreys_chance","Jeffreys Poisson count interval",500,500,0.718,0.176,0.106,0.656666953193901,0.505352370826326,0.760217827924467,-0.0397821720755334,0.01,83.7,0.2283275
0.8,5,10,"Fleiss","jeffreys_plug","Jeffreys Poisson count interval",500,500,0.252,0.446,0.302,0.0994640919569928,0.0981257023338704,0.760217827924467,-0.0397821720755334,0.01,83.7,0.2283275
0.8,5,10,"Fleiss","moss_fisher","Moss 2024 Fisher transform",500,500,0.864,0.068,0.068,0.591961151863951,0.620663307354833,0.760217827924467,-0.0397821720755334,0.01,83.7,0.2283275
0.8,5,20,"Fleiss","anscombe_chance","Anscombe Poisson variance-stabilizing interval",500,500,0.752,0.14,0.108,0.270364689293818,0.254160785907091,0.789013616587497,-0.0109863834125029,0,158.508,0.23717045
0.8,5,20,"Fleiss","anscombe_plug","Anscombe Poisson variance-stabilizing interval",500,500,0.26,0.376,0.364,0.0646643567722482,0.0634698061456368,0.789013616587497,-0.0109863834125029,0,158.508,0.23717045
0.8,5,20,"Fleiss","delta2_fisher","Moss 2024 Fisher transform; second-order delta variance",500,500,0.918,0.054,0.028,0.413386425296408,0.41959225878067,0.789013616587497,-0.0109863834125029,0,158.508,0.23717045
0.8,5,20,"Fleiss","garwood_chance","Garwood exact Poisson count interval",500,500,0.754,0.14,0.106,0.272177495251774,0.255763826455548,0.789013616587497,-0.0109863834125029,0,158.508,0.23717045
0.8,5,20,"Fleiss","garwood_plug","Garwood exact Poisson count interval",500,500,0.27,0.374,0.356,0.0660160697377412,0.0648147123232408,0.789013616587497,-0.0109863834125029,0,158.508,0.23717045
0.8,5,20,"Fleiss","jeffreys_chance","Jeffreys Poisson count interval",500,500,0.754,0.14,0.106,0.270493887304941,0.254291482950402,0.789013616587497,-0.0109863834125029,0,158.508,0.23717045
0.8,5,20,"Fleiss","jeffreys_plug","Jeffreys Poisson count interval",500,500,0.262,0.376,0.362,0.0646524967943382,0.0634623634126278,0.789013616587497,-0.0109863834125029,0,158.508,0.23717045
0.8,5,20,"Fleiss","moss_fisher","Moss 2024 Fisher transform",500,500,0.912,0.058,0.03,0.390650609046495,0.397734987721684,0.789013616587497,-0.0109863834125029,0,158.508,0.23717045
0.8,5,40,"Fleiss","anscombe_chance","Anscombe Poisson variance-stabilizing interval",500,500,0.758,0.132,0.11,0.15715119828977,0.151993394716524,0.796695722222023,-0.00330427777797704,0,319.152,0.24660660625
0.8,5,40,"Fleiss","anscombe_plug","Anscombe Poisson variance-stabilizing interval",500,500,0.276,0.354,0.37,0.0443293423776449,0.0438883047616201,0.796695722222023,-0.00330427777797704,0,319.152,0.24660660625
0.8,5,40,"Fleiss","delta2_fisher","Moss 2024 Fisher transform; second-order delta variance",500,500,0.954,0.026,0.02,0.263531456258476,0.265085290843028,0.796695722222023,-0.00330427777797704,0,319.152,0.24660660625
0.8,5,40,"Fleiss","garwood_chance","Garwood exact Poisson count interval",500,500,0.758,0.132,0.11,0.157886790073383,0.152653702829438,0.796695722222023,-0.00330427777797704,0,319.152,0.24660660625
0.8,5,40,"Fleiss","garwood_plug","Garwood exact Poisson count interval",500,500,0.282,0.352,0.366,0.0449701125212589,0.0444691303238812,0.796695722222023,-0.00330427777797704,0,319.152,0.24660660625
0.8,5,40,"Fleiss","jeffreys_chance","Jeffreys Poisson count interval",500,500,0.758,0.132,0.11,0.157186478702981,0.152023278945823,0.796695722222023,-0.00330427777797704,0,319.152,0.24660660625
0.8,5,40,"Fleiss","jeffreys_plug","Jeffreys Poisson count interval",500,500,0.276,0.354,0.37,0.0443256171886494,0.0438849938353588,0.796695722222023,-0.00330427777797704,0,319.152,0.24660660625
0.8,5,40,"Fleiss","moss_fisher","Moss 2024 Fisher transform",500,500,0.948,0.03,0.022,0.257389408390958,0.258122455589401,0.796695722222023,-0.00330427777797704,0,319.152,0.24660660625
0.9,2,10,"Conger","anscombe_chance","Anscombe Poisson variance-stabilizing interval",500,500,0.832,0.126,0.042,0.711557238695421,0.4615691598507,0.889853409868763,-0.0101465901312368,0.442,3.874,0.229685
0.9,2,10,"Conger","anscombe_plug","Anscombe Poisson variance-stabilizing interval",500,500,0.386,0.202,0.412,0.190154577740764,0.125689430292848,0.889853409868763,-0.0101465901312368,0.442,3.874,0.229685
0.9,2,10,"Conger","delta2_fisher","Moss 2024 Fisher transform; second-order delta variance",500,500,0.526,0.032,0.442,0.512693165001391,0.265995119245162,0.889853409868763,-0.0101465901312368,0.442,3.874,0.229685
0.9,2,10,"Conger","garwood_chance","Garwood exact Poisson count interval",500,500,0.866,0.12,0.014,0.789326538736593,0.550990393685265,0.889853409868763,-0.0101465901312368,0.442,3.874,0.229685
0.9,2,10,"Conger","garwood_plug","Garwood exact Poisson count interval",500,500,0.602,0.184,0.214,0.221420356950182,0.161861028820952,0.889853409868763,-0.0101465901312368,0.442,3.874,0.229685
0.9,2,10,"Conger","jeffreys_chance","Jeffreys Poisson count interval",500,500,0.83,0.128,0.042,0.711946919567582,0.463183743277829,0.889853409868763,-0.0101465901312368,0.442,3.874,0.229685
0.9,2,10,"Conger","jeffreys_plug","Jeffreys Poisson count interval",500,500,0.38,0.212,0.408,0.189316786402522,0.124671375660186,0.889853409868763,-0.0101465901312368,0.442,3.874,0.229685
0.9,2,10,"Conger","moss_fisher","Moss 2024 Fisher transform",500,500,0.524,0.034,0.442,0.433394435711986,0.194790283866201,0.889853409868763,-0.0101465901312368,0.442,3.874,0.229685
0.9,2,20,"Conger","anscombe_chance","Anscombe Poisson variance-stabilizing interval",500,500,0.584,0.146,0.27,0.289651526386363,0.231183311705877,0.890480038472306,-0.0095199615276943,0.212,8.254,0.240241875
0.9,2,20,"Conger","anscombe_plug","Anscombe Poisson variance-stabilizing interval",500,500,0.364,0.246,0.39,0.131617288521978,0.121672861451552,0.890480038472306,-0.0095199615276943,0.212,8.254,0.240241875
0.9,2,20,"Conger","delta2_fisher","Moss 2024 Fisher transform; second-order delta variance",500,500,0.718,0.042,0.24,0.421915934410461,0.399129463130399,0.890480038472306,-0.0095199615276943,0.212,8.254,0.240241875
0.9,2,20,"Conger","garwood_chance","Garwood exact Poisson count interval",500,500,0.678,0.144,0.178,0.311351515794529,0.251707530626452,0.890480038472306,-0.0095199615276943,0.212,8.254,0.240241875
0.9,2,20,"Conger","garwood_plug","Garwood exact Poisson count interval",500,500,0.39,0.232,0.378,0.14527483388946,0.13488235859449,0.890480038472306,-0.0095199615276943,0.212,8.254,0.240241875
0.9,2,20,"Conger","jeffreys_chance","Jeffreys Poisson count interval",500,500,0.588,0.146,0.266,0.290141001554304,0.231933774345145,0.890480038472306,-0.0095199615276943,0.212,8.254,0.240241875
0.9,2,20,"Conger","jeffreys_plug","Jeffreys Poisson count interval",500,500,0.358,0.252,0.39,0.131237518521623,0.121234956782,0.890480038472306,-0.0095199615276943,0.212,8.254,0.240241875
0.9,2,20,"Conger","moss_fisher","Moss 2024 Fisher transform",500,500,0.67,0.048,0.282,0.392362087633077,0.354666065097905,0.890480038472306,-0.0095199615276943,0.212,8.254,0.240241875
0.9,2,40,"Conger","anscombe_chance","Anscombe Poisson variance-stabilizing interval",500,500,0.636,0.122,0.242,0.161991103327656,0.157179903052,0.901858380711057,0.00185838071105693,0.04,15.366,0.24560515625
0.9,2,40,"Conger","anscombe_plug","Anscombe Poisson variance-stabilizing interval",500,500,0.426,0.224,0.35,0.0918998239428828,0.0940526505575632,0.901858380711057,0.00185838071105693,0.04,15.366,0.24560515625
0.9,2,40,"Conger","delta2_fisher","Moss 2024 Fisher transform; second-order delta variance",500,500,0.816,0.02,0.164,0.314124551561418,0.323065691973197,0.901858380711057,0.00185838071105693,0.04,15.366,0.24560515625
0.9,2,40,"Conger","garwood_chance","Garwood exact Poisson count interval",500,500,0.662,0.118,0.22,0.169929800902621,0.164460697855752,0.901858380711057,0.00185838071105693,0.04,15.366,0.24560515625
0.9,2,40,"Conger","garwood_plug","Garwood exact Poisson count interval",500,500,0.446,0.22,0.334,0.0982329005726316,0.100296250563892,0.901858380711057,0.00185838071105693,0.04,15.366,0.24560515625
0.9,2,40,"Conger","jeffreys_chance","Jeffreys Poisson count interval",500,500,0.64,0.122,0.238,0.16218134264499,0.157390526060888,0.901858380711057,0.00185838071105693,0.04,15.366,0.24560515625
0.9,2,40,"Conger","jeffreys_plug","Jeffreys Poisson count interval",500,500,0.426,0.224,0.35,0.0917328094824627,0.0938918655608116,0.901858380711057,0.00185838071105693,0.04,15.366,0.24560515625
0.9,2,40,"Conger","moss_fisher","Moss 2024 Fisher transform",500,500,0.816,0.02,0.164,0.303757275733186,0.312212441413143,0.901858380711057,0.00185838071105693,0.04,15.366,0.24560515625
0.9,5,10,"Conger","anscombe_chance","Anscombe Poisson variance-stabilizing interval",500,500,0.618,0.164,0.218,0.453721160525267,0.273599329673605,0.888549326998932,-0.0114506730010676,0.158,39.036,0.22443475
0.9,5,10,"Conger","anscombe_plug","Anscombe Poisson variance-stabilizing interval",500,500,0.206,0.354,0.44,0.0616416388342096,0.062281284553003,0.888549326998932,-0.0114506730010676,0.158,39.036,0.22443475
0.9,5,10,"Conger","delta2_fisher","Moss 2024 Fisher transform; second-order delta variance",500,500,0.772,0.048,0.18,0.500410520210681,0.535171575055867,0.888549326998932,-0.0114506730010676,0.158,39.036,0.22443475
0.9,5,10,"Conger","garwood_chance","Garwood exact Poisson count interval",500,500,0.634,0.162,0.204,0.462846193789843,0.286784449088922,0.888549326998932,-0.0114506730010676,0.158,39.036,0.22443475
0.9,5,10,"Conger","garwood_plug","Garwood exact Poisson count interval",500,500,0.212,0.35,0.438,0.0647108496198667,0.0644972061673755,0.888549326998932,-0.0114506730010676,0.158,39.036,0.22443475
0.9,5,10,"Conger","jeffreys_chance","Jeffreys Poisson count interval",500,500,0.618,0.166,0.216,0.454264795729751,0.27400475862025,0.888549326998932,-0.0114506730010676,0.158,39.036,0.22443475
0.9,5,10,"Conger","jeffreys_plug","Jeffreys Poisson count interval",500,500,0.204,0.356,0.44,0.0615804589127579,0.0622305356708451,0.888549326998932,-0.0114506730010676,0.158,39.036,0.22443475
0.9,5,10,"Conger","moss_fisher","Moss 2024 Fisher transform",500,500,0.726,0.06,0.214,0.408730991153794,0.431544016120989,0.888549326998932,-0.0114506730010676,0.158,39.036,0.22443475
0.9,5,20,"Conger","anscombe_chance","Anscombe Poisson variance-stabilizing interval",500,500,0.648,0.172,0.18,0.159689697517934,0.143016194309656,0.895769605634401,-0.00423039436559902,0.008,77.356,0.236515375
0.9,5,20,"Conger","anscombe_plug","Anscombe Poisson variance-stabilizing interval",500,500,0.27,0.33,0.4,0.044355941250056,0.0437060834858245,0.895769605634401,-0.00423039436559902,0.008,77.356,0.236515375
0.9,5,20,"Conger","delta2_fisher","Moss 2024 Fisher transform; second-order delta variance",500,500,0.904,0.03,0.066,0.324973976554955,0.33285246078799,0.895769605634401,-0.00423039436559902,0.008,77.356,0.236515375
0.9,5,20,"Conger","garwood_chance","Garwood exact Poisson count interval",500,500,0.654,0.17,0.176,0.161615340331484,0.144672122817332,0.895769605634401,-0.00423039436559902,0.008,77.356,0.236515375
0.9,5,20,"Conger","garwood_plug","Garwood exact Poisson count interval",500,500,0.28,0.326,0.394,0.0457099551495812,0.0449892060939033,0.895769605634401,-0.00423039436559902,0.008,77.356,0.236515375
0.9,5,20,"Conger","jeffreys_chance","Jeffreys Poisson count interval",500,500,0.646,0.174,0.18,0.159821620212898,0.143130705848257,0.895769605634401,-0.00423039436559902,0.008,77.356,0.236515375
0.9,5,20,"Conger","jeffreys_plug","Jeffreys Poisson count interval",500,500,0.27,0.33,0.4,0.0443373455039978,0.0436915182068907,0.895769605634401,-0.00423039436559902,0.008,77.356,0.236515375
0.9,5,20,"Conger","moss_fisher","Moss 2024 Fisher transform",500,500,0.892,0.038,0.07,0.30083064474529,0.306032901543239,0.895769605634401,-0.00423039436559902,0.008,77.356,0.236515375
0.9,5,40,"Conger","anscombe_chance","Anscombe Poisson variance-stabilizing interval",500,500,0.608,0.174,0.218,0.0904564778268962,0.0878456750856656,0.900181362351966,0.000181362351965975,0,156.06,0.245549421875
0.9,5,40,"Conger","anscombe_plug","Anscombe Poisson variance-stabilizing interval",500,500,0.228,0.336,0.436,0.0305633075417454,0.0305759169600469,0.900181362351966,0.000181362351965975,0,156.06,0.245549421875
0.9,5,40,"Conger","delta2_fisher","Moss 2024 Fisher transform; second-order delta variance",500,500,0.92,0.026,0.054,0.204777172999447,0.214987505678756,0.900181362351966,0.000181362351965975,0,156.06,0.245549421875
0.9,5,40,"Conger","garwood_chance","Garwood exact Poisson count interval",500,500,0.608,0.174,0.218,0.0912079511827475,0.0886289941139553,0.900181362351966,0.000181362351965975,0,156.06,0.245549421875
0.9,5,40,"Conger","garwood_plug","Garwood exact Poisson count interval",500,500,0.232,0.332,0.436,0.0312047024997233,0.0313002956858276,0.900181362351966,0.000181362351965975,0,156.06,0.245549421875
0.9,5,40,"Conger","jeffreys_chance","Jeffreys Poisson count interval",500,500,0.608,0.174,0.218,0.0904922311340197,0.0878771842635872,0.900181362351966,0.000181362351965975,0,156.06,0.245549421875
0.9,5,40,"Conger","jeffreys_plug","Jeffreys Poisson count interval",500,500,0.226,0.338,0.436,0.0305575946059573,0.0305691367501954,0.900181362351966,0.000181362351965975,0,156.06,0.245549421875
0.9,5,40,"Conger","moss_fisher","Moss 2024 Fisher transform",500,500,0.912,0.032,0.056,0.198903259556004,0.208493909108922,0.900181362351966,0.000181362351965975,0,156.06,0.245549421875
0.9,2,10,"Fleiss","anscombe_chance","Anscombe Poisson variance-stabilizing interval",500,500,0.828,0.13,0.042,0.711661038297419,0.463927554120023,0.888110392976092,-0.0118896070239085,0.442,3.874,0.228514375
0.9,2,10,"Fleiss","anscombe_plug","Anscombe Poisson variance-stabilizing interval",500,500,0.38,0.208,0.412,0.19216564898594,0.125952724169931,0.888110392976092,-0.0118896070239085,0.442,3.874,0.228514375
0.9,2,10,"Fleiss","delta2_fisher","Moss 2024 Fisher transform; second-order delta variance",500,500,0.53,0.028,0.442,0.531317572021132,0.270106067755393,0.888110392976092,-0.0118896070239085,0.442,3.874,0.228514375
0.9,2,10,"Fleiss","garwood_chance","Garwood exact Poisson count interval",500,500,0.862,0.124,0.014,0.789472086263248,0.553696555509481,0.888110392976092,-0.0118896070239085,0.442,3.874,0.228514375
0.9,2,10,"Fleiss","garwood_plug","Garwood exact Poisson count interval",500,500,0.596,0.19,0.214,0.223586004454777,0.162269892889448,0.888110392976092,-0.0118896070239085,0.442,3.874,0.228514375
0.9,2,10,"Fleiss","jeffreys_chance","Jeffreys Poisson count interval",500,500,0.824,0.134,0.042,0.71201454178358,0.466364662275561,0.888110392976092,-0.0118896070239085,0.442,3.874,0.228514375
0.9,2,10,"Fleiss","jeffreys_plug","Jeffreys Poisson count interval",500,500,0.378,0.214,0.408,0.191323298338504,0.124932910056554,0.888110392976092,-0.0118896070239085,0.442,3.874,0.228514375
0.9,2,10,"Fleiss","moss_fisher","Moss 2024 Fisher transform",500,500,0.528,0.03,0.442,0.447453266153553,0.196076500563947,0.888110392976092,-0.0118896070239085,0.442,3.874,0.228514375
0.9,2,20,"Fleiss","anscombe_chance","Anscombe Poisson variance-stabilizing interval",500,500,0.584,0.146,0.27,0.289481945606799,0.231797301047716,0.889826603754716,-0.0101733962452845,0.212,8.254,0.23962671875
0.9,2,20,"Fleiss","anscombe_plug","Anscombe Poisson variance-stabilizing interval",500,500,0.364,0.246,0.39,0.132196139473118,0.121693171890732,0.889826603754716,-0.0101733962452845,0.212,8.254,0.23962671875
0.9,2,20,"Fleiss","delta2_fisher","Moss 2024 Fisher transform; second-order delta variance",500,500,0.722,0.038,0.24,0.428886559838299,0.40273410104662,0.889826603754716,-0.0101733962452845,0.212,8.254,0.23962671875
0.9,2,20,"Fleiss","garwood_chance","Garwood exact Poisson count interval",500,500,0.676,0.146,0.178,0.311210525944957,0.253410272509852,0.889826603754716,-0.0101733962452845,0.212,8.254,0.23962671875
0.9,2,20,"Fleiss","garwood_plug","Garwood exact Poisson count interval",500,500,0.386,0.236,0.378,0.145888974050199,0.135173498762866,0.889826603754716,-0.0101733962452845,0.212,8.254,0.23962671875
0.9,2,20,"Fleiss","jeffreys_chance","Jeffreys Poisson count interval",500,500,0.584,0.15,0.266,0.289969738648412,0.232551525504534,0.889826603754716,-0.0101733962452845,0.212,8.254,0.23962671875
0.9,2,20,"Fleiss","jeffreys_plug","Jeffreys Poisson count interval",500,500,0.356,0.254,0.39,0.131815481839578,0.121288717179873,0.889826603754716,-0.0101733962452845,0.212,8.254,0.23962671875
0.9,2,20,"Fleiss","moss_fisher","Moss 2024 Fisher transform",500,500,0.67,0.048,0.282,0.398088118914578,0.357886380661817,0.889826603754716,-0.0101733962452845,0.212,8.254,0.23962671875
0.9,2,40,"Fleiss","anscombe_chance","Anscombe Poisson variance-stabilizing interval",500,500,0.636,0.122,0.242,0.162164752951472,0.157832364947633,0.901669664599965,0.0016696645999652,0.04,15.366,0.2453063671875
0.9,2,40,"Fleiss","anscombe_plug","Anscombe Poisson variance-stabilizing interval",500,500,0.426,0.224,0.35,0.0920469963270833,0.0941804526778015,0.901669664599965,0.0016696645999652,0.04,15.366,0.2453063671875
0.9,2,40,"Fleiss","delta2_fisher","Moss 2024 Fisher transform; second-order delta variance",500,500,0.816,0.02,0.164,0.316103975476773,0.324759086832005,0.901669664599965,0.0016696645999652,0.04,15.366,0.2453063671875
0.9,2,40,"Fleiss","garwood_chance","Garwood exact Poisson count interval",500,500,0.662,0.118,0.22,0.170112001467249,0.164908115265149,0.901669664599965,0.0016696645999652,0.04,15.366,0.2453063671875
0.9,2,40,"Fleiss","garwood_plug","Garwood exact Poisson count interval",500,500,0.446,0.22,0.334,0.098387754264872,0.100365319276747,0.901669664599965,0.0016696645999652,0.04,15.366,0.2453063671875
0.9,2,40,"Fleiss","jeffreys_chance","Jeffreys Poisson count interval",500,500,0.64,0.122,0.238,0.162355099230319,0.158044652047909,0.901669664599965,0.0016696645999652,0.04,15.366,0.2453063671875
0.9,2,40,"Fleiss","jeffreys_plug","Jeffreys Poisson count interval",500,500,0.426,0.224,0.35,0.0918798161338461,0.0940092689302564,0.901669664599965,0.0016696645999652,0.04,15.366,0.2453063671875
0.9,2,40,"Fleiss","moss_fisher","Moss 2024 Fisher transform",500,500,0.816,0.02,0.164,0.30548780579409,0.313607543516855,0.901669664599965,0.0016696645999652,0.04,15.366,0.2453063671875
0.9,5,10,"Fleiss","anscombe_chance","Anscombe Poisson variance-stabilizing interval",500,500,0.614,0.17,0.216,0.453379419366504,0.27392107775542,0.888055728173312,-0.0119442718266879,0.158,39.036,0.2239413
0.9,5,10,"Fleiss","anscombe_plug","Anscombe Poisson variance-stabilizing interval",500,500,0.204,0.356,0.44,0.0618596679805475,0.0624087275177618,0.888055728173312,-0.0119442718266879,0.158,39.036,0.2239413
0.9,5,10,"Fleiss","delta2_fisher","Moss 2024 Fisher transform; second-order delta variance",500,500,0.774,0.046,0.18,0.506834551942704,0.541597246373036,0.888055728173312,-0.0119442718266879,0.158,39.036,0.2239413
0.9,5,10,"Fleiss","garwood_chance","Garwood exact Poisson count interval",500,500,0.63,0.166,0.204,0.462460550429183,0.288041195537814,0.888055728173312,-0.0119442718266879,0.158,39.036,0.2239413
0.9,5,10,"Fleiss","garwood_plug","Garwood exact Poisson count interval",500,500,0.212,0.35,0.438,0.0649356445671101,0.0646640896217023,0.888055728173312,-0.0119442718266879,0.158,39.036,0.2239413
0.9,5,10,"Fleiss","jeffreys_chance","Jeffreys Poisson count interval",500,500,0.616,0.17,0.214,0.453919134903588,0.274326752738469,0.888055728173312,-0.0119442718266879,0.158,39.036,0.2239413
0.9,5,10,"Fleiss","jeffreys_plug","Jeffreys Poisson count interval",500,500,0.204,0.356,0.44,0.061798395538798,0.0623578961320835,0.888055728173312,-0.0119442718266879,0.158,39.036,0.2239413
0.9,5,10,"Fleiss","moss_fisher","Moss 2024 Fisher transform",500,500,0.726,0.06,0.214,0.41325788275079,0.43823837297595,0.888055728173312,-0.0119442718266879,0.158,39.036,0.2239413
0.9,5,20,"Fleiss","anscombe_chance","Anscombe Poisson variance-stabilizing interval",500,500,0.644,0.176,0.18,0.159833785851966,0.143333185762429,0.895619118622157,-0.0043808813778432,0.008,77.356,0.236276025
0.9,5,20,"Fleiss","anscombe_plug","Anscombe Poisson variance-stabilizing interval",500,500,0.27,0.33,0.4,0.0444118082629232,0.0437479467391094,0.895619118622157,-0.0043808813778432,0.008,77.356,0.236276025
0.9,5,20,"Fleiss","delta2_fisher","Moss 2024 Fisher transform; second-order delta variance",500,500,0.904,0.03,0.066,0.326489157276922,0.334965249292785,0.895619118622157,-0.0043808813778432,0.008,77.356,0.236276025
0.9,5,20,"Fleiss","garwood_chance","Garwood exact Poisson count interval",500,500,0.652,0.172,0.176,0.161761401971359,0.144992417665939,0.895619118622157,-0.0043808813778432,0.008,77.356,0.236276025
0.9,5,20,"Fleiss","garwood_plug","Garwood exact Poisson count interval",500,500,0.28,0.326,0.394,0.0457672443407498,0.0450340619028451,0.895619118622157,-0.0043808813778432,0.008,77.356,0.236276025
0.9,5,20,"Fleiss","jeffreys_chance","Jeffreys Poisson count interval",500,500,0.644,0.176,0.18,0.159965842252692,0.143448026620456,0.895619118622157,-0.0043808813778432,0.008,77.356,0.236276025
0.9,5,20,"Fleiss","jeffreys_plug","Jeffreys Poisson count interval",500,500,0.27,0.33,0.4,0.0443931971847201,0.0437333675440614,0.895619118622157,-0.0043808813778432,0.008,77.356,0.236276025
0.9,5,20,"Fleiss","moss_fisher","Moss 2024 Fisher transform",500,500,0.894,0.036,0.07,0.30209047505516,0.30725076685189,0.895619118622157,-0.0043808813778432,0.008,77.356,0.236276025
0.9,5,40,"Fleiss","anscombe_chance","Anscombe Poisson variance-stabilizing interval",500,500,0.608,0.174,0.218,0.0905021908572752,0.0878601374709678,0.900120746575723,0.000120746575723252,0,156.06,0.24542905
0.9,5,40,"Fleiss","anscombe_plug","Anscombe Poisson variance-stabilizing interval",500,500,0.226,0.338,0.436,0.0305803384078784,0.0305856340685147,0.900120746575723,0.000120746575723252,0,156.06,0.24542905
0.9,5,40,"Fleiss","delta2_fisher","Moss 2024 Fisher transform; second-order delta variance",500,500,0.92,0.026,0.054,0.205163454100699,0.21525827129771,0.900120746575723,0.000120746575723252,0,156.06,0.24542905
0.9,5,40,"Fleiss","garwood_chance","Garwood exact Poisson count interval",500,500,0.608,0.174,0.218,0.0912540331601663,0.0886535311805469,0.900120746575723,0.000120746575723252,0,156.06,0.24542905
0.9,5,40,"Fleiss","garwood_plug","Garwood exact Poisson count interval",500,500,0.232,0.332,0.436,0.0312220556643593,0.0313102365897612,0.900120746575723,0.000120746575723252,0,156.06,0.24542905
0.9,5,40,"Fleiss","jeffreys_chance","Jeffreys Poisson count interval",500,500,0.608,0.174,0.218,0.09053796045421,0.0878940289366161,0.900120746575723,0.000120746575723252,0,156.06,0.24542905
0.9,5,40,"Fleiss","jeffreys_plug","Jeffreys Poisson count interval",500,500,0.224,0.34,0.436,0.0305746229596575,0.0305788518233268,0.900120746575723,0.000120746575723252,0,156.06,0.24542905
0.9,5,40,"Fleiss","moss_fisher","Moss 2024 Fisher transform",500,500,0.912,0.032,0.056,0.199263324354329,0.208913299554231,0.900120746575723,0.000120746575723252,0,156.06,0.24542905
0.95,2,10,"Conger","anscombe_chance","Anscombe Poisson variance-stabilizing interval",500,500,0.86,0.136,0.004,0.554184181237466,0.296452833669123,0.939808456807064,-0.0101915431929361,0.664,2.13,0.2283675
0.95,2,10,"Conger","anscombe_plug","Anscombe Poisson variance-stabilizing interval",500,500,0.784,0.148,0.068,0.143813450014665,0.0880414105646652,0.939808456807064,-0.0101915431929361,0.664,2.13,0.2283675
0.95,2,10,"Conger","delta2_fisher","Moss 2024 Fisher transform; second-order delta variance",500,500,0.306,0.03,0.664,0.297662675731758,0,0.939808456807064,-0.0101915431929361,0.664,2.13,0.2283675
0.95,2,10,"Conger","garwood_chance","Garwood exact Poisson count interval",500,500,0.868,0.132,0,0.647543152158418,0.421410334287753,0.939808456807064,-0.0101915431929361,0.664,2.13,0.2283675
0.95,2,10,"Conger","garwood_plug","Garwood exact Poisson count interval",500,500,0.856,0.142,0.002,0.177443087138003,0.123787901144763,0.939808456807064,-0.0101915431929361,0.664,2.13,0.2283675
0.95,2,10,"Conger","jeffreys_chance","Jeffreys Poisson count interval",500,500,0.86,0.136,0.004,0.553367097529563,0.293678692197183,0.939808456807064,-0.0101915431929361,0.664,2.13,0.2283675
0.95,2,10,"Conger","jeffreys_plug","Jeffreys Poisson count interval",500,500,0.772,0.16,0.068,0.142993391752647,0.087203196496488,0.939808456807064,-0.0101915431929361,0.664,2.13,0.2283675
0.95,2,10,"Conger","moss_fisher","Moss 2024 Fisher transform",500,500,0.296,0.04,0.664,0.255333577834797,0,0.939808456807064,-0.0101915431929361,0.664,2.13,0.2283675
0.95,2,20,"Conger","anscombe_chance","Anscombe Poisson variance-stabilizing interval",500,500,0.722,0.16,0.118,0.195550086576199,0.120004990859101,0.940957196198788,-0.00904280380121147,0.41,4.466,0.2396125
0.95,2,20,"Conger","anscombe_plug","Anscombe Poisson variance-stabilizing interval",500,500,0.358,0.236,0.406,0.0936205198514686,0.0648312006335746,0.940957196198788,-0.00904280380121147,0.41,4.466,0.2396125
0.95,2,20,"Conger","delta2_fisher","Moss 2024 Fisher transform; second-order delta variance",500,500,0.564,0.026,0.41,0.292200079783549,0.120951171217496,0.940957196198788,-0.00904280380121147,0.41,4.466,0.2396125
0.95,2,20,"Conger","garwood_chance","Garwood exact Poisson count interval",500,500,0.842,0.146,0.012,0.219627899860272,0.146972777461973,0.940957196198788,-0.00904280380121147,0.41,4.466,0.2396125
0.95,2,20,"Conger","garwood_plug","Garwood exact Poisson count interval",500,500,0.548,0.226,0.226,0.107701793096112,0.0785604829057114,0.940957196198788,-0.00904280380121147,0.41,4.466,0.2396125
0.95,2,20,"Conger","jeffreys_chance","Jeffreys Poisson count interval",500,500,0.716,0.16,0.124,0.195745799060203,0.119708160960352,0.940957196198788,-0.00904280380121147,0.41,4.466,0.2396125
0.95,2,20,"Conger","jeffreys_plug","Jeffreys Poisson count interval",500,500,0.354,0.242,0.404,0.0932408287779579,0.0644049822969626,0.940957196198788,-0.00904280380121147,0.41,4.466,0.2396125
0.95,2,20,"Conger","moss_fisher","Moss 2024 Fisher transform",500,500,0.546,0.044,0.41,0.269054003774424,0.105422603587914,0.940957196198788,-0.00904280380121147,0.41,4.466,0.2396125
0.95,2,40,"Conger","anscombe_chance","Anscombe Poisson variance-stabilizing interval",500,500,0.564,0.166,0.27,0.10710444587894,0.0938407369840315,0.946776037005359,-0.00322396299464067,0.166,8.382,0.24537875
0.95,2,40,"Conger","anscombe_plug","Anscombe Poisson variance-stabilizing interval",500,500,0.446,0.242,0.312,0.0652361539697386,0.0620791942155526,0.946776037005359,-0.00322396299464067,0.166,8.382,0.24537875
0.95,2,40,"Conger","delta2_fisher","Moss 2024 Fisher transform; second-order delta variance",500,500,0.76,0.022,0.218,0.228162176326633,0.197214599471192,0.946776037005359,-0.00322396299464067,0.166,8.382,0.24537875
0.95,2,40,"Conger","garwood_chance","Garwood exact Poisson count interval",500,500,0.628,0.162,0.21,0.115462314501098,0.102084245449073,0.946776037005359,-0.00322396299464067,0.166,8.382,0.24537875
0.95,2,40,"Conger","garwood_plug","Garwood exact Poisson count interval",500,500,0.47,0.232,0.298,0.0716839307180962,0.0685269148813284,0.946776037005359,-0.00322396299464067,0.166,8.382,0.24537875
0.95,2,40,"Conger","jeffreys_chance","Jeffreys Poisson count interval",500,500,0.564,0.166,0.27,0.107205612603896,0.0939853929593961,0.946776037005359,-0.00322396299464067,0.166,8.382,0.24537875
0.95,2,40,"Conger","jeffreys_plug","Jeffreys Poisson count interval",500,500,0.444,0.244,0.312,0.0650505322673945,0.0618798663315268,0.946776037005359,-0.00322396299464067,0.166,8.382,0.24537875
0.95,2,40,"Conger","moss_fisher","Moss 2024 Fisher transform",500,500,0.734,0.026,0.24,0.219165702521509,0.183865668042944,0.946776037005359,-0.00322396299464067,0.166,8.382,0.24537875
0.95,5,10,"Conger","anscombe_chance","Anscombe Poisson variance-stabilizing interval",500,500,0.466,0.204,0.33,0.338429493215358,0.138885321930899,0.938449894768051,-0.0115501052319491,0.334,20.472,0.22801075
0.95,5,10,"Conger","anscombe_plug","Anscombe Poisson variance-stabilizing interval",500,500,0.178,0.294,0.528,0.0422708319519544,0.0318537767960076,0.938449894768051,-0.0115501052319491,0.334,20.472,0.22801075
0.95,5,10,"Conger","delta2_fisher","Moss 2024 Fisher transform; second-order delta variance",500,500,0.624,0.042,0.334,0.37793148627797,0.270222754385823,0.938449894768051,-0.0115501052319491,0.334,20.472,0.22801075
0.95,5,10,"Conger","garwood_chance","Garwood exact Poisson count interval",500,500,0.504,0.204,0.292,0.350264824486863,0.148421712777531,0.938449894768051,-0.0115501052319491,0.334,20.472,0.22801075
0.95,5,10,"Conger","garwood_plug","Garwood exact Poisson count interval",500,500,0.192,0.292,0.516,0.0454062297385401,0.0353337397862931,0.938449894768051,-0.0115501052319491,0.334,20.472,0.22801075
0.95,5,10,"Conger","jeffreys_chance","Jeffreys Poisson count interval",500,500,0.464,0.206,0.33,0.338745213636132,0.139161211064187,0.938449894768051,-0.0115501052319491,0.334,20.472,0.22801075
0.95,5,10,"Conger","jeffreys_plug","Jeffreys Poisson count interval",500,500,0.176,0.296,0.528,0.0421999039299675,0.0317603404913913,0.938449894768051,-0.0115501052319491,0.334,20.472,0.22801075
0.95,5,10,"Conger","moss_fisher","Moss 2024 Fisher transform",500,500,0.604,0.058,0.338,0.290402574988117,0.142205601355375,0.938449894768051,-0.0115501052319491,0.334,20.472,0.22801075
0.95,5,20,"Conger","anscombe_chance","Anscombe Poisson variance-stabilizing interval",500,500,0.49,0.236,0.274,0.0951266620890558,0.0781809082980092,0.944075232083774,-0.00592476791622587,0.128,42.136,0.238050625
0.95,5,20,"Conger","anscombe_plug","Anscombe Poisson variance-stabilizing interval",500,500,0.244,0.342,0.414,0.0300605761637837,0.0297306825327053,0.944075232083774,-0.00592476791622587,0.128,42.136,0.238050625
0.95,5,20,"Conger","delta2_fisher","Moss 2024 Fisher transform; second-order delta variance",500,500,0.798,0.024,0.178,0.25271638810392,0.247002517776275,0.944075232083774,-0.00592476791622587,0.128,42.136,0.238050625
0.95,5,20,"Conger","garwood_chance","Garwood exact Poisson count interval",500,500,0.494,0.236,0.27,0.097193133812574,0.0804971970793292,0.944075232083774,-0.00592476791622587,0.128,42.136,0.238050625
0.95,5,20,"Conger","garwood_plug","Garwood exact Poisson count interval",500,500,0.248,0.342,0.41,0.0314235956623376,0.0311692626882011,0.944075232083774,-0.00592476791622587,0.128,42.136,0.238050625
0.95,5,20,"Conger","jeffreys_chance","Jeffreys Poisson count interval",500,500,0.492,0.236,0.272,0.0952271299196163,0.078290558344049,0.944075232083774,-0.00592476791622587,0.128,42.136,0.238050625
0.95,5,20,"Conger","jeffreys_plug","Jeffreys Poisson count interval",500,500,0.244,0.342,0.414,0.0300348960405268,0.0296988764805803,0.944075232083774,-0.00592476791622587,0.128,42.136,0.238050625
0.95,5,20,"Conger","moss_fisher","Moss 2024 Fisher transform",500,500,0.77,0.03,0.2,0.230415381222988,0.219648271256036,0.944075232083774,-0.00592476791622587,0.128,42.136,0.238050625
0.95,5,40,"Conger","anscombe_chance","Anscombe Poisson variance-stabilizing interval",500,500,0.506,0.228,0.266,0.053895675394457,0.0500734694050035,0.94871442639333,-0.00128557360666959,0.02,79.972,0.2463230625
0.95,5,40,"Conger","anscombe_plug","Anscombe Poisson variance-stabilizing interval",500,500,0.25,0.352,0.398,0.0211583523034916,0.0212072242075462,0.94871442639333,-0.00128557360666959,0.02,79.972,0.2463230625
0.95,5,40,"Conger","delta2_fisher","Moss 2024 Fisher transform; second-order delta variance",500,500,0.876,0.024,0.1,0.15602497484723,0.157346094735394,0.94871442639333,-0.00128557360666959,0.02,79.972,0.2463230625
0.95,5,40,"Conger","garwood_chance","Garwood exact Poisson count interval",500,500,0.506,0.228,0.266,0.0546633115494158,0.050820448599911,0.94871442639333,-0.00128557360666959,0.02,79.972,0.2463230625
0.95,5,40,"Conger","garwood_plug","Garwood exact Poisson count interval",500,500,0.26,0.35,0.39,0.0217982212147752,0.0218342094695879,0.94871442639333,-0.00128557360666959,0.02,79.972,0.2463230625
0.95,5,40,"Conger","jeffreys_chance","Jeffreys Poisson count interval",500,500,0.506,0.228,0.266,0.0539276098045024,0.0501065209251689,0.94871442639333,-0.00128557360666959,0.02,79.972,0.2463230625
0.95,5,40,"Conger","jeffreys_plug","Jeffreys Poisson count interval",500,500,0.252,0.352,0.396,0.0211494839139364,0.0212006060272404,0.94871442639333,-0.00128557360666959,0.02,79.972,0.2463230625
0.95,5,40,"Conger","moss_fisher","Moss 2024 Fisher transform",500,500,0.876,0.024,0.1,0.150565896519225,0.151357244228365,0.94871442639333,-0.00128557360666959,0.02,79.972,0.2463230625
0.95,2,10,"Fleiss","anscombe_chance","Anscombe Poisson variance-stabilizing interval",500,500,0.86,0.136,0.004,0.553593142109997,0.296452833669123,0.938719521330695,-0.011280478669305,0.664,2.13,0.227689375
0.95,2,10,"Fleiss","anscombe_plug","Anscombe Poisson variance-stabilizing interval",500,500,0.784,0.148,0.068,0.14506480844722,0.0880414105646652,0.938719521330695,-0.011280478669305,0.664,2.13,0.227689375
0.95,2,10,"Fleiss","delta2_fisher","Moss 2024 Fisher transform; second-order delta variance",500,500,0.31,0.026,0.664,0.308757453326886,0,0.938719521330695,-0.011280478669305,0.664,2.13,0.227689375
0.95,2,10,"Fleiss","garwood_chance","Garwood exact Poisson count interval",500,500,0.868,0.132,0,0.646993288819226,0.421410334287753,0.938719521330695,-0.011280478669305,0.664,2.13,0.227689375
0.95,2,10,"Fleiss","garwood_plug","Garwood exact Poisson count interval",500,500,0.856,0.142,0.002,0.178792516269229,0.123787901144763,0.938719521330695,-0.011280478669305,0.664,2.13,0.227689375
0.95,2,10,"Fleiss","jeffreys_chance","Jeffreys Poisson count interval",500,500,0.86,0.136,0.004,0.552731954311801,0.294331840724905,0.938719521330695,-0.011280478669305,0.664,2.13,0.227689375
0.95,2,10,"Fleiss","jeffreys_plug","Jeffreys Poisson count interval",500,500,0.772,0.16,0.068,0.144241771269811,0.087203196496488,0.938719521330695,-0.011280478669305,0.664,2.13,0.227689375
0.95,2,10,"Fleiss","moss_fisher","Moss 2024 Fisher transform",500,500,0.3,0.036,0.664,0.263924804240649,0,0.938719521330695,-0.011280478669305,0.664,2.13,0.227689375
0.95,2,20,"Fleiss","anscombe_chance","Anscombe Poisson variance-stabilizing interval",500,500,0.722,0.16,0.118,0.195658653242332,0.119995438633874,0.940712075831742,-0.00928792416825763,0.41,4.466,0.23926171875
0.95,2,20,"Fleiss","anscombe_plug","Anscombe Poisson variance-stabilizing interval",500,500,0.358,0.236,0.406,0.0938891694599446,0.0648540688729793,0.940712075831742,-0.00928792416825763,0.41,4.466,0.23926171875
0.95,2,20,"Fleiss","delta2_fisher","Moss 2024 Fisher transform; second-order delta variance",500,500,0.568,0.022,0.41,0.296591294353302,0.121435599767736,0.940712075831742,-0.00928792416825763,0.41,4.466,0.23926171875
0.95,2,20,"Fleiss","garwood_chance","Garwood exact Poisson count interval",500,500,0.842,0.146,0.012,0.21975770206623,0.146972777461973,0.940712075831742,-0.00928792416825763,0.41,4.466,0.23926171875
0.95,2,20,"Fleiss","garwood_plug","Garwood exact Poisson count interval",500,500,0.548,0.226,0.226,0.107989962079112,0.0785883120748569,0.940712075831742,-0.00928792416825763,0.41,4.466,0.23926171875
0.95,2,20,"Fleiss","jeffreys_chance","Jeffreys Poisson count interval",500,500,0.716,0.16,0.124,0.195854144942396,0.119767345654797,0.940712075831742,-0.00928792416825763,0.41,4.466,0.23926171875
0.95,2,20,"Fleiss","jeffreys_plug","Jeffreys Poisson count interval",500,500,0.35,0.246,0.404,0.0935089241262135,0.0644277001942038,0.940712075831742,-0.00928792416825763,0.41,4.466,0.23926171875
0.95,2,20,"Fleiss","moss_fisher","Moss 2024 Fisher transform",500,500,0.55,0.04,0.41,0.272319265932938,0.105612319326799,0.940712075831742,-0.00928792416825763,0.41,4.466,0.23926171875
0.95,2,40,"Fleiss","anscombe_chance","Anscombe Poisson variance-stabilizing interval",500,500,0.564,0.166,0.27,0.107203623000824,0.0938967074759228,0.946700296245124,-0.00329970375487576,0.166,8.382,0.2452061328125
0.95,2,40,"Fleiss","anscombe_plug","Anscombe Poisson variance-stabilizing interval",500,500,0.444,0.244,0.312,0.0653073894276755,0.0620989424907063,0.946700296245124,-0.00329970375487576,0.166,8.382,0.2452061328125
0.95,2,40,"Fleiss","delta2_fisher","Moss 2024 Fisher transform; second-order delta variance",500,500,0.762,0.022,0.216,0.229373519157503,0.197685652033942,0.946700296245124,-0.00329970375487576,0.166,8.382,0.2452061328125
0.95,2,40,"Fleiss","garwood_chance","Garwood exact Poisson count interval",500,500,0.626,0.164,0.21,0.11556694463722,0.102152014048762,0.946700296245124,-0.00329970375487576,0.166,8.382,0.2452061328125
0.95,2,40,"Fleiss","garwood_plug","Garwood exact Poisson count interval",500,500,0.47,0.232,0.298,0.0717596259984065,0.0685525806516875,0.946700296245124,-0.00329970375487576,0.166,8.382,0.2452061328125
0.95,2,40,"Fleiss","jeffreys_chance","Jeffreys Poisson count interval",500,500,0.564,0.166,0.27,0.10730491208306,0.0940416491397614,0.946700296245124,-0.00329970375487576,0.166,8.382,0.2452061328125
0.95,2,40,"Fleiss","jeffreys_plug","Jeffreys Poisson count interval",500,500,0.444,0.244,0.312,0.0651216547940218,0.0619004923832802,0.946700296245124,-0.00329970375487576,0.166,8.382,0.2452061328125
0.95,2,40,"Fleiss","moss_fisher","Moss 2024 Fisher transform",500,500,0.736,0.024,0.24,0.220143441847048,0.18415254008522,0.946700296245124,-0.00329970375487576,0.166,8.382,0.2452061328125
0.95,5,10,"Fleiss","anscombe_chance","Anscombe Poisson variance-stabilizing interval",500,500,0.464,0.206,0.33,0.337886688496132,0.139006092396022,0.938222577695546,-0.0117774223044538,0.334,20.472,0.2277568
0.95,5,10,"Fleiss","anscombe_plug","Anscombe Poisson variance-stabilizing interval",500,500,0.178,0.294,0.528,0.0423863575453274,0.0318671661985896,0.938222577695546,-0.0117774223044538,0.334,20.472,0.2277568
0.95,5,10,"Fleiss","delta2_fisher","Moss 2024 Fisher transform; second-order delta variance",500,500,0.624,0.042,0.334,0.382249600773221,0.271591729020975,0.938222577695546,-0.0117774223044538,0.334,20.472,0.2277568
0.95,5,10,"Fleiss","garwood_chance","Garwood exact Poisson count interval",500,500,0.504,0.204,0.292,0.349739957092296,0.148867336966394,0.938222577695546,-0.0117774223044538,0.334,20.472,0.2277568
0.95,5,10,"Fleiss","garwood_plug","Garwood exact Poisson count interval",500,500,0.192,0.292,0.516,0.045525849667945,0.0353510200059627,0.938222577695546,-0.0117774223044538,0.334,20.472,0.2277568
0.95,5,10,"Fleiss","jeffreys_chance","Jeffreys Poisson count interval",500,500,0.464,0.206,0.33,0.338202987137941,0.139336397630863,0.938222577695546,-0.0117774223044538,0.334,20.472,0.2277568
0.95,5,10,"Fleiss","jeffreys_plug","Jeffreys Poisson count interval",500,500,0.176,0.296,0.528,0.0423153655837295,0.0317744182763099,0.938222577695546,-0.0117774223044538,0.334,20.472,0.2277568
0.95,5,10,"Fleiss","moss_fisher","Moss 2024 Fisher transform",500,500,0.606,0.056,0.338,0.293140696676502,0.142465849452592,0.938222577695546,-0.0117774223044538,0.334,20.472,0.2277568
0.95,5,20,"Fleiss","anscombe_chance","Anscombe Poisson variance-stabilizing interval",500,500,0.49,0.236,0.274,0.0951456782405858,0.0782808329746107,0.944014258428009,-0.00598574157199061,0.128,42.136,0.2379146
0.95,5,20,"Fleiss","anscombe_plug","Anscombe Poisson variance-stabilizing interval",500,500,0.244,0.342,0.414,0.0300870113664172,0.0297418734726036,0.944014258428009,-0.00598574157199061,0.128,42.136,0.2379146
0.95,5,20,"Fleiss","delta2_fisher","Moss 2024 Fisher transform; second-order delta variance",500,500,0.798,0.024,0.178,0.253727019470197,0.247717148153883,0.944014258428009,-0.00598574157199061,0.128,42.136,0.2379146
0.95,5,20,"Fleiss","garwood_chance","Garwood exact Poisson count interval",500,500,0.494,0.236,0.27,0.0972131153969296,0.0805091017788393,0.944014258428009,-0.00598574157199061,0.128,42.136,0.2379146
0.95,5,20,"Fleiss","garwood_plug","Garwood exact Poisson count interval",500,500,0.248,0.342,0.41,0.0314508224365789,0.0311843735730587,0.944014258428009,-0.00598574157199061,0.128,42.136,0.2379146
0.95,5,20,"Fleiss","jeffreys_chance","Jeffreys Poisson count interval",500,500,0.492,0.236,0.272,0.0952461875377048,0.0783896623583447,0.944014258428009,-0.00598574157199061,0.128,42.136,0.2379146
0.95,5,20,"Fleiss","jeffreys_plug","Jeffreys Poisson count interval",500,500,0.244,0.342,0.414,0.0300613209914205,0.0297100563383204,0.944014258428009,-0.00598574157199061,0.128,42.136,0.2379146
0.95,5,20,"Fleiss","moss_fisher","Moss 2024 Fisher transform",500,500,0.77,0.03,0.2,0.231185846394493,0.22021077698945,0.944014258428009,-0.00598574157199061,0.128,42.136,0.2379146
0.95,5,40,"Fleiss","anscombe_chance","Anscombe Poisson variance-stabilizing interval",500,500,0.506,0.228,0.266,0.0539107591545039,0.0501052386780398,0.948696102691942,-0.0013038973080578,0.02,79.972,0.2462611875
0.95,5,40,"Fleiss","anscombe_plug","Anscombe Poisson variance-stabilizing interval",500,500,0.25,0.352,0.398,0.0211649922200463,0.0212113218224945,0.948696102691942,-0.0013038973080578,0.02,79.972,0.2462611875
0.95,5,40,"Fleiss","delta2_fisher","Moss 2024 Fisher transform; second-order delta variance",500,500,0.876,0.024,0.1,0.15622089040706,0.157499866408839,0.948696102691942,-0.0013038973080578,0.02,79.972,0.2462611875
0.95,5,40,"Fleiss","garwood_chance","Garwood exact Poisson count interval",500,500,0.506,0.228,0.266,0.0546785901942353,0.0508525696889676,0.948696102691942,-0.0013038973080578,0.02,79.972,0.2462611875
0.95,5,40,"Fleiss","garwood_plug","Garwood exact Poisson count interval",500,500,0.26,0.35,0.39,0.0218050253620362,0.0218374528551777,0.948696102691942,-0.0013038973080578,0.02,79.972,0.2462611875
0.95,5,40,"Fleiss","jeffreys_chance","Jeffreys Poisson count interval",500,500,0.504,0.23,0.266,0.0539427025842262,0.050138323943664,0.948696102691942,-0.0013038973080578,0.02,79.972,0.2462611875
0.95,5,40,"Fleiss","jeffreys_plug","Jeffreys Poisson count interval",500,500,0.252,0.352,0.396,0.0211561221128474,0.0212047023017529,0.948696102691942,-0.0013038973080578,0.02,79.972,0.2462611875
0.95,5,40,"Fleiss","moss_fisher","Moss 2024 Fisher transform",500,500,0.876,0.024,0.1,0.150737164291967,0.151476933542106,0.948696102691942,-0.0013038973080578,0.02,79.972,0.2462611875
